NSE Symbol,BSE Code,Industry,Sector,FY,FY_End,net_income,equity,roe,CG_Filing_Date
360ONE,542772,Asset Management,Financial Services,FY23,2023-03-31,6579300000.0,31219500000.0,0.21074328544659587,2022-10-17
360ONE,542772,Asset Management,Financial Services,FY24,2024-03-31,8042100000.0,34497300000.0,0.23312259220286805,2023-10-11
360ONE,542772,Asset Management,Financial Services,FY25,2025-03-31,10153000000.0,70647100000.0,0.1437143208992301,2024-10-19
3MINDIA,523395,Conglomerates,Industrials,FY23,2023-03-31,4510192000.0,16774704000.0,0.268868648889423,2022-10-21
3MINDIA,523395,Conglomerates,Industrials,FY24,2024-03-31,5834168000.0,21469034000.0,0.2717480441830778,2023-10-19
3MINDIA,523395,Conglomerates,Industrials,FY25,2025-03-31,4760674000.0,18464969000.0,0.25782193298022865,2024-10-19
ABB,500002,Specialty Industrial Machinery,Industrials,FY23,2023-03-31,10162300000.0,49394100000.0,0.20573914698314172,2022-10-19
ABB,500002,Specialty Industrial Machinery,Industrials,FY24,2024-03-31,12420500000.0,59446000000.0,0.20893752313023584,2023-10-18
ABB,500002,Specialty Industrial Machinery,Industrials,FY25,2025-03-31,18716400000.0,70754000000.0,0.2645278005483789,2024-10-19
ACC,500410,Building Materials,Basic Materials,FY23,2023-03-31,6494400000.0,138860400000.0,0.04676927331334203,2022-10-13
ACC,500410,Building Materials,Basic Materials,FY24,2024-03-31,23349200000.0,163282200000.0,0.14299905317297293,2023-10-17
ACC,500410,Building Materials,Basic Materials,FY25,2025-03-31,24021200000.0,185548400000.0,0.12946056123361882,2024-10-18
ADANIGREEN,541450,Utilities - Renewable,Utilities,FY23,2023-03-31,9740000000.0,73040000000.0,0.1333515881708653,2023-04-21
ADANIGREEN,541450,Utilities - Renewable,Utilities,FY24,2024-03-31,11000000000.0,106420000000.0,0.10336402931779741,2023-10-21
ADANIGREEN,541450,Utilities - Renewable,Utilities,FY25,2025-03-31,14440000000.0,121370000000.0,0.1189750350168905,2024-10-19
ADANIPOWER,533096,Utilities - Independent Power Producers,Utilities,FY23,2023-03-31,107266400000.0,298756600000.0,0.35904277930596346,2022-10-20
ADANIPOWER,533096,Utilities - Independent Power Producers,Utilities,FY24,2024-03-31,208287900000.0,431450300000.0,0.48276220922780677,2023-10-20
ADANIPOWER,533096,Utilities - Independent Power Producers,Utilities,FY25,2025-03-31,129387700000.0,563470900000.0,0.22962623269453666,2024-10-17
ABSLAMC,543374,Asset Management,Financial Services,FY23,2023-03-31,5963800000.0,25169900000.0,0.23694174390839853,2022-10-18
ABSLAMC,543374,Asset Management,Financial Services,FY24,2024-03-31,7803600000.0,31688800000.0,0.2462573527555477,2023-10-11
ABSLAMC,543374,Asset Management,Financial Services,FY25,2025-03-31,9306000000.0,37268700000.0,0.24970015052845954,2024-10-14
AFFLE,542752,Advertising Agencies,Communication Services,FY23,2023-03-31,2445890000.0,14650510000.0,0.1669491369242436,2022-10-18
AFFLE,542752,Advertising Agencies,Communication Services,FY24,2024-03-31,2972690000.0,24980400000.0,0.11900089670301517,2023-10-06
AFFLE,542752,Advertising Agencies,Communication Services,FY25,2025-03-31,3818690000.0,29464570000.0,0.12960277377202517,2024-10-14
AIAENG,532683,Specialty Industrial Machinery,Industrials,FY23,2023-03-31,10559289000.0,56913260000.0,0.18553301989729634,2022-10-17
AIAENG,532683,Specialty Industrial Machinery,Industrials,FY24,2024-03-31,11355733000.0,66577419000.0,0.1705643320297532,2023-10-16
AIAENG,532683,Specialty Industrial Machinery,Industrials,FY25,2025-03-31,10607360000.0,69269984000.0,0.15313068355840823,2024-10-17
ALKEM,539523,Drug Manufacturers - Specialty & Generic,Healthcare,FY23,2023-03-31,9841700000.0,90452900000.0,0.10880469282908563,2022-10-19
ALKEM,539523,Drug Manufacturers - Specialty & Generic,Healthcare,FY24,2024-03-31,17957700000.0,103120600000.0,0.1741427028159262,2023-10-18
ALKEM,539523,Drug Manufacturers - Specialty & Generic,Healthcare,FY25,2025-03-31,21654800000.0,119848700000.0,0.18068447968146506,2024-10-16
AMBER,540902,"Furnishings, Fixtures & Appliances",Consumer Cyclical,FY23,2023-03-31,1572036000.0,19087737000.0,0.08235842729811292,2022-10-11
AMBER,540902,"Furnishings, Fixtures & Appliances",Consumer Cyclical,FY24,2024-03-31,1328805000.0,20643576000.0,0.06436893491708995,2023-10-12
AMBER,540902,"Furnishings, Fixtures & Appliances",Consumer Cyclical,FY25,2025-03-31,2435580000.0,22857934000.0,0.10655293693647029,2024-10-18
AMBUJACEM,500425,Building Materials,Basic Materials,FY24,2024-03-31,35734000000.0,414516800000.0,0.08620639742466409,2023-10-17
AMBUJACEM,500425,Building Materials,Basic Materials,FY25,2025-03-31,41674300000.0,534432500000.0,0.07797860347190712,2024-10-18
ANANTRAJ,515055,Real Estate - Development,Real Estate,FY23,2023-03-31,1511163000.0,28250797000.0,0.05349098646668269,2022-10-21
ANANTRAJ,515055,Real Estate - Development,Real Estate,FY24,2024-03-31,2659262000.0,36563565000.0,0.07272983364723871,2023-10-21
ANANTRAJ,515055,Real Estate - Development,Real Estate,FY25,2025-03-31,4258186000.0,41607857000.0,0.1023409112370291,2024-10-21
APARINDS,532259,Electrical Equipment & Parts,Industrials,FY23,2023-03-31,6377200000.0,22363900000.0,0.2851559879985155,2022-10-18
APARINDS,532259,Electrical Equipment & Parts,Industrials,FY24,2024-03-31,8251100000.0,38764300000.0,0.21285306325665626,2023-10-20
APARINDS,532259,Electrical Equipment & Parts,Industrials,FY25,2025-03-31,8213000000.0,45035400000.0,0.18236764856090987,2024-10-19
APOLLOHOSP,508869,Medical Care Facilities,Healthcare,FY23,2023-03-31,8191000000.0,61974000000.0,0.13216832865395164,2022-10-20
APOLLOHOSP,508869,Medical Care Facilities,Healthcare,FY24,2024-03-31,8986000000.0,69354000000.0,0.12956714825388585,2023-10-18
APOLLOHOSP,508869,Medical Care Facilities,Healthcare,FY25,2025-03-31,14459000000.0,82123000000.0,0.17606517053687762,2024-10-17
ASTRAL,532830,Building Products & Equipment,Industrials,FY23,2023-03-31,4566000000.0,27112000000.0,0.168412511065211,2022-10-19
ASTRAL,532830,Building Products & Equipment,Industrials,FY24,2024-03-31,5461000000.0,31881000000.0,0.17129324676139393,2023-10-20
ASTRAL,532830,Building Products & Equipment,Industrials,FY25,2025-03-31,5238000000.0,36170000000.0,0.14481614597732928,2024-10-14
ASTRAZEN,506820,Drug Manufacturers - Specialty & Generic,Healthcare,FY23,2023-03-31,992900000.0,5886900000.0,0.16866262379180894,2022-10-18
ASTRAZEN,506820,Drug Manufacturers - Specialty & Generic,Healthcare,FY24,2024-03-31,1615100000.0,7119200000.0,0.22686537813237442,2023-10-19
ASTRAZEN,506820,Drug Manufacturers - Specialty & Generic,Healthcare,FY25,2025-03-31,1157400000.0,7703500000.0,0.15024339585902513,2024-10-15
ATUL,500027,Specialty Chemicals,Basic Materials,FY23,2023-03-31,5140900000.0,46713800000.0,0.11005099135587343,2022-10-12
ATUL,500027,Specialty Chemicals,Basic Materials,FY24,2024-03-31,3230200000.0,51143400000.0,0.06315966478568105,2023-10-12
ATUL,500027,Specialty Chemicals,Basic Materials,FY25,2025-03-31,4839300000.0,55985500000.0,0.08643845281367497,2024-10-10
AUBANK,540611,Banks - Regional,Financial Services,FY23,2023-03-31,14279253000.0,109773437000.0,0.13007931053484278,2022-10-13
AUBANK,540611,Banks - Regional,Financial Services,FY24,2024-03-31,15347190000.0,125595315000.0,0.12219556119589334,2023-10-16
AUBANK,540611,Banks - Regional,Financial Services,FY25,2025-03-31,21059266000.0,171662817000.0,0.1226780870082075,2024-10-17
AUROPHARMA,524804,Drug Manufacturers - Specialty & Generic,Healthcare,FY23,2023-03-31,19275000000.0,268398500000.0,0.07181485738556662,2022-10-21
AUROPHARMA,524804,Drug Manufacturers - Specialty & Generic,Healthcare,FY24,2024-03-31,31729700000.0,298428000000.0,0.1063227981288619,2023-10-11
AUROPHARMA,524804,Drug Manufacturers - Specialty & Generic,Healthcare,FY25,2025-03-31,34858800000.0,326533200000.0,0.10675422897273538,2024-10-15
DMART,540376,Discount Stores,Consumer Defensive,FY23,2023-03-31,23785100000.0,160787000000.0,0.1479292480113442,2022-10-13
DMART,540376,Discount Stores,Consumer Defensive,FY24,2024-03-31,25361700000.0,186978200000.0,0.1356398767342931,2023-10-12
DMART,540376,Discount Stores,Consumer Defensive,FY25,2025-03-31,27080200000.0,214277500000.0,0.12637911119926265,2024-10-11
ADANIENT,512599,Thermal Coal,Energy,FY23,2023-03-31,24639800000.0,330510100000.0,0.07455082310646483,2022-10-21
ADANIENT,512599,Thermal Coal,Energy,FY24,2024-03-31,32407800000.0,390760900000.0,0.08293511454191041,2023-10-21
ADANIENT,512599,Thermal Coal,Energy,FY25,2025-03-31,70990000000.0,503139700000.0,0.14109401424693777,2024-10-21
ATGL,542066,Utilities - Regulated Gas,Utilities,FY23,2023-03-31,5464900000.0,29409600000.0,0.185820276372341,2022-10-21
ATGL,542066,Utilities - Regulated Gas,Utilities,FY24,2024-03-31,6675000000.0,35803200000.0,0.18643584930955892,2023-10-21
ATGL,542066,Utilities - Regulated Gas,Utilities,FY25,2025-03-31,6544100000.0,42070500000.0,0.15555080163059626,2024-10-19
ABREL,500040,Real Estate Services,Real Estate,FY23,2023-03-31,2718800000.0,38868400000.0,0.06994885305286556,2022-10-18
ABREL,500040,Real Estate Services,Real Estate,FY24,2024-03-31,505300000.0,39791400000.0,0.012698723844850898,2023-10-12
ABREL,500040,Real Estate Services,Real Estate,FY25,2025-03-31,-1612800000.0,38402600000.0,-0.04199715644253254,2024-10-18
AJANTPHARM,532331,Drug Manufacturers - Specialty & Generic,Healthcare,FY23,2023-03-31,5879800000.0,33879900000.0,0.17354832806472273,2022-10-04
AJANTPHARM,532331,Drug Manufacturers - Specialty & Generic,Healthcare,FY24,2024-03-31,8161700000.0,35673700000.0,0.22878759422207395,2023-10-11
AJANTPHARM,532331,Drug Manufacturers - Specialty & Generic,Healthcare,FY25,2025-03-31,9203900000.0,37902900000.0,0.24282838516314056,2024-10-09
AKZOINDIA,500710,Specialty Chemicals,Basic Materials,FY23,2023-03-31,3351000000.0,13163000000.0,0.2545772240370736,2022-10-20
AKZOINDIA,500710,Specialty Chemicals,Basic Materials,FY24,2024-03-31,4266000000.0,13299000000.0,0.320775998195353,2023-10-18
AKZOINDIA,500710,Specialty Chemicals,Basic Materials,FY25,2025-03-31,4295000000.0,13302000000.0,0.3228837768756578,2024-10-18
APLLTD,533573,Drug Manufacturers - Specialty & Generic,Healthcare,FY23,2023-03-31,3419900000.0,43704600000.0,0.07825034435734454,2022-10-12
APLLTD,533573,Drug Manufacturers - Specialty & Generic,Healthcare,FY24,2024-03-31,6158200000.0,48182000000.0,0.1278112158067328,2023-10-10
APLLTD,533573,Drug Manufacturers - Specialty & Generic,Healthcare,FY25,2025-03-31,5834200000.0,51909400000.0,0.11239197524918415,2024-10-17
ARE&M,500008,Electrical Equipment & Parts,Industrials,FY23,2023-03-31,7308300000.0,60070400000.0,0.1216622496271042,2022-10-15
ARE&M,500008,Electrical Equipment & Parts,Industrials,FY24,2024-03-31,9343800000.0,67987300000.0,0.137434491441784,2023-10-17
ARE&M,500008,Electrical Equipment & Parts,Industrials,FY25,2025-03-31,9446700000.0,73891300000.0,0.12784590337428087,2024-10-11
ANANDRATHI,543415,Asset Management,Financial Services,FY23,2023-03-31,1684067000.0,4682319000.0,0.3596651573718066,2022-10-19
ANANDRATHI,543415,Asset Management,Financial Services,FY24,2024-03-31,2249744000.0,6488540000.0,0.3467257657346645,2023-10-19
ANANDRATHI,543415,Asset Management,Financial Services,FY25,2025-03-31,2998253000.0,6739751000.0,0.44486109353298064,2024-10-16
ANGELONE,543235,Capital Markets,Financial Services,FY23,2023-03-31,8899540000.0,21615580000.0,0.41171876951717234,2022-10-14
ANGELONE,543235,Capital Markets,Financial Services,FY24,2024-03-31,11255280000.0,30386030000.0,0.37040969155891706,2023-10-11
ANGELONE,543235,Capital Markets,Financial Services,FY25,2025-03-31,11720810000.0,56213980000.0,0.20850347191214713,2024-10-13
APOLLOTYRE,500877,Auto Parts,Consumer Cyclical,FY23,2023-03-31,10458440000.0,125781990000.0,0.08314735678772454,2022-10-21
APOLLOTYRE,500877,Auto Parts,Consumer Cyclical,FY24,2024-03-31,17218660000.0,139021850000.0,0.12385578238240967,2023-10-19
APOLLOTYRE,500877,Auto Parts,Consumer Cyclical,FY25,2025-03-31,11213200000.0,147656990000.0,0.07594086808894046,2024-10-17
ASTERDM,540975,Medical Care Facilities,Healthcare,FY23,2023-03-31,4249100000.0,44480700000.0,0.09552682399332744,2022-10-13
ASTERDM,540975,Medical Care Facilities,Healthcare,FY24,2024-03-31,1292800000.0,45597900000.0,0.028352182885615345,2023-10-17
ASTERDM,540975,Medical Care Facilities,Healthcare,FY25,2025-03-31,53778300000.0,34280700000.0,1.5687631816153111,2024-10-21
AIIL,539177,Capital Markets,Financial Services,FY23,2023-03-31,43040300000.0,34164200000.0,1.2598070494845481,2023-01-14
AIIL,539177,Capital Markets,Financial Services,FY24,2024-03-31,42848300000.0,103451000000.0,0.41418932634773953,2023-10-21
AIIL,539177,Capital Markets,Financial Services,FY25,2025-03-31,42414100000.0,146893400000.0,0.28874067861455993,2024-10-18
BAJFINANCE,500034,Credit Services,Financial Services,FY23,2023-03-31,115076900000.0,543719800000.0,0.21164743310800893,2022-10-19
BAJFINANCE,500034,Credit Services,Financial Services,FY24,2024-03-31,144511700000.0,766953500000.0,0.18842302695013452,2023-10-17
BAJFINANCE,500034,Credit Services,Financial Services,FY25,2025-03-31,166378200000.0,966928700000.0,0.1720687368158583,2024-10-19
BASF,500042,Specialty Chemicals,Basic Materials,FY23,2023-03-31,4028900000.0,27011800000.0,0.14915333298780534,2022-10-10
BASF,500042,Specialty Chemicals,Basic Materials,FY24,2024-03-31,5632700000.0,32235000000.0,0.17473863812626028,2023-10-14
BASF,500042,Specialty Chemicals,Basic Materials,FY25,2025-03-31,4790600000.0,36342800000.0,0.13181703115885401,2024-10-17
BATAINDIA,500043,Footwear & Accessories,Consumer Cyclical,FY23,2023-03-31,3230040000.0,14382100000.0,0.22458750808296424,2022-10-18
BATAINDIA,500043,Footwear & Accessories,Consumer Cyclical,FY24,2024-03-31,2625110000.0,15268930000.0,0.17192494824457247,2023-10-16
BATAINDIA,500043,Footwear & Accessories,Consumer Cyclical,FY25,2025-03-31,3306560000.0,15749630000.0,0.20994524950744875,2024-10-18
BAYERCROP,506285,Agricultural Inputs,Basic Materials,FY23,2023-03-31,7582000000.0,27121000000.0,0.27956196305445963,2022-10-17
BAYERCROP,506285,Agricultural Inputs,Basic Materials,FY24,2024-03-31,7405000000.0,28494000000.0,0.25987927282936757,2023-10-19
BAYERCROP,506285,Agricultural Inputs,Basic Materials,FY25,2025-03-31,5680000000.0,28504000000.0,0.19927027785573956,2024-10-15
BHARATFORG,500493,Auto Parts,Consumer Cyclical,FY23,2023-03-31,5283640000.0,67055260000.0,0.07879531001743935,2022-10-18
BHARATFORG,500493,Auto Parts,Consumer Cyclical,FY24,2024-03-31,9511280000.0,71701840000.0,0.13265043128600326,2023-10-20
BHARATFORG,500493,Auto Parts,Consumer Cyclical,FY25,2025-03-31,9411530000.0,92533340000.0,0.10170961082783783,2024-10-21
BIKAJI,543653,Packaged Foods,Consumer Defensive,FY23,2023-03-31,1371670000.0,9556302000.0,0.1435356479943811,2023-04-14
BIKAJI,543653,Packaged Foods,Consumer Defensive,FY24,2024-03-31,2656996000.0,12183537000.0,0.21808084138456674,2023-10-10
BIKAJI,543653,Packaged Foods,Consumer Defensive,FY25,2025-03-31,2008451000.0,13831891000.0,0.145204368657908,2024-10-09
BOSCHLTD,500530,Auto Parts,Consumer Cyclical,FY23,2023-03-31,14255000000.0,110051000000.0,0.1295308538768389,2022-10-20
BOSCHLTD,500530,Auto Parts,Consumer Cyclical,FY24,2024-03-31,24913000000.0,120569000000.0,0.20662856953279865,2023-10-20
BOSCHLTD,500530,Auto Parts,Consumer Cyclical,FY25,2025-03-31,20152000000.0,138133000000.0,0.145888382935287,2024-10-18
BAJAJHLDNG,500490,Asset Management,Financial Services,FY23,2023-03-31,48505200000.0,441827800000.0,0.10978304217163339,2022-11-14
BAJAJHLDNG,500490,Asset Management,Financial Services,FY24,2024-03-31,72672100000.0,542475100000.0,0.1339639367779277,2023-10-16
BAJAJHLDNG,500490,Asset Management,Financial Services,FY25,2025-03-31,65206700000.0,626875500000.0,0.10401858104200915,2024-10-15
BALKRISIND,502355,Auto Parts,Consumer Cyclical,FY23,2023-03-31,10574000000.0,75569300000.0,0.13992454607889712,2022-10-17
BALKRISIND,502355,Auto Parts,Consumer Cyclical,FY24,2024-03-31,14714900000.0,88538100000.0,0.16619850663160832,2023-10-18
BALKRISIND,502355,Auto Parts,Consumer Cyclical,FY25,2025-03-31,16549600000.0,103876000000.0,0.15932072856097654,2024-10-21
BANKBARODA,532134,Banks - Regional,Financial Services,FY23,2023-03-31,149052030000.0,1050547168000.0,0.14188037866377837,2022-10-13
BANKBARODA,532134,Banks - Regional,Financial Services,FY24,2024-03-31,187673789000.0,1197122413000.0,0.156770758747794,2023-10-19
BANKBARODA,532134,Banks - Regional,Financial Services,FY25,2025-03-31,207163280000.0,1465027153000.0,0.1414057613715778,2024-10-18
BDL,541143,Aerospace & Defense,Industrials,FY23,2023-03-31,3521749000.0,32114977000.0,0.1096606421359106,2022-10-14
BDL,541143,Aerospace & Defense,Industrials,FY24,2024-03-31,6127206000.0,36368233000.0,0.1684768682602754,2023-10-11
BDL,541143,Aerospace & Defense,Industrials,FY25,2025-03-31,5496452000.0,40089508000.0,0.137104501257536,2024-10-14
BEL,500049,Aerospace & Defense,Industrials,FY23,2023-03-31,29844200000.0,138616300000.0,0.2153007979581045,2022-10-19
BEL,500049,Aerospace & Defense,Industrials,FY24,2024-03-31,39845200000.0,163264700000.0,0.24405275604585683,2023-10-11
BEL,500049,Aerospace & Defense,Industrials,FY25,2025-03-31,53214400000.0,199738900000.0,0.26641981106334317,2024-10-18
BPCL,500547,Oil & Gas Refining & Marketing,Energy,FY23,2023-03-31,21310500000.0,535223600000.0,0.039816069396043076,2022-10-19
BPCL,500547,Oil & Gas Refining & Marketing,Energy,FY24,2024-03-31,268588400000.0,756351100000.0,0.3551107415590458,2023-10-11
BPCL,500547,Oil & Gas Refining & Marketing,Energy,FY25,2025-03-31,133365500000.0,813840800000.0,0.16387173019588105,2024-10-16
BLUESTARCO,500067,Building Products & Equipment,Industrials,FY23,2023-03-31,4004600000.0,13306500000.0,0.30095066320970953,2022-10-17
BLUESTARCO,500067,Building Products & Equipment,Industrials,FY24,2024-03-31,4149500000.0,26100900000.0,0.15897919228838853,2023-10-12
BLUESTARCO,500067,Building Products & Equipment,Industrials,FY25,2025-03-31,5912400000.0,30650200000.0,0.19289923067386183,2024-10-16
BRIGADE,532929,Real Estate - Development,Real Estate,FY23,2023-03-31,2914100000.0,32450100000.0,0.08980249675655853,2022-10-18
BRIGADE,532929,Real Estate - Development,Real Estate,FY24,2024-03-31,4516100000.0,35161500000.0,0.12843877536510104,2023-10-13
BRIGADE,532929,Real Estate - Development,Real Estate,FY25,2025-03-31,6857600000.0,56384500000.0,0.1216220769892435,2024-10-20
CEATLTD,500878,Auto Parts,Consumer Cyclical,FY23,2023-03-31,1861700000.0,34396400000.0,0.05412485027502878,2022-10-19
CEATLTD,500878,Auto Parts,Consumer Cyclical,FY24,2024-03-31,6426500000.0,40426100000.0,0.15896908185553393,2023-10-13
CEATLTD,500878,Auto Parts,Consumer Cyclical,FY25,2025-03-31,4726400000.0,43685300000.0,0.10819200051275829,2024-10-11
CESC,500084,Utilities - Regulated Electric,Utilities,FY23,2023-03-31,13428300000.0,109103700000.0,0.12307831906708938,2022-10-19
CESC,500084,Utilities - Regulated Electric,Utilities,FY24,2024-03-31,13763500000.0,114456400000.0,0.12025103008656571,2023-10-19
CESC,500084,Utilities - Regulated Electric,Utilities,FY25,2025-03-31,13689400000.0,120097200000.0,0.113986004669551,2024-10-09
CGPOWER,500093,Electrical Equipment & Parts,Industrials,FY23,2023-03-31,9626700000.0,17905100000.0,0.5376512837124618,2022-10-18
CGPOWER,500093,Electrical Equipment & Parts,Industrials,FY24,2024-03-31,14270100000.0,30174400000.0,0.4729207540166499,2023-10-20
CGPOWER,500093,Electrical Equipment & Parts,Industrials,FY25,2025-03-31,9746000000.0,38439500000.0,0.25354127915295466,2024-10-19
CHALET,542399,Lodging,Consumer Cyclical,FY23,2023-03-31,1833320000.0,15419390000.0,0.11889705105065765,2022-10-20
CHALET,542399,Lodging,Consumer Cyclical,FY24,2024-03-31,2781650000.0,18513420000.0,0.15025046695856303,2023-10-20
CHALET,542399,Lodging,Consumer Cyclical,FY25,2025-03-31,1425650000.0,30462470000.0,0.046800210225894354,2024-10-18
CHAMBLFERT,500085,Agricultural Inputs,Basic Materials,FY23,2023-03-31,10342200000.0,70681100000.0,0.146322001213903,2022-10-20
CHAMBLFERT,500085,Agricultural Inputs,Basic Materials,FY24,2024-03-31,12758000000.0,72735500000.0,0.1754026575743619,2023-10-19
CHAMBLFERT,500085,Agricultural Inputs,Basic Materials,FY25,2025-03-31,16495100000.0,87280200000.0,0.18899017188319917,2024-10-18
CHOLAHLDNG,504973,Credit Services,Financial Services,FY23,2023-03-31,12902300000.0,160490400000.0,0.08039297054527872,2022-10-13
CHOLAHLDNG,504973,Credit Services,Financial Services,FY24,2024-03-31,17725200000.0,102417300000.0,0.17306841715218035,2023-10-05
CHOLAHLDNG,504973,Credit Services,Financial Services,FY25,2025-03-31,21736600000.0,125152800000.0,0.17368049296539909,2024-10-15
CHOLAFIN,511243,Credit Services,Financial Services,FY23,2023-03-31,26648500000.0,143461000000.0,0.185754316504137,2022-10-21
CHOLAFIN,511243,Credit Services,Financial Services,FY24,2024-03-31,34200600000.0,195932400000.0,0.17455306013706767,2023-10-18
CHOLAFIN,511243,Credit Services,Financial Services,FY25,2025-03-31,42627200000.0,236686900000.0,0.18009953233575665,2024-10-21
CUB,532210,Banks - Regional,Financial Services,FY23,2023-03-31,9374795000.0,74572102000.0,0.1257145064785756,2022-10-14
CUB,532210,Banks - Regional,Financial Services,FY24,2024-03-31,10157309000.0,84014315000.0,0.12089974190707857,2023-10-17
CUB,532210,Banks - Regional,Financial Services,FY25,2025-03-31,11236263000.0,94666172000.0,0.11869353922962048,2024-10-16
COCHINSHIP,540678,Aerospace & Defense,Industrials,FY23,2023-03-31,3047091000.0,44276464000.0,0.06881965551720662,2022-10-14
COCHINSHIP,540678,Aerospace & Defense,Industrials,FY24,2024-03-31,7832778000.0,50033367000.0,0.15655108719746963,2023-10-11
COCHINSHIP,540678,Aerospace & Defense,Industrials,FY25,2025-03-31,8273305000.0,55792603000.0,0.1482867719937713,2024-10-16
COFORGE,532541,Information Technology Services,Technology,FY23,2023-03-31,6938000000.0,30825000000.0,0.22507704785077048,2022-10-18
COFORGE,532541,Information Technology Services,Technology,FY24,2024-03-31,8080000000.0,36266000000.0,0.22279821320244858,2023-10-21
COFORGE,532541,Information Technology Services,Technology,FY25,2025-03-31,8121000000.0,63792000000.0,0.1273043641835967,2024-10-15
CRAFTSMAN,543276,Auto Parts,Consumer Cyclical,FY23,2023-03-31,2483900000.0,13769000000.0,0.18039799549713123,2022-10-14
CRAFTSMAN,543276,Auto Parts,Consumer Cyclical,FY24,2024-03-31,3044700000.0,16579800000.0,0.1836391271306047,2023-10-18
CRAFTSMAN,543276,Auto Parts,Consumer Cyclical,FY25,2025-03-31,1945700000.0,28567400000.0,0.06810910338357709,2024-10-21
CRISIL,500092,Financial Data & Stock Exchanges,Financial Services,FY23,2023-03-31,5643900000.0,17919800000.0,0.3149532918894184,2022-10-17
CRISIL,500092,Financial Data & Stock Exchanges,Financial Services,FY24,2024-03-31,6584400000.0,21892600000.0,0.30075916062961916,2023-10-19
CRISIL,500092,Financial Data & Stock Exchanges,Financial Services,FY25,2025-03-31,6840700000.0,25648200000.0,0.2667126737938725,2024-10-18
CGCL,531595,Credit Services,Financial Services,FY23,2023-03-31,2046540000.0,35654660000.0,0.05739894869282164,2022-10-18
CGCL,531595,Credit Services,Financial Services,FY24,2024-03-31,2794060000.0,38365700000.0,0.0728270303943366,2023-10-17
CGCL,531595,Credit Services,Financial Services,FY25,2025-03-31,4785330000.0,43040970000.0,0.11118081214247727,2024-10-15
CASTROLIND,500870,Oil & Gas Refining & Marketing,Energy,FY23,2023-03-31,8151500000.0,18860300000.0,0.43220415369850956,2023-04-19
CASTROLIND,500870,Oil & Gas Refining & Marketing,Energy,FY24,2024-03-31,8641300000.0,21216900000.0,0.4072838162031211,2023-10-10
CASTROLIND,500870,Oil & Gas Refining & Marketing,Energy,FY25,2025-03-31,9272300000.0,22783700000.0,0.40697077296488277,2024-10-14
COLPAL,500830,Household & Personal Products,Consumer Defensive,FY23,2023-03-31,10471465000.0,17163843000.0,0.6100886031176118,2022-10-19
COLPAL,500830,Household & Personal Products,Consumer Defensive,FY24,2024-03-31,13236600000.0,18743600000.0,0.7061930472267868,2023-10-13
COLPAL,500830,Household & Personal Products,Consumer Defensive,FY25,2025-03-31,14368100000.0,16644700000.0,0.8632237288746568,2024-10-16
CONCOR,531344,Railroads,Industrials,FY23,2023-03-31,11739500000.0,112262900000.0,0.10457150135975465,2022-10-20
CONCOR,531344,Railroads,Industrials,FY24,2024-03-31,12469500000.0,118265200000.0,0.1054367641537832,2023-10-19
CONCOR,531344,Railroads,Industrials,FY25,2025-03-31,12887500000.0,123801900000.0,0.10409775617337053,2024-10-18
CREDITACC,541770,Credit Services,Financial Services,FY23,2023-03-31,8260600000.0,51069700000.0,0.16175148865178374,2022-10-07
CREDITACC,541770,Credit Services,Financial Services,FY24,2024-03-31,14459300000.0,65699800000.0,0.22008133966922275,2023-10-06
CREDITACC,541770,Credit Services,Financial Services,FY25,2025-03-31,5314000000.0,69559700000.0,0.07639480906329384,2024-10-17
DALBHARAT,542216,Building Materials,Basic Materials,FY23,2023-03-31,10350000000.0,156280000000.0,0.06622728436140261,2022-10-13
DALBHARAT,542216,Building Materials,Basic Materials,FY24,2024-03-31,8260000000.0,163970000000.0,0.05037506861011161,2023-10-18
DALBHARAT,542216,Building Materials,Basic Materials,FY25,2025-03-31,6830000000.0,173740000000.0,0.0393116150569817,2024-10-19
DELHIVERY,543529,Integrated Freight & Logistics,Industrials,FY23,2023-03-31,-10077790000.0,91771370000.0,-0.10981409561609465,2022-10-18
DELHIVERY,543529,Integrated Freight & Logistics,Industrials,FY24,2024-03-31,-2491860000.0,91446460000.0,-0.027249387237078395,2023-10-20
DELHIVERY,543529,Integrated Freight & Logistics,Industrials,FY25,2025-03-31,1621100000.0,94321510000.0,0.017186959793158527,2024-10-17
DEVYANI,543330,Restaurants,Consumer Cyclical,FY23,2023-03-31,2649970000.0,9703460000.0,0.27309537010509655,2022-10-14
DEVYANI,543330,Restaurants,Consumer Cyclical,FY24,2024-03-31,472630000.0,10557630000.0,0.044766675854334734,2023-10-17
DEVYANI,543330,Restaurants,Consumer Cyclical,FY25,2025-03-31,91490000.0,10944060000.0,0.008359786039184726,2024-10-16
DIXON,540699,Consumer Electronics,Technology,FY23,2023-03-31,2555200000.0,12849100000.0,0.19886217711746348,2022-10-13
DIXON,540699,Consumer Electronics,Technology,FY24,2024-03-31,3677500000.0,16948500000.0,0.21698085376286988,2023-10-17
DIXON,540699,Consumer Electronics,Technology,FY25,2025-03-31,10955400000.0,30102000000.0,0.36394259517640026,2024-10-17
DLF,532868,Real Estate - Development,Real Estate,FY23,2023-03-31,20358252000.0,376875344000.0,0.05401852979801194,2022-10-07
DLF,532868,Real Estate - Development,Real Estate,FY24,2024-03-31,27271051000.0,394308144000.0,0.06916177465510324,2023-10-04
DLF,532868,Real Estate - Development,Real Estate,FY25,2025-03-31,43676215000.0,425502201000.0,0.10264627279801074,2024-10-04
LALPATHLAB,539524,Diagnostics & Research,Healthcare,FY23,2023-03-31,2388480000.0,16662980000.0,0.14334050692013073,2022-10-12
LALPATHLAB,539524,Diagnostics & Research,Healthcare,FY24,2024-03-31,3577350000.0,18492830000.0,0.19344524337270175,2023-10-18
LALPATHLAB,539524,Diagnostics & Research,Healthcare,FY25,2025-03-31,4871380000.0,21727150000.0,0.22420704050001955,2024-10-16
DEEPAKFERT,500645,Chemicals,Basic Materials,FY23,2023-03-31,12101000000.0,50670000000.0,0.2388198144858891,2022-10-20
DEEPAKFERT,500645,Chemicals,Basic Materials,FY24,2024-03-31,4528400000.0,55418700000.0,0.08171249054921895,2023-10-20
DEEPAKFERT,500645,Chemicals,Basic Materials,FY25,2025-03-31,9335900000.0,62366200000.0,0.1496948667707829,2024-10-21
DEEPAKNTR,506401,Chemicals,Basic Materials,FY23,2023-03-31,8520000000.0,40899600000.0,0.20831499574567966,2022-10-18
DEEPAKNTR,506401,Chemicals,Basic Materials,FY24,2024-03-31,8108900000.0,47966200000.0,0.16905445918167375,2023-10-17
DEEPAKNTR,506401,Chemicals,Basic Materials,FY25,2025-03-31,6972400000.0,53886700000.0,0.12938999790300762,2024-10-15
EIDPARRY,500125,Agricultural Inputs,Basic Materials,FY23,2023-03-31,9474800000.0,60848400000.0,0.15571157170936295,2022-10-18
EIDPARRY,500125,Agricultural Inputs,Basic Materials,FY24,2024-03-31,8996700000.0,70582500000.0,0.12746360641802146,2023-10-17
EIDPARRY,500125,Agricultural Inputs,Basic Materials,FY25,2025-03-31,8783500000.0,79357300000.0,0.11068294914267497,2024-10-18
ECLERX,532927,Information Technology Services,Technology,FY23,2023-03-31,4888200000.0,17148710000.0,0.2850476799712631,2022-10-18
ECLERX,532927,Information Technology Services,Technology,FY24,2024-03-31,5114560000.0,22475010000.0,0.2275665283352488,2023-10-16
ECLERX,532927,Information Technology Services,Technology,FY25,2025-03-31,5410920000.0,23057620000.0,0.2346694932087527,2024-10-15
EICHERMOT,505200,Auto Manufacturers,Consumer Cyclical,FY23,2023-03-31,29139400000.0,149902800000.0,0.19438863049923016,2022-10-20
EICHERMOT,505200,Auto Manufacturers,Consumer Cyclical,FY24,2024-03-31,40010100000.0,180455300000.0,0.2217175112063763,2023-10-21
EICHERMOT,505200,Auto Manufacturers,Consumer Cyclical,FY25,2025-03-31,47344400000.0,212964900000.0,0.22231081272078168,2024-10-18
ESCORTS,500495,Farm & Heavy Construction Machinery,Industrials,FY23,2023-03-31,6367800000.0,81867100000.0,0.07778216157650632,2022-10-20
ESCORTS,500495,Farm & Heavy Construction Machinery,Industrials,FY24,2024-03-31,10766500000.0,93885100000.0,0.11467740887531674,2023-10-18
ESCORTS,500495,Farm & Heavy Construction Machinery,Industrials,FY25,2025-03-31,12649400000.0,103668000000.0,0.12201836632326273,2024-10-17
ENDURANCE,540153,Auto Parts,Consumer Cyclical,FY23,2023-03-31,4795750000.0,44121290000.0,0.10869469138368348,2022-10-18
ENDURANCE,540153,Auto Parts,Consumer Cyclical,FY24,2024-03-31,6804880000.0,49774410000.0,0.13671442815695856,2023-10-13
ENDURANCE,540153,Auto Parts,Consumer Cyclical,FY25,2025-03-31,8363530000.0,57174160000.0,0.1462816419165581,2024-10-09
ERIS,540596,Drug Manufacturers - Specialty & Generic,Healthcare,FY23,2023-03-31,3821580000.0,21959880000.0,0.17402554112317553,2022-10-20
ERIS,540596,Drug Manufacturers - Specialty & Generic,Healthcare,FY24,2024-03-31,3920500000.0,25861800000.0,0.15159424324679643,2023-10-17
ERIS,540596,Drug Manufacturers - Specialty & Generic,Healthcare,FY25,2025-03-31,3518400000.0,28543600000.0,0.12326405919365462,2024-10-18
FSL,532809,Information Technology Services,Technology,FY23,2023-03-31,5137200000.0,33668450000.0,0.15258201669515525,2022-10-13
FSL,532809,Information Technology Services,Technology,FY24,2024-03-31,5147290000.0,37004030000.0,0.13910079523770788,2023-10-12
FSL,532809,Information Technology Services,Technology,FY25,2025-03-31,5944550000.0,40976300000.0,0.14507288359368709,2024-10-04
NYKAA,543384,Internet Retail,Consumer Cyclical,FY23,2023-03-31,192620000.0,13780100000.0,0.013978127880058925,2022-10-20
NYKAA,543384,Internet Retail,Consumer Cyclical,FY24,2024-03-31,322600000.0,12622300000.0,0.025557941104236155,2023-10-18
NYKAA,543384,Internet Retail,Consumer Cyclical,FY25,2025-03-31,660800000.0,13012800000.0,0.05078076970367638,2024-10-18
FINEORG,541557,Specialty Chemicals,Basic Materials,FY23,2023-03-31,6181023000.0,15412489000.0,0.4010398969303401,2022-10-14
FINEORG,541557,Specialty Chemicals,Basic Materials,FY24,2024-03-31,4118941000.0,19210491000.0,0.21441102156108346,2023-10-20
FINEORG,541557,Specialty Chemicals,Basic Materials,FY25,2025-03-31,4104964000.0,22952303000.0,0.17884758666701114,2024-10-19
FIVESTAR,543663,Credit Services,Financial Services,FY23,2023-03-31,6034961000.0,43395347000.0,0.1390693108180469,2023-04-21
FIVESTAR,543663,Credit Services,Financial Services,FY24,2024-03-31,8359163000.0,51961547000.0,0.16087209643700562,2023-10-20
FIVESTAR,543663,Credit Services,Financial Services,FY25,2025-03-31,10724899000.0,63046067000.0,0.1701121023140111,2024-10-21
FORCEMOT,500033,Auto Manufacturers,Consumer Cyclical,FY23,2023-03-31,1336400000.0,18750300000.0,0.07127352629024603,2022-10-21
FORCEMOT,500033,Auto Manufacturers,Consumer Cyclical,FY24,2024-03-31,3880900000.0,22551400000.0,0.17209131140417003,2023-10-13
FORCEMOT,500033,Auto Manufacturers,Consumer Cyclical,FY25,2025-03-31,8007400000.0,30334300000.0,0.2639718074918492,2024-10-11
GICRE,540755,Insurance - Reinsurance,Financial Services,FY23,2023-03-31,69073065000.0,451847377000.0,0.15286813317055065,2022-10-21
GICRE,540755,Insurance - Reinsurance,Financial Services,FY24,2024-03-31,66858300000.0,552565500000.0,0.12099615339719906,2023-10-13
GICRE,540755,Insurance - Reinsurance,Financial Services,FY25,2025-03-31,74318500000.0,614997000000.0,0.12084367891225485,2024-10-18
GLAND,543245,Drug Manufacturers - Specialty & Generic,Healthcare,FY23,2023-03-31,7810430000.0,79587220000.0,0.09813673602369828,2022-10-19
GLAND,543245,Drug Manufacturers - Specialty & Generic,Healthcare,FY24,2024-03-31,7724600000.0,87238430000.0,0.08854583925914301,2023-10-17
GLAND,543245,Drug Manufacturers - Specialty & Generic,Healthcare,FY25,2025-03-31,6985260000.0,91507410000.0,0.07633545742361192,2024-10-16
MEDANTA,543654,Medical Care Facilities,Healthcare,FY23,2023-03-31,3260790000.0,24282080000.0,0.13428791932157377,2023-04-20
MEDANTA,543654,Medical Care Facilities,Healthcare,FY24,2024-03-31,4781940000.0,29056270000.0,0.16457515021714764,2023-10-18
MEDANTA,543654,Medical Care Facilities,Healthcare,FY25,2025-03-31,4814370000.0,33864100000.0,0.14216736898367296,2024-10-15
GMRAIRPORT,532754,Airports & Air Services,Industrials,FY23,2023-03-31,-1792600000.0,-7927800000.0,-0.22611569413960997,2022-10-21
GMRAIRPORT,532754,Airports & Air Services,Industrials,FY24,2024-03-31,-5592700000.0,-21641600000.0,-0.25842359160136036,2023-10-20
GMRAIRPORT,532754,Airports & Air Services,Industrials,FY25,2025-03-31,-3928500000.0,-25034200000.0,-0.15692532615382157,2024-10-21
GPIL,532734,Steel,Basic Materials,FY23,2023-03-31,7934019000.0,39054524000.0,0.2031523671879857,2022-10-20
GPIL,532734,Steel,Basic Materials,FY24,2024-03-31,9353421000.0,44958846000.0,0.20804406323062652,2023-10-16
GPIL,532734,Steel,Basic Materials,FY25,2025-03-31,8116675000.0,49059846000.0,0.16544436360440268,2024-10-18
GODFRYPHLP,500163,Tobacco,Consumer Defensive,FY23,2023-03-31,6904669000.0,35479321000.0,0.19461108063482951,2022-10-12
GODFRYPHLP,500163,Tobacco,Consumer Defensive,FY24,2024-03-31,8830429000.0,42321142000.0,0.2086528997728842,2023-10-18
GODFRYPHLP,500163,Tobacco,Consumer Defensive,FY25,2025-03-31,10720328000.0,52458160000.0,0.20435958867028503,2024-10-18
GMDCLTD,532181,Thermal Coal,Energy,FY23,2023-03-31,12044468000.0,57851691000.0,0.20819560831851916,2022-10-19
GMDCLTD,532181,Thermal Coal,Energy,FY24,2024-03-31,5973600000.0,60997400000.0,0.0979320430051117,2023-10-14
GMDCLTD,532181,Thermal Coal,Energy,FY25,2025-03-31,6857900000.0,64117400000.0,0.10695848552810937,2024-10-17
GALLANTT,532726,Steel,Basic Materials,FY23,2023-03-31,1409109000.0,22250316000.0,0.06332984214696097,2022-10-19
GALLANTT,532726,Steel,Basic Materials,FY24,2024-03-31,2253486000.0,24507268000.0,0.09195174264222353,2023-10-19
GALLANTT,532726,Steel,Basic Materials,FY25,2025-03-31,4007424000.0,28425597000.0,0.140979413730519,2024-10-21
GRSE,542011,Aerospace & Defense,Industrials,FY23,2023-03-31,2281240000.0,14138175000.0,0.16135321567316857,2022-10-13
GRSE,542011,Aerospace & Defense,Industrials,FY24,2024-03-31,3572677000.0,16734389000.0,0.2134931248460879,2023-10-13
GRSE,542011,Aerospace & Defense,Industrials,FY25,2025-03-31,5274038000.0,20792624000.0,0.25364946723414994,2024-10-09
GODREJIND,500164,Conglomerates,Industrials,FY23,2023-03-31,9747800000.0,79842800000.0,0.1220874017444278,2022-10-19
GODREJIND,500164,Conglomerates,Industrials,FY24,2024-03-31,599700000.0,80013100000.0,0.007495022690034507,2023-10-18
GODREJIND,500164,Conglomerates,Industrials,FY25,2025-03-31,9813800000.0,101515400000.0,0.09667301709888351,2024-10-18
FLUOROCHEM,542812,Specialty Chemicals,Basic Materials,FY23,2023-03-31,13288124000.0,55207185000.0,0.24069555439205967,2022-10-20
FLUOROCHEM,542812,Specialty Chemicals,Basic Materials,FY24,2024-03-31,4349500000.0,59363400000.0,0.07326905130096996,2023-10-20
FLUOROCHEM,542812,Specialty Chemicals,Basic Materials,FY25,2025-03-31,5460600000.0,72526000000.0,0.07529161955712434,2024-10-18
HATSUN,531531,Packaged Foods,Consumer Defensive,FY23,2023-03-31,1658562000.0,14406764000.0,0.1151238404405042,2022-10-15
HATSUN,531531,Packaged Foods,Consumer Defensive,FY24,2024-03-31,2672700000.0,15722500000.0,0.1699920496104309,2023-10-17
HATSUN,531531,Packaged Foods,Consumer Defensive,FY25,2025-03-31,2788100000.0,17175600000.0,0.1623291180511889,2024-10-15
HCLTECH,532281,Information Technology Services,Technology,FY23,2023-03-31,148510000000.0,654050000000.0,0.22706215121168105,2022-10-17
HCLTECH,532281,Information Technology Services,Technology,FY24,2024-03-31,157020000000.0,682630000000.0,0.2300221203287286,2023-10-16
HCLTECH,532281,Information Technology Services,Technology,FY25,2025-03-31,173900000000.0,696550000000.0,0.24965903380948962,2024-10-21
HDFCAMC,541729,Asset Management,Financial Services,FY23,2023-03-31,14233700000.0,61078200000.0,0.23304059386163967,2022-10-18
HDFCAMC,541729,Asset Management,Financial Services,FY24,2024-03-31,19426900000.0,70750100000.0,0.27458477090491745,2023-10-10
HDFCAMC,541729,Asset Management,Financial Services,FY25,2025-03-31,24601900000.0,81299800000.0,0.30260714048497045,2024-10-14
HDFCBANK,500180,Banks - Regional,Financial Services,FY23,2023-03-31,495446900000.0,2912200700000.0,0.17012800663086167,2023-01-19
HDFCBANK,500180,Banks - Regional,Financial Services,FY24,2024-03-31,622656600000.0,6947327400000.0,0.08962534283327428,2023-10-19
HDFCBANK,500180,Banks - Regional,Financial Services,FY25,2025-03-31,673508300000.0,7676891400000.0,0.08773190408815736,2024-10-17
HEROMOTOCO,500182,Auto Manufacturers,Consumer Cyclical,FY23,2023-03-31,28099600000.0,166555700000.0,0.16870992706944282,2022-10-18
HEROMOTOCO,500182,Auto Manufacturers,Consumer Cyclical,FY24,2024-03-31,37448300000.0,176989200000.0,0.2115852266691979,2023-10-17
HEROMOTOCO,500182,Auto Manufacturers,Consumer Cyclical,FY25,2025-03-31,43784800000.0,192720400000.0,0.22719338482070398,2024-10-15
HAL,541154,Aerospace & Defense,Industrials,FY23,2023-03-31,58277400000.0,235721500000.0,0.24722988781252453,2022-10-14
HAL,541154,Aerospace & Defense,Industrials,FY24,2024-03-31,76210500000.0,291381700000.0,0.26154868339363796,2023-10-17
HAL,541154,Aerospace & Defense,Industrials,FY25,2025-03-31,83641300000.0,349816100000.0,0.2391007732348511,2024-10-17
POWERINDIA,543187,Electrical Equipment & Parts,Industrials,FY23,2023-03-31,939000000.0,12153100000.0,0.07726423710822752,2022-10-13
POWERINDIA,543187,Electrical Equipment & Parts,Industrials,FY24,2024-03-31,1637800000.0,13598700000.0,0.12043798304249671,2023-10-13
POWERINDIA,543187,Electrical Equipment & Parts,Industrials,FY25,2025-03-31,3839800000.0,42141100000.0,0.09111769744975808,2024-10-11
HONAUT,517174,Electrical Equipment & Parts,Industrials,FY23,2023-03-31,4380000000.0,31885000000.0,0.13736866865297162,2022-10-21
HONAUT,517174,Electrical Equipment & Parts,Industrials,FY24,2024-03-31,5014000000.0,36062000000.0,0.13903832288835893,2023-10-21
HONAUT,517174,Electrical Equipment & Parts,Industrials,FY25,2025-03-31,5236000000.0,40382000000.0,0.12966173047397356,2024-10-21
HSCL,500184,Specialty Chemicals,Basic Materials,FY23,2023-03-31,2159773000.0,22805056000.0,0.09470588451964336,2022-10-17
HSCL,500184,Specialty Chemicals,Basic Materials,FY24,2024-03-31,4107716000.0,30455752000.0,0.13487488340461926,2023-10-09
HSCL,500184,Specialty Chemicals,Basic Materials,FY25,2025-03-31,5556336000.0,37217390000.0,0.1492940799986243,2024-10-07
HINDCOPPER,513599,Copper,Basic Materials,FY23,2023-03-31,2954594000.0,20821743000.0,0.1418994557756284,2022-10-10
HINDCOPPER,513599,Copper,Basic Materials,FY24,2024-03-31,2953068000.0,22851078000.0,0.1292310148343986,2023-10-09
HINDCOPPER,513599,Copper,Basic Materials,FY25,2025-03-31,4651160000.0,26609104000.0,0.17479581424462845,2024-10-08
HINDUNILVR,500696,Household & Personal Products,Consumer Defensive,FY23,2023-03-31,101200000000.0,503040000000.0,0.201176844783715,2022-10-12
HINDUNILVR,500696,Household & Personal Products,Consumer Defensive,FY24,2024-03-31,102770000000.0,512180000000.0,0.20065211449099926,2023-10-18
HINDUNILVR,500696,Household & Personal Products,Consumer Defensive,FY25,2025-03-31,106490000000.0,494020000000.0,0.21555807457187967,2024-10-21
HINDZINC,500188,Other Industrial Metals & Mining,Basic Materials,FY23,2023-03-31,105110000000.0,129320000000.0,0.8127899783482834,2022-10-15
HINDZINC,500188,Other Industrial Metals & Mining,Basic Materials,FY24,2024-03-31,77590000000.0,151950000000.0,0.5106284962158605,2023-10-09
HINDZINC,500188,Other Industrial Metals & Mining,Basic Materials,FY25,2025-03-31,103530000000.0,133260000000.0,0.7769022962629446,2024-10-09
HUDCO,540530,Credit Services,Financial Services,FY23,2023-03-31,17014300000.0,154435600000.0,0.11017084143811401,2022-10-20
HUDCO,540530,Credit Services,Financial Services,FY24,2024-03-31,21166900000.0,166130000000.0,0.12741166556311323,2023-10-17
HUDCO,540530,Credit Services,Financial Services,FY25,2025-03-31,27091400000.0,179684900000.0,0.15077171203590284,2024-10-18
IDFCFIRSTB,539437,Banks - Regional,Financial Services,FY23,2023-03-31,24849294000.0,258475509000.0,0.09613790527442195,2022-10-15
IDFCFIRSTB,539437,Banks - Regional,Financial Services,FY24,2024-03-31,29423500000.0,322735800000.0,0.09116899953460385,2023-10-20
IDFCFIRSTB,539437,Banks - Regional,Financial Services,FY25,2025-03-31,14903500000.0,381557800000.0,0.039059612986551445,2024-10-19
IFCI,500106,Credit Services,Financial Services,FY23,2023-03-31,-2078000000.0,37671900000.0,-0.0551604777035403,2022-10-17
IFCI,500106,Credit Services,Financial Services,FY24,2024-03-31,1036600000.0,45347400000.0,0.022859083431464648,2023-10-12
IFCI,500106,Credit Services,Financial Services,FY25,2025-03-31,1710400000.0,86907500000.0,0.01968069499180163,2024-10-04
IIFL,532636,Credit Services,Financial Services,FY23,2023-03-31,15003000000.0,89920600000.0,0.16684719630429512,2022-07-25
IIFL,532636,Credit Services,Financial Services,FY24,2024-03-31,17635400000.0,106369900000.0,0.16579314260895234,2023-10-13
IIFL,532636,Credit Services,Financial Services,FY25,2025-03-31,3787700000.0,124121900000.0,0.030515968576053057,2024-10-18
IRFC,543257,Credit Services,Financial Services,FY23,2023-03-31,61671560000.0,446801810000.0,0.13802889473522947,2022-10-20
IRFC,543257,Credit Services,Financial Services,FY24,2024-03-31,64121100000.0,491785700000.0,0.13038423036700741,2023-10-19
IRFC,543257,Credit Services,Financial Services,FY25,2025-03-31,65020000000.0,526678500000.0,0.12345292241851528,2024-10-17
IGL,532514,Utilities - Regulated Gas,Utilities,FY23,2023-03-31,16396500000.0,79312400000.0,0.20673312117651213,2022-10-17
IGL,532514,Utilities - Regulated Gas,Utilities,FY24,2024-03-31,19850700000.0,96333700000.0,0.2060618454393426,2023-10-17
IGL,532514,Utilities - Regulated Gas,Utilities,FY25,2025-03-31,17177600000.0,106157700000.0,0.1618120965318578,2024-10-17
INDUSTOWER,534816,Telecom Services,Communication Services,FY23,2023-03-31,20400000000.0,211095000000.0,0.09663895402543879,2022-10-21
INDUSTOWER,534816,Telecom Services,Communication Services,FY24,2024-03-31,60362000000.0,270388000000.0,0.22324215571696968,2023-10-16
INDUSTOWER,534816,Telecom Services,Communication Services,FY25,2025-03-31,99317000000.0,324983000000.0,0.30560675481486727,2024-10-21
NAUKRI,532777,Internet Content & Information,Communication Services,FY23,2023-03-31,-1074100000.0,133980240000.0,-0.008016853828594425,2022-10-21
NAUKRI,532777,Internet Content & Information,Communication Services,FY24,2024-03-31,5752080000.0,302622910000.0,0.01900741751508503,2023-10-20
NAUKRI,532777,Internet Content & Information,Communication Services,FY25,2025-03-31,9621400000.0,349030620000.0,0.027566062828527766,2024-10-17
INFY,500209,Information Technology Services,Technology,FY23,2023-03-31,2981000000.0,9172000000.0,0.3250109027474924,2022-10-21
INFY,500209,Information Technology Services,Technology,FY24,2024-03-31,3167000000.0,10559000000.0,0.2999337058433564,2023-10-17
INFY,500209,Information Technology Services,Technology,FY25,2025-03-31,3158000000.0,11205000000.0,0.2818384649709951,2024-10-17
INOXWIND,539083,Specialty Industrial Machinery,Industrials,FY23,2023-03-31,-6668747000.0,17130583000.0,-0.38928896932462836,2022-10-20
INOXWIND,539083,Specialty Industrial Machinery,Industrials,FY24,2024-03-31,-356518000.0,28084161000.0,-0.012694628833668915,2023-10-21
INOXWIND,539083,Specialty Industrial Machinery,Industrials,FY25,2025-03-31,4482167000.0,50467440000.0,0.08881304460856346,2024-10-19
INDIGO,539448,Airlines,Industrials,FY23,2023-03-31,-3057890000.0,-62465160000.0,-0.04895352865501345,2022-10-19
INDIGO,539448,Airlines,Industrials,FY24,2024-03-31,81725000000.0,19965000000.0,4.093413473578763,2023-10-20
INDIGO,539448,Airlines,Industrials,FY25,2025-03-31,72584000000.0,93682000000.0,0.7747913153006981,2024-10-15
IRB,532947,Infrastructure Operations,Industrials,FY23,2023-03-31,7200110000.0,133788990000.0,0.05381690974720715,2022-10-18
IRB,532947,Infrastructure Operations,Industrials,FY24,2024-03-31,6058160000.0,137445050000.0,0.04407696021064418,2023-10-17
IRB,532947,Infrastructure Operations,Industrials,FY25,2025-03-31,64806840000.0,198265790000.0,0.326868493046632,2024-10-18
IRCON,541956,Engineering & Construction,Industrials,FY23,2023-03-31,7652300000.0,52114900000.0,0.14683516614250436,2022-10-14
IRCON,541956,Engineering & Construction,Industrials,FY24,2024-03-31,9295700000.0,58709200000.0,0.15833463920475838,2023-10-10
IRCON,541956,Engineering & Construction,Industrials,FY25,2025-03-31,7274100000.0,63263500000.0,0.11498099219929343,2024-10-16
ITC,500875,Tobacco,Consumer Defensive,FY23,2023-03-31,191916600000.0,691552600000.0,0.27751554979332016,2022-10-12
ITC,500875,Tobacco,Consumer Defensive,FY24,2024-03-31,204587800000.0,745070000000.0,0.2745886963641,2023-10-13
ITC,500875,Tobacco,Consumer Defensive,FY25,2025-03-31,347466300000.0,700300500000.0,0.4961674309814144,2024-10-17
INDIANB,532814,Banks - Regional,Financial Services,FY23,2023-03-31,55723100000.0,495068200000.0,0.11255641141967915,2022-10-15
INDIANB,532814,Banks - Regional,Financial Services,FY24,2024-03-31,84194100000.0,602482000000.0,0.13974541978017602,2023-10-17
INDIANB,532814,Banks - Regional,Financial Services,FY25,2025-03-31,112614700000.0,715129100000.0,0.1574746433895642,2024-10-17
JBCHEPHARM,506943,Drug Manufacturers - Specialty & Generic,Healthcare,FY23,2023-03-31,4098355000.0,24803522000.0,0.1652327842795874,2022-10-19
JBCHEPHARM,506943,Drug Manufacturers - Specialty & Generic,Healthcare,FY24,2024-03-31,5526278000.0,29233293000.0,0.18904055728514746,2023-10-18
JBCHEPHARM,506943,Drug Manufacturers - Specialty & Generic,Healthcare,FY25,2025-03-31,6595818000.0,34333151000.0,0.19211222412996698,2024-10-18
JINDALSTEL,532286,Steel,Basic Materials,FY23,2023-03-31,39740900000.0,387065500000.0,0.10267228673183221,2022-10-19
JINDALSTEL,532286,Steel,Basic Materials,FY24,2024-03-31,59384200000.0,443160100000.0,0.13400168471845728,2023-10-19
JINDALSTEL,532286,Steel,Basic Materials,FY25,2025-03-31,28121300000.0,471848800000.0,0.059598117023928004,2024-10-16
JMFINANCIL,523405,Capital Markets,Financial Services,FY23,2023-03-31,5972900000.0,81362600000.0,0.07341087920002556,2022-10-19
JMFINANCIL,523405,Capital Markets,Financial Services,FY24,2024-03-31,4098400000.0,84905000000.0,0.04827041988104352,2023-10-20
JMFINANCIL,523405,Capital Markets,Financial Services,FY25,2025-03-31,8213100000.0,97278000000.0,0.08442916178375377,2024-10-21
JUBLFOOD,533155,Restaurants,Consumer Cyclical,FY23,2023-03-31,3532010000.0,20377900000.0,0.17332551440531163,2022-10-21
JUBLFOOD,533155,Restaurants,Consumer Cyclical,FY24,2024-03-31,3993440000.0,21706420000.0,0.1839750635986957,2023-10-17
JUBLFOOD,533155,Restaurants,Consumer Cyclical,FY25,2025-03-31,2107640000.0,21027480000.0,0.10023264794449929,2024-10-17
JUBLPHARMA,530019,Drug Manufacturers - Specialty & Generic,Healthcare,FY23,2023-03-31,-610000000.0,53993000000.0,-0.011297760820847148,2022-10-19
JUBLPHARMA,530019,Drug Manufacturers - Specialty & Generic,Healthcare,FY24,2024-03-31,771000000.0,54339000000.0,0.014188704245569481,2023-10-18
JUBLPHARMA,530019,Drug Manufacturers - Specialty & Generic,Healthcare,FY25,2025-03-31,8394000000.0,62549000000.0,0.13419878815009034,2024-10-11
KPRMILL,532889,Textile Manufacturing,Consumer Cyclical,FY23,2023-03-31,8141000000.0,37066900000.0,0.21962991240163057,2022-10-19
KPRMILL,532889,Textile Manufacturing,Consumer Cyclical,FY24,2024-03-31,8053500000.0,43582300000.0,0.1847883200290026,2023-10-13
KPRMILL,532889,Textile Manufacturing,Consumer Cyclical,FY25,2025-03-31,8151100000.0,50020000000.0,0.16295681727309078,2024-10-10
KAJARIACER,500233,Building Products & Equipment,Industrials,FY23,2023-03-31,3445000000.0,23267800000.0,0.14805869055089008,2022-10-13
KAJARIACER,500233,Building Products & Equipment,Industrials,FY24,2024-03-31,4221100000.0,26165400000.0,0.16132373286859747,2023-10-09
KAJARIACER,500233,Building Products & Equipment,Industrials,FY25,2025-03-31,2943500000.0,27443400000.0,0.10725711828709271,2024-10-14
KPIL,522287,Engineering & Construction,Industrials,FY23,2023-03-31,4407500000.0,47206200000.0,0.09336697298236249,2022-07-21
KPIL,522287,Engineering & Construction,Industrials,FY24,2024-03-31,5096100000.0,51379900000.0,0.0991847006319592,2023-10-19
KPIL,522287,Engineering & Construction,Industrials,FY25,2025-03-31,5857000000.0,65133300000.0,0.0899232804110954,2024-10-18
KAYNES,543664,Electronic Components,Technology,FY23,2023-03-31,951960000.0,9590420000.0,0.0992615547598541,2023-04-20
KAYNES,543664,Electronic Components,Technology,FY24,2024-03-31,1832890000.0,24868890000.0,0.0737021234160431,2023-10-18
KAYNES,543664,Electronic Components,Technology,FY25,2025-03-31,2934330000.0,28402600000.0,0.1033120207304965,2024-10-14
KEC,532714,Engineering & Construction,Industrials,FY23,2023-03-31,1760300000.0,37714300000.0,0.04667460353234715,2022-10-14
KEC,532714,Engineering & Construction,Industrials,FY24,2024-03-31,3467800000.0,40957000000.0,0.08466928730131601,2023-10-13
KEC,532714,Engineering & Construction,Industrials,FY25,2025-03-31,5707400000.0,53474500000.0,0.10673124573394796,2024-10-18
KEI,517569,Electrical Equipment & Parts,Industrials,FY23,2023-03-31,4773460000.0,25891840000.0,0.184361559472019,2022-10-14
KEI,517569,Electrical Equipment & Parts,Industrials,FY24,2024-03-31,5807440000.0,31482640000.0,0.18446483522347554,2023-10-09
KEI,517569,Electrical Equipment & Parts,Industrials,FY25,2025-03-31,6964140000.0,57857500000.0,0.12036710884500713,2024-10-10
KFINTECH,543720,Software - Application,Technology,FY23,2023-03-31,1957360000.0,8702220000.0,0.22492651300472752,2023-04-18
KFINTECH,543720,Software - Application,Technology,FY24,2024-03-31,2460480000.0,11409900000.0,0.21564430888964847,2023-10-21
KFINTECH,543720,Software - Application,Technology,FY25,2025-03-31,3326250000.0,14078300000.0,0.23626787325174203,2024-10-09
KIRLOSENG,533293,Specialty Industrial Machinery,Industrials,FY23,2023-03-31,3324000000.0,23035900000.0,0.144296511097895,2022-10-14
KIRLOSENG,533293,Specialty Industrial Machinery,Industrials,FY24,2024-03-31,4418700000.0,26762100000.0,0.16511036129451725,2023-10-16
KIRLOSENG,533293,Specialty Industrial Machinery,Industrials,FY25,2025-03-31,4891500000.0,30865000000.0,0.1584804795075328,2024-10-18
KIMS,543308,Medical Care Facilities,Healthcare,FY23,2023-03-31,3363220000.0,16695380000.0,0.20144614857523457,2022-10-19
KIMS,543308,Medical Care Facilities,Healthcare,FY24,2024-03-31,3100000000.0,18282000000.0,0.169565693031397,2023-10-17
KIMS,543308,Medical Care Facilities,Healthcare,FY25,2025-03-31,3845000000.0,21378000000.0,0.17985779773599028,2024-10-18
KANSAINER,500165,Specialty Chemicals,Basic Materials,FY23,2023-03-31,4735800000.0,45337000000.0,0.10445772768379029,2022-10-20
KANSAINER,500165,Specialty Chemicals,Basic Materials,FY24,2024-03-31,11854400000.0,55825600000.0,0.21234702358774468,2023-10-17
KANSAINER,500165,Specialty Chemicals,Basic Materials,FY25,2025-03-31,11429500000.0,64231600000.0,0.17794200985184863,2024-10-16
LTF,533519,Credit Services,Financial Services,FY23,2023-03-31,16232500000.0,215283700000.0,0.07540050640155292,2022-10-13
LTF,533519,Credit Services,Financial Services,FY24,2024-03-31,23201000000.0,234384400000.0,0.09898696329619207,2023-10-11
LTF,533519,Credit Services,Financial Services,FY25,2025-03-31,26436600000.0,255640600000.0,0.10341315111918842,2024-10-11
LTTS,540115,Information Technology Services,Technology,FY23,2023-03-31,12121000000.0,44349000000.0,0.2733094320052312,2022-10-19
LTTS,540115,Information Technology Services,Technology,FY24,2024-03-31,13037000000.0,53271000000.0,0.2447297779279533,2023-10-20
LTTS,540115,Information Technology Services,Technology,FY25,2025-03-31,12667000000.0,60800000000.0,0.2083388157894737,2024-10-21
LT,500510,Engineering & Construction,Industrials,FY23,2023-03-31,104707200000.0,893259500000.0,0.1172192403215415,2022-10-18
LT,500510,Engineering & Construction,Industrials,FY24,2024-03-31,130591100000.0,863592400000.0,0.15121844518316743,2023-10-20
LT,500510,Engineering & Construction,Industrials,FY25,2025-03-31,150371100000.0,976556000000.0,0.15398103129774432,2024-10-18
LAURUSLABS,540222,Drug Manufacturers - Specialty & Generic,Healthcare,FY23,2023-03-31,7901100000.0,40375300000.0,0.19569142520303254,2022-10-19
LAURUSLABS,540222,Drug Manufacturers - Specialty & Generic,Healthcare,FY24,2024-03-31,1605500000.0,41109500000.0,0.039054233206436466,2023-10-10
LAURUSLABS,540222,Drug Manufacturers - Specialty & Generic,Healthcare,FY25,2025-03-31,3583200000.0,44725600000.0,0.08011519129983723,2024-10-08
LICHSGFIN,500253,Mortgage Finance,Financial Services,FY23,2023-03-31,28907700000.0,271846700000.0,0.10633824136912458,2022-10-18
LICHSGFIN,500253,Mortgage Finance,Financial Services,FY24,2024-03-31,47629700000.0,314766600000.0,0.15131751589908204,2023-10-18
LICHSGFIN,500253,Mortgage Finance,Financial Services,FY25,2025-03-31,54422300000.0,363518000000.0,0.14971005562310533,2024-10-18
LMW,500252,Specialty Industrial Machinery,Industrials,FY23,2023-03-31,3840200000.0,23385500000.0,0.16421286694746745,2022-10-11
LMW,500252,Specialty Industrial Machinery,Industrials,FY24,2024-03-31,3736600000.0,27036400000.0,0.13820627006554126,2023-10-16
LMW,500252,Specialty Industrial Machinery,Industrials,FY25,2025-03-31,1026100000.0,27774200000.0,0.036944358433366215,2024-10-10
LTFOODS,532783,Packaged Foods,Consumer Defensive,FY23,2023-03-31,4026519000.0,27570633000.0,0.14604376330423752,2022-10-20
LTFOODS,532783,Packaged Foods,Consumer Defensive,FY24,2024-03-31,5933488000.0,33716208000.0,0.17598325410734209,2023-10-13
LTFOODS,532783,Packaged Foods,Consumer Defensive,FY25,2025-03-31,6053404000.0,38536520000.0,0.1570822689749879,2024-10-17
M&M,500520,Auto Manufacturers,Consumer Cyclical,FY23,2023-03-31,102815000000.0,563657900000.0,0.1824067399747258,2022-10-20
M&M,500520,Auto Manufacturers,Consumer Cyclical,FY24,2024-03-31,112686400000.0,661905500000.0,0.17024545044572073,2023-10-19
M&M,500520,Auto Manufacturers,Consumer Cyclical,FY25,2025-03-31,129291000000.0,770388600000.0,0.1678256921247277,2024-10-17
MARICO,531642,Household & Personal Products,Consumer Defensive,FY23,2023-03-31,13020000000.0,37990000000.0,0.3427217688865491,2022-10-19
MARICO,531642,Household & Personal Products,Consumer Defensive,FY24,2024-03-31,14810000000.0,38320000000.0,0.38648225469728603,2023-10-18
MARICO,531642,Household & Personal Products,Consumer Defensive,FY25,2025-03-31,16290000000.0,39750000000.0,0.409811320754717,2024-10-16
MARUTI,532500,Auto Manufacturers,Consumer Cyclical,FY23,2023-03-31,82637000000.0,746002000000.0,0.11077316146605505,2022-10-19
MARUTI,532500,Auto Manufacturers,Consumer Cyclical,FY24,2024-03-31,134882000000.0,856360000000.0,0.1575061889859405,2023-10-20
MARUTI,532500,Auto Manufacturers,Consumer Cyclical,FY25,2025-03-31,145002000000.0,962399000000.0,0.15066723884792066,2024-10-21
MAXHEALTH,543220,Medical Care Facilities,Healthcare,FY23,2023-03-31,11035100000.0,74095900000.0,0.14892996778499215,2022-10-17
MAXHEALTH,543220,Medical Care Facilities,Healthcare,FY24,2024-03-31,10576400000.0,84081400000.0,0.12578762960654793,2023-10-20
MAXHEALTH,543220,Medical Care Facilities,Healthcare,FY25,2025-03-31,10758800000.0,93808700000.0,0.11468872290096761,2024-10-15
MRF,500290,Auto Parts,Consumer Cyclical,FY23,2023-03-31,7689400000.0,147076600000.0,0.0522816002001678,2022-10-19
MRF,500290,Auto Parts,Consumer Cyclical,FY24,2024-03-31,20812300000.0,167029900000.0,0.12460224187405967,2023-10-20
MRF,500290,Auto Parts,Consumer Cyclical,FY25,2025-03-31,18692900000.0,184884600000.0,0.10110577084300153,2024-10-18
MAHSCOOTER,500266,Asset Management,Financial Services,FY23,2023-03-31,1952900000.0,190428100000.0,0.010255314210455285,2022-10-17
MAHSCOOTER,500266,Asset Management,Financial Services,FY24,2024-03-31,1993100000.0,270167300000.0,0.007377280670162525,2023-10-16
MAHSCOOTER,500266,Asset Management,Financial Services,FY25,2025-03-31,2143500000.0,308628600000.0,0.006945240978963064,2024-10-15
M&MFIN,532720,Credit Services,Financial Services,FY23,2023-03-31,20724000000.0,185600900000.0,0.11165894130901305,2022-10-18
M&MFIN,532720,Credit Services,Financial Services,FY24,2024-03-31,19326900000.0,199332500000.0,0.09695809765090992,2023-10-20
M&MFIN,532720,Credit Services,Financial Services,FY25,2025-03-31,22618700000.0,215294600000.0,0.10505930014036581,2024-10-17
MFSL,500271,Insurance - Life,Financial Services,FY23,2023-03-31,3784860000.0,35182386000.0,0.10757826373685969,2022-10-12
MFSL,500271,Insurance - Life,Financial Services,FY24,2024-03-31,3401071000.0,38659257000.0,0.08797559146053945,2023-10-18
MFSL,500271,Insurance - Life,Financial Services,FY25,2025-03-31,3272281000.0,52745179000.0,0.062039433025717856,2024-10-18
MAZDOCK,543237,Aerospace & Defense,Industrials,FY23,2023-03-31,11190300000.0,47601600000.0,0.2350824342038923,2022-10-14
MAZDOCK,543237,Aerospace & Defense,Industrials,FY24,2024-03-31,19369700000.0,62434700000.0,0.3102393380604055,2023-10-19
MAZDOCK,543237,Aerospace & Defense,Industrials,FY25,2025-03-31,24135100000.0,79398800000.0,0.3039731079059129,2024-10-17
MPHASIS,526299,Information Technology Services,Technology,FY23,2023-03-31,16379220000.0,79348390000.0,0.20642157956828108,2022-10-13
MPHASIS,526299,Information Technology Services,Technology,FY24,2024-03-31,15548200000.0,87946000000.0,0.17679257726332068,2023-10-10
MPHASIS,526299,Information Technology Services,Technology,FY25,2025-03-31,17021390000.0,96283960000.0,0.17678323575390958,2024-10-09
MCX,534091,Financial Data & Stock Exchanges,Financial Services,FY23,2023-03-31,1489700000.0,14793000000.0,0.10070303521936051,2022-10-17
MCX,534091,Financial Data & Stock Exchanges,Financial Services,FY24,2024-03-31,831100000.0,13784700000.0,0.060291482585765374,2023-10-20
MCX,534091,Financial Data & Stock Exchanges,Financial Services,FY25,2025-03-31,5600400000.0,18844000000.0,0.2971980471237529,2024-10-21
NATCOPHARM,524816,Drug Manufacturers - Specialty & Generic,Healthcare,FY23,2023-03-31,7153000000.0,48738000000.0,0.1467643317329394,2022-10-18
NATCOPHARM,524816,Drug Manufacturers - Specialty & Generic,Healthcare,FY24,2024-03-31,13883000000.0,58531000000.0,0.23719054859817873,2023-10-11
NATCOPHARM,524816,Drug Manufacturers - Specialty & Generic,Healthcare,FY25,2025-03-31,18854000000.0,76070000000.0,0.24785066386223215,2024-10-16
NBCC,534309,Engineering & Construction,Industrials,FY23,2023-03-31,2666650000.0,19445014000.0,0.13713798303256558,2022-10-19
NBCC,534309,Engineering & Construction,Industrials,FY24,2024-03-31,4015572000.0,22256203000.0,0.1804248460530307,2023-10-20
NBCC,534309,Engineering & Construction,Industrials,FY25,2025-03-31,5411300000.0,24790569000.0,0.21828058888039237,2024-10-21
NHPC,533098,Utilities - Renewable,Utilities,FY23,2023-03-31,39033100000.0,369552900000.0,0.1056224968062759,2022-10-18
NHPC,533098,Utilities - Renewable,Utilities,FY24,2024-03-31,35959500000.0,386685900000.0,0.09299408124268302,2023-10-11
NHPC,533098,Utilities - Renewable,Utilities,FY25,2025-03-31,30066700000.0,396681600000.0,0.07579554988181958,2024-10-15
NLCINDIA,513683,Utilities - Regulated Electric,Utilities,FY23,2023-03-31,13956800000.0,151688400000.0,0.09200967246012219,2022-10-20
NLCINDIA,513683,Utilities - Regulated Electric,Utilities,FY24,2024-03-31,18540800000.0,165310500000.0,0.11215742496695612,2023-10-17
NLCINDIA,513683,Utilities - Regulated Electric,Utilities,FY25,2025-03-31,26213600000.0,187229700000.0,0.14000770176953764,2024-10-18
NUVOCO,543334,Building Materials,Basic Materials,FY23,2023-03-31,158600000.0,88389900000.0,0.0017943226545114317,2022-10-17
NUVOCO,543334,Building Materials,Basic Materials,FY24,2024-03-31,1473700000.0,89835200000.0,0.016404482875309455,2023-10-20
NUVOCO,543334,Building Materials,Basic Materials,FY25,2025-03-31,218400000.0,90023200000.0,0.0024260412871348717,2024-10-16
NH,539551,Medical Care Facilities,Healthcare,FY23,2023-03-31,6062480000.0,21313820000.0,0.28443892272713195,2022-10-15
NH,539551,Medical Care Facilities,Healthcare,FY24,2024-03-31,7892620000.0,28836810000.0,0.27369948340333067,2023-10-20
NH,539551,Medical Care Facilities,Healthcare,FY25,2025-03-31,7901550000.0,36263550000.0,0.21789234644705222,2024-10-10
NATIONALUM,532234,Aluminum,Basic Materials,FY23,2023-03-31,14346600000.0,131263700000.0,0.109296020148754,2022-10-20
NATIONALUM,532234,Aluminum,Basic Materials,FY24,2024-03-31,19884600000.0,143880900000.0,0.13820180440906332,2023-10-17
NATIONALUM,532234,Aluminum,Basic Materials,FY25,2025-03-31,52679400000.0,178054400000.0,0.2958612648718594,2024-10-18
NAVINFLUOR,532504,Chemicals,Basic Materials,FY23,2023-03-31,3751800000.0,21849500000.0,0.17171102313554085,2023-01-18
NAVINFLUOR,532504,Chemicals,Basic Materials,FY24,2024-03-31,2705000000.0,23826700000.0,0.11352810082806264,2023-10-19
NAVINFLUOR,532504,Chemicals,Basic Materials,FY25,2025-03-31,2885800000.0,26262300000.0,0.10988374970965986,2024-10-16
NESTLEIND,500790,Packaged Foods,Consumer Defensive,FY23,2023-03-31,23905200000.0,24591700000.0,0.9720840771479808,2022-10-19
NESTLEIND,500790,Packaged Foods,Consumer Defensive,FY25,2025-03-31,32075900000.0,40102100000.0,0.7998558678971924,2024-10-17
OBEROIRLTY,533273,Real Estate - Development,Real Estate,FY23,2023-03-31,19045471000.0,122101198000.0,0.1559810330444096,2022-10-13
OBEROIRLTY,533273,Real Estate - Development,Real Estate,FY24,2024-03-31,19266037000.0,138444120000.0,0.13916110702281903,2023-10-10
OBEROIRLTY,533273,Real Estate - Development,Real Estate,FY25,2025-03-31,22255137000.0,157048662000.0,0.1417085425407827,2024-10-17
OIL,533106,Oil & Gas Integrated,Energy,FY23,2023-03-31,87285900000.0,384814900000.0,0.22682567644859905,2022-10-19
OIL,533106,Oil & Gas Integrated,Energy,FY24,2024-03-31,63351000000.0,483389900000.0,0.13105569644711237,2023-10-19
OIL,533106,Oil & Gas Integrated,Energy,FY25,2025-03-31,65509300000.0,497677200000.0,0.13163010079625911,2024-10-18
ONGC,500312,Oil & Gas Integrated,Energy,FY23,2023-03-31,367093340000.0,2845453780000.0,0.12901047368268972,2022-10-20
ONGC,500312,Oil & Gas Integrated,Energy,FY24,2024-03-31,491439260000.0,3390688760000.0,0.14493788571735497,2023-10-18
ONGC,500312,Oil & Gas Integrated,Energy,FY25,2025-03-31,362256230000.0,3434404760000.0,0.10547860701194696,2024-10-18
OFSS,532466,Software - Infrastructure,Technology,FY23,2023-03-31,18061410000.0,74589070000.0,0.2421455315101797,2022-10-12
OFSS,532466,Software - Infrastructure,Technology,FY24,2024-03-31,22194000000.0,78588000000.0,0.28240952817224,2023-10-13
OFSS,532466,Software - Infrastructure,Technology,FY25,2025-03-31,23796000000.0,83624000000.0,0.2845594566153257,2024-10-16
PARADEEP,543530,Agricultural Inputs,Basic Materials,FY23,2023-03-31,3041926000.0,35047023000.0,0.08679556035330019,2022-10-20
PARADEEP,543530,Agricultural Inputs,Basic Materials,FY24,2024-03-31,999092000.0,35644001000.0,0.02802973773903777,2023-10-10
PARADEEP,543530,Agricultural Inputs,Basic Materials,FY25,2025-03-31,5517855000.0,40768839000.0,0.1353449137955584,2024-10-18
PATANJALI,500368,Packaged Foods,Consumer Defensive,FY23,2023-03-31,8864411000.0,98465667000.0,0.09002539941155327,2022-10-18
PATANJALI,500368,Packaged Foods,Consumer Defensive,FY24,2024-03-31,7651509000.0,102053132000.0,0.07497573910813438,2023-10-21
PATANJALI,500368,Packaged Foods,Consumer Defensive,FY25,2025-03-31,13007064000.0,113708889000.0,0.11438915738592785,2024-10-18
POLICYBZR,543390,Insurance Brokers,Financial Services,FY23,2023-03-31,-4872200000.0,54763000000.0,-0.08896882931906579,2022-10-20
POLICYBZR,543390,Insurance Brokers,Financial Services,FY24,2024-03-31,669800000.0,58710300000.0,0.01140856033779422,2023-10-23
POLICYBZR,543390,Insurance Brokers,Financial Services,FY25,2025-03-31,3530100000.0,64322800000.0,0.05488100642384971,2024-10-18
PERSISTENT,533179,Information Technology Services,Technology,FY23,2023-03-31,9210930000.0,39650780000.0,0.23230135699726462,2023-04-20
PERSISTENT,533179,Information Technology Services,Technology,FY24,2024-03-31,10934910000.0,49577070000.0,0.22056386147870377,2023-10-14
PERSISTENT,533179,Information Technology Services,Technology,FY25,2025-03-31,14001610000.0,63190650000.0,0.22157724283576763,2024-10-11
PETRONET,532522,Oil & Gas Refining & Marketing,Energy,FY23,2023-03-31,33258200000.0,152645600000.0,0.21787853695095044,2022-10-20
PETRONET,532522,Oil & Gas Refining & Marketing,Energy,FY24,2024-03-31,36524400000.0,174101100000.0,0.20978845050375902,2023-10-20
PETRONET,532522,Oil & Gas Refining & Marketing,Energy,FY25,2025-03-31,39726800000.0,198775300000.0,0.19985782941844385,2024-10-17
PGEL,533581,Electronic Components,Technology,FY23,2023-03-31,774686000.0,3959278000.0,0.19566345177075214,2022-10-17
PGEL,533581,Electronic Components,Technology,FY24,2024-03-31,1349002000.0,10380815000.0,0.1299514537153393,2023-10-19
PGEL,533581,Electronic Components,Technology,FY25,2025-03-31,2877963000.0,28282070000.0,0.10175927716747749,2024-10-21
PNBHOUSING,540173,Mortgage Finance,Financial Services,FY23,2023-03-31,10460000000.0,110138600000.0,0.09497124532180362,2022-10-20
PNBHOUSING,540173,Mortgage Finance,Financial Services,FY24,2024-03-31,15080100000.0,149744400000.0,0.10070560234639826,2023-10-18
PNBHOUSING,540173,Mortgage Finance,Financial Services,FY25,2025-03-31,19361400000.0,168631300000.0,0.11481498393240164,2024-10-21
POLYCAB,542652,Electrical Equipment & Parts,Industrials,FY23,2023-03-31,12707830000.0,66372070000.0,0.19146351771159165,2022-10-15
POLYCAB,542652,Electrical Equipment & Parts,Industrials,FY24,2024-03-31,17840450000.0,81871340000.0,0.21790836695722826,2023-10-21
POLYCAB,542652,Electrical Equipment & Parts,Industrials,FY25,2025-03-31,20199900000.0,98250250000.0,0.20559642341876994,2024-10-09
PGHH,500459,Household & Personal Products,Consumer Defensive,FY23,2023-03-31,6781400000.0,9460300000.0,0.7168271619293257,2022-10-21
PGHH,500459,Household & Personal Products,Consumer Defensive,FY24,2024-03-31,6750200000.0,7748600000.0,0.8711509175851121,2023-10-21
PGHH,500459,Household & Personal Products,Consumer Defensive,FY25,2025-03-31,6750200000.0,7748600000.0,0.8711509175851121,2024-10-20
PPLPHARMA,543635,Drug Manufacturers - Specialty & Generic,Healthcare,FY23,2023-03-31,-1864600000.0,67735000000.0,-0.027527865948180408,2023-04-19
PPLPHARMA,543635,Drug Manufacturers - Specialty & Generic,Healthcare,FY24,2024-03-31,178200000.0,79113400000.0,0.0022524629203143844,2023-10-20
PPLPHARMA,543635,Drug Manufacturers - Specialty & Generic,Healthcare,FY25,2025-03-31,911300000.0,81254100000.0,0.011215434051943226,2024-10-16
PFC,532810,Credit Services,Financial Services,FY23,2023-03-31,158893300000.0,841584900000.0,0.18880246069053758,2022-10-21
PFC,532810,Credit Services,Financial Services,FY24,2024-03-31,197611600000.0,1011467700000.0,0.195371142350863,2023-10-19
PFC,532810,Credit Services,Financial Services,FY25,2025-03-31,229908100000.0,1177383500000.0,0.19527036008233511,2024-10-17
PRESTIGE,533274,Real Estate - Diversified,Real Estate,FY23,2023-03-31,9418000000.0,99753000000.0,0.09441320060549557,2022-10-21
PRESTIGE,533274,Real Estate - Diversified,Real Estate,FY24,2024-03-31,13741000000.0,112888000000.0,0.12172241513712706,2023-10-20
PRESTIGE,533274,Real Estate - Diversified,Real Estate,FY25,2025-03-31,4675000000.0,154230000000.0,0.030311871879660248,2024-10-21
RADICO,532497,Beverages - Wineries & Distilleries,Consumer Defensive,FY23,2023-03-31,2203513000.0,22078953000.0,0.0998015168563473,2022-10-18
RADICO,532497,Beverages - Wineries & Distilleries,Consumer Defensive,FY24,2024-03-31,2621746000.0,24396183000.0,0.10746541784835767,2023-10-17
RADICO,532497,Beverages - Wineries & Distilleries,Consumer Defensive,FY25,2025-03-31,3456113000.0,27537110000.0,0.12550746973810978,2024-10-10
REDINGTON,532805,Information Technology Services,Technology,FY23,2023-03-31,13925600000.0,69273500000.0,0.20102347939688336,2022-10-13
REDINGTON,532805,Information Technology Services,Technology,FY24,2024-03-31,12186200000.0,75487200000.0,0.16143399145815449,2023-10-16
REDINGTON,532805,Information Technology Services,Technology,FY25,2025-03-31,16048400000.0,87210400000.0,0.18401933714327648,2024-10-18
RELIANCE,500325,Oil & Gas Refining & Marketing,Energy,FY23,2023-03-31,667020000000.0,7158720000000.0,0.09317587501676278,2022-10-20
RELIANCE,500325,Oil & Gas Refining & Marketing,Energy,FY24,2024-03-31,696210000000.0,7934810000000.0,0.08774123135903696,2023-10-19
RELIANCE,500325,Oil & Gas Refining & Marketing,Energy,FY25,2025-03-31,696480000000.0,8432000000000.0,0.08259962049335863,2024-10-15
RPOWER,532939,Utilities - Independent Power Producers,Utilities,FY23,2023-03-31,-4707700000.0,115953800000.0,-0.0405997906062587,2022-10-21
RPOWER,532939,Utilities - Independent Power Producers,Utilities,FY24,2024-03-31,-20683800000.0,116138600000.0,-0.1780958268827074,2023-10-20
RPOWER,532939,Utilities - Independent Power Producers,Utilities,FY25,2025-03-31,29478300000.0,163371800000.0,0.18043689302560173,2024-10-17
RAINBOW,543524,Medical Care Facilities,Healthcare,FY23,2023-03-31,2108340000.0,10599100000.0,0.1989168891698352,2022-10-18
RAINBOW,543524,Medical Care Facilities,Healthcare,FY24,2024-03-31,2170010000.0,12589280000.0,0.17236966689119632,2023-10-19
RAINBOW,543524,Medical Care Facilities,Healthcare,FY25,2025-03-31,2434240000.0,14681930000.0,0.16579836574619278,2024-10-17
MOTHERSON,517334,Auto Parts,Consumer Cyclical,FY23,2023-03-31,14956000000.0,224515000000.0,0.06661470280382158,2022-10-20
MOTHERSON,517334,Auto Parts,Consumer Cyclical,FY24,2024-03-31,27162000000.0,261549000000.0,0.10385052131722927,2023-10-13
MOTHERSON,517334,Auto Parts,Consumer Cyclical,FY25,2025-03-31,38030000000.0,348803000000.0,0.10903002554450507,2024-10-16
SBICARD,543066,Credit Services,Financial Services,FY23,2023-03-31,22584700000.0,98300500000.0,0.22975162893372872,2022-10-18
SBICARD,543066,Credit Services,Financial Services,FY24,2024-03-31,24078800000.0,120840300000.0,0.1992613391393434,2023-10-17
SBICARD,543066,Credit Services,Financial Services,FY25,2025-03-31,19164100000.0,137817200000.0,0.13905448666784698,2024-10-21
SHREECEM,500387,Building Materials,Basic Materials,FY23,2023-03-31,12707000000.0,186364000000.0,0.06818376939752313,2022-10-18
SHREECEM,500387,Building Materials,Basic Materials,FY24,2024-03-31,23957000000.0,207029200000.0,0.1157179760149776,2023-10-11
SHREECEM,500387,Building Materials,Basic Materials,FY25,2025-03-31,11227700000.0,215377500000.0,0.0521303293055217,2024-10-11
SHYAMMETL,543299,Steel,Basic Materials,FY23,2023-03-31,8526800000.0,72759600000.0,0.11719140841895777,2022-10-12
SHYAMMETL,543299,Steel,Basic Materials,FY24,2024-03-31,10347900000.0,96466700000.0,0.10726914054279871,2023-10-18
SHYAMMETL,543299,Steel,Basic Materials,FY25,2025-03-31,9081000000.0,105533300000.0,0.08604866899831617,2024-10-21
SJVN,533206,Utilities - Renewable,Utilities,FY23,2023-03-31,13593000000.0,138595400000.0,0.09807684814936138,2022-10-04
SJVN,533206,Utilities - Renewable,Utilities,FY24,2024-03-31,9114400000.0,140708500000.0,0.0647750491263854,2023-10-04
SJVN,533206,Utilities - Renewable,Utilities,FY25,2025-03-31,8196600000.0,141786500000.0,0.05780945294509703,2024-10-11
SOBHA,532784,Real Estate - Development,Real Estate,FY23,2023-03-31,1042050000.0,24946710000.0,0.041771039147045844,2022-10-20
SOBHA,532784,Real Estate - Development,Real Estate,FY24,2024-03-31,491130000.0,25140740000.0,0.019535224500153932,2023-10-18
SOBHA,532784,Real Estate - Development,Real Estate,FY25,2025-03-31,946860000.0,45605060000.0,0.020762169811858595,2024-10-10
SOLARINDS,532725,Specialty Chemicals,Basic Materials,FY23,2023-03-31,7571900000.0,26103400000.0,0.29007332378157635,2023-04-11
SOLARINDS,532725,Specialty Chemicals,Basic Materials,FY24,2024-03-31,8359300000.0,33056000000.0,0.25288298644724105,2023-10-12
SOLARINDS,532725,Specialty Chemicals,Basic Materials,FY25,2025-03-31,12094400000.0,43863400000.0,0.27572873967818273,2024-10-10
SONACOMS,543300,Auto Parts,Consumer Cyclical,FY23,2023-03-31,3952970000.0,22902000000.0,0.17260370273338574,2022-10-20
SONACOMS,543300,Auto Parts,Consumer Cyclical,FY24,2024-03-31,5172670000.0,26503280000.0,0.19517093733303953,2023-10-13
SONACOMS,543300,Auto Parts,Consumer Cyclical,FY25,2025-03-31,6012130000.0,54947700000.0,0.10941549873789076,2024-10-16
SRF,503806,Conglomerates,Industrials,FY23,2023-03-31,21623400000.0,103270500000.0,0.20938602989237004,2022-10-13
SRF,503806,Conglomerates,Industrials,FY24,2024-03-31,13357100000.0,114790200000.0,0.11636097855043374,2023-10-18
SRF,503806,Conglomerates,Industrials,FY25,2025-03-31,12507800000.0,126262000000.0,0.09906226734884604,2024-10-18
SAIL,500113,Steel,Basic Materials,FY23,2023-03-31,21765300000.0,547466700000.0,0.03975639066266496,2022-10-14
SAIL,500113,Steel,Basic Materials,FY24,2024-03-31,30666700000.0,571012200000.0,0.05370585777326649,2023-10-13
SAIL,500113,Steel,Basic Materials,FY25,2025-03-31,23718200000.0,589056100000.0,0.04026475576774436,2024-10-17
SUMICHEM,542920,Agricultural Inputs,Basic Materials,FY23,2023-03-31,5022090000.0,23817800000.0,0.21085448698032563,2022-10-11
SUMICHEM,542920,Agricultural Inputs,Basic Materials,FY24,2024-03-31,3695410000.0,24415670000.0,0.1513540279664658,2023-10-06
SUMICHEM,542920,Agricultural Inputs,Basic Materials,FY25,2025-03-31,5054960000.0,29011450000.0,0.17424017069122708,2024-10-04
SUNDRMFAST,500403,Auto Parts,Consumer Cyclical,FY23,2023-03-31,4946900000.0,30157100000.0,0.16403765614067667,2022-10-14
SUNDRMFAST,500403,Auto Parts,Consumer Cyclical,FY24,2024-03-31,5216800000.0,34207300000.0,0.1525054593610136,2023-10-11
SUNDRMFAST,500403,Auto Parts,Consumer Cyclical,FY25,2025-03-31,5391000000.0,38103100000.0,0.14148455112576142,2024-10-15
SARDAEN,504614,Steel,Basic Materials,FY23,2023-03-31,6021100000.0,34100800000.0,0.17656770515647727,2022-10-20
SARDAEN,504614,Steel,Basic Materials,FY24,2024-03-31,5230000000.0,38886400000.0,0.1344943219223173,2023-10-20
SARDAEN,504614,Steel,Basic Materials,FY25,2025-03-31,6998200000.0,62864300000.0,0.11132232443533134,2024-10-18
SCHAEFFLER,505790,Auto Parts,Consumer Cyclical,FY23,2023-03-31,8792100000.0,42859000000.0,0.20514011059520754,2022-10-14
SCHAEFFLER,505790,Auto Parts,Consumer Cyclical,FY24,2024-03-31,8990200000.0,48053500000.0,0.18708730893691405,2023-10-09
SCHAEFFLER,505790,Auto Parts,Consumer Cyclical,FY25,2025-03-31,9388600000.0,53344300000.0,0.17600005998766505,2024-10-11
SUNPHARMA,524715,Drug Manufacturers - Specialty & Generic,Healthcare,FY23,2023-03-31,84735800000.0,559953800000.0,0.15132641300050112,2022-10-20
SUNPHARMA,524715,Drug Manufacturers - Specialty & Generic,Healthcare,FY24,2024-03-31,95763800000.0,636667500000.0,0.15041414867258027,2023-10-19
SUNPHARMA,524715,Drug Manufacturers - Specialty & Generic,Healthcare,FY25,2025-03-31,109290400000.0,722180200000.0,0.15133397453987246,2024-10-17
SYNGENE,539268,Diagnostics & Research,Healthcare,FY23,2023-03-31,4644000000.0,36180000000.0,0.12835820895522387,2022-10-14
SYNGENE,539268,Diagnostics & Research,Healthcare,FY24,2024-03-31,5100000000.0,42577000000.0,0.11978298142189445,2023-10-13
SYNGENE,539268,Diagnostics & Research,Healthcare,FY25,2025-03-31,4962000000.0,47268000000.0,0.10497588220360497,2024-10-17
SYRMA,543573,Electronic Components,Technology,FY23,2023-03-31,1193200000.0,15402780000.0,0.07746653526181638,2023-01-17
SYRMA,543573,Electronic Components,Technology,FY24,2024-03-31,1073280000.0,16126080000.0,0.06655554232646743,2023-10-12
SYRMA,543573,Electronic Components,Technology,FY25,2025-03-31,1698710000.0,17499640000.0,0.09707113974916055,2024-10-18
TATAELXSI,500408,Software - Application,Technology,FY23,2023-03-31,7551932000.0,20857671000.0,0.36206976320606454,2022-10-19
TATAELXSI,500408,Software - Application,Technology,FY24,2024-03-31,7922379000.0,25056563000.0,0.3161797968859496,2023-10-09
TATAELXSI,500408,Software - Application,Technology,FY25,2025-03-31,7849368000.0,28599685000.0,0.2744564494329221,2024-10-08
TATASTEEL,500470,Steel,Basic Materials,FY23,2023-03-31,87604000000.0,1030821000000.0,0.08498468696310998,2022-10-20
TATASTEEL,500470,Steel,Basic Materials,FY24,2024-03-31,-44374400000.0,920357600000.0,-0.04821430278839443,2023-10-20
TATASTEEL,500470,Steel,Basic Materials,FY25,2025-03-31,34205100000.0,911696300000.0,0.03751808579238503,2024-10-17
FEDERALBNK,500469,Banks - Regional,Financial Services,FY23,2023-03-31,31647191000.0,221224090000.0,0.14305490419239605,2022-10-17
FEDERALBNK,500469,Banks - Regional,Financial Services,FY24,2024-03-31,38804276000.0,301053546000.0,0.1288949308705369,2023-10-16
FEDERALBNK,500469,Banks - Regional,Financial Services,FY25,2025-03-31,41588458000.0,345383240000.0,0.12041249598561876,2024-10-09
GESHIP,500620,Marine Shipping,Industrials,FY23,2023-03-31,25750100000.0,102753600000.0,0.25060046557979476,2022-10-13
GESHIP,500620,Marine Shipping,Industrials,FY24,2024-03-31,26141800000.0,123974500000.0,0.21086433097128846,2023-10-17
GESHIP,500620,Marine Shipping,Industrials,FY25,2025-03-31,23442600000.0,142591600000.0,0.16440379377186315,2024-10-10
NIACL,540769,Insurance - Diversified,Financial Services,FY23,2023-03-31,10480008000.0,258634968000.0,0.040520460481584995,2022-10-12
NIACL,540769,Insurance - Diversified,Financial Services,FY24,2024-03-31,11164800000.0,282959800000.0,0.03945719497964022,2023-10-10
NIACL,540769,Insurance - Diversified,Financial Services,FY25,2025-03-31,10366300000.0,289951100000.0,0.035751890577411155,2024-10-14
PHOENIXLTD,503100,Real Estate - Diversified,Real Estate,FY23,2023-03-31,13349608000.0,83797656000.0,0.15930765414249773,2022-10-20
PHOENIXLTD,503100,Real Estate - Diversified,Real Estate,FY24,2024-03-31,10992088000.0,94577110000.0,0.11622355557280192,2023-10-20
PHOENIXLTD,503100,Real Estate - Diversified,Real Estate,FY25,2025-03-31,9842257000.0,104481460000.0,0.09420099030009726,2024-10-18
RAMCOCEM,500260,Building Materials,Basic Materials,FY23,2023-03-31,3145200000.0,68610600000.0,0.04584131314986314,2022-10-13
RAMCOCEM,500260,Building Materials,Basic Materials,FY24,2024-03-31,3599500000.0,72379000000.0,0.04973127564625098,2023-10-19
RAMCOCEM,500260,Building Materials,Basic Materials,FY25,2025-03-31,2726500000.0,74416500000.0,0.036638379929182376,2024-10-18
THERMAX,500411,Conglomerates,Industrials,FY23,2023-03-31,4502900000.0,38680700000.0,0.11641206079517692,2022-10-19
THERMAX,500411,Conglomerates,Industrials,FY24,2024-03-31,6452800000.0,44398000000.0,0.14533988017478264,2023-10-11
THERMAX,500411,Conglomerates,Industrials,FY25,2025-03-31,6344700000.0,49368900000.0,0.12851613060043873,2024-10-14
TIMKEN,522113,Tools & Accessories,Industrials,FY23,2023-03-31,3907450000.0,20371720000.0,0.19180756460426512,2022-10-12
TIMKEN,522113,Tools & Accessories,Industrials,FY24,2024-03-31,3921420000.0,24172640000.0,0.16222555748979012,2023-10-17
TIMKEN,522113,Tools & Accessories,Industrials,FY25,2025-03-31,4473860000.0,28448650000.0,0.15726088935678845,2024-10-16
TRIDENT,521064,Textile Manufacturing,Consumer Cyclical,FY23,2023-03-31,4407400000.0,41926200000.0,0.1051228110346275,2022-10-21
TRIDENT,521064,Textile Manufacturing,Consumer Cyclical,FY24,2024-03-31,3495200000.0,43154100000.0,0.08099346296180432,2023-10-09
TRIDENT,521064,Textile Manufacturing,Consumer Cyclical,FY25,2025-03-31,3698800000.0,46209900000.0,0.08004345389191493,2024-10-19
TRITURBINE,533655,Specialty Industrial Machinery,Industrials,FY23,2023-03-31,1925500000.0,7603500000.0,0.25323864009995395,2022-10-18
TRITURBINE,533655,Specialty Industrial Machinery,Industrials,FY24,2024-03-31,2692000000.0,9598020000.0,0.28047451453528954,2023-10-19
TRITURBINE,533655,Specialty Industrial Machinery,Industrials,FY25,2025-03-31,3572000000.0,12163770000.0,0.29365895606378617,2024-10-16
TVSHLTD,520056,Auto Parts,Consumer Cyclical,FY23,2023-03-31,6496500000.0,32409900000.0,0.20044801125581999,2022-10-18
TVSHLTD,520056,Auto Parts,Consumer Cyclical,FY24,2024-03-31,8003900000.0,28400700000.0,0.2818205185083466,2023-10-19
TVSHLTD,520056,Auto Parts,Consumer Cyclical,FY25,2025-03-31,11641800000.0,46873900000.0,0.248364228280557,2024-10-19
TATACHEM,500770,Chemicals,Basic Materials,FY23,2023-03-31,23170000000.0,197210000000.0,0.11748897114750774,2022-10-20
TATACHEM,500770,Chemicals,Basic Materials,FY24,2024-03-31,2680000000.0,222410000000.0,0.012049817903871229,2023-10-20
TATACHEM,500770,Chemicals,Basic Materials,FY25,2025-03-31,2350000000.0,215940000000.0,0.010882652588682042,2024-10-11
TATACONSUM,500800,Packaged Foods,Consumer Defensive,FY23,2023-03-31,12037700000.0,162767100000.0,0.0739565919648381,2022-10-18
TATACONSUM,500800,Packaged Foods,Consumer Defensive,FY24,2024-03-31,11503300000.0,160567900000.0,0.07164134300816041,2023-10-17
TATACONSUM,500800,Packaged Foods,Consumer Defensive,FY25,2025-03-31,12784700000.0,200010800000.0,0.06392004831739086,2024-10-11
TATAINVEST,501301,Asset Management,Financial Services,FY23,2023-03-31,2518746000.0,195717825000.0,0.01286927238231878,2022-10-18
TATAINVEST,501301,Asset Management,Financial Services,FY24,2024-03-31,3849636000.0,299651030000.0,0.012847064133235251,2023-10-18
TATAINVEST,501301,Asset Management,Financial Services,FY25,2025-03-31,3120903000.0,310907701000.0,0.010038036979984616,2024-10-18
TMCV,500570,Auto Manufacturers,Consumer Cyclical,FY24,2024-03-31,320450000000.0,849180000000.0,0.37736404531430323,2023-10-20
TMCV,500570,Auto Manufacturers,Consumer Cyclical,FY25,2025-03-31,229590000000.0,1161440000000.0,0.19767702162832346,2024-10-21
TECHNOE,542141,Engineering & Construction,Industrials,FY23,2023-03-31,1868596000.0,19301758000.0,0.09680962739248933,2022-10-14
TECHNOE,542141,Engineering & Construction,Industrials,FY24,2024-03-31,2684573000.0,21632070000.0,0.1241015307365407,2023-10-12
TECHNOE,542141,Engineering & Construction,Industrials,FY25,2025-03-31,4229455000.0,37396219000.0,0.11309846591710247,2024-10-07
INDHOTEL,500850,Lodging,Consumer Cyclical,FY23,2023-03-31,10025900000.0,79819600000.0,0.1256069937709535,2022-10-19
INDHOTEL,500850,Lodging,Consumer Cyclical,FY24,2024-03-31,12590700000.0,94566500000.0,0.1331412286591975,2023-10-18
INDHOTEL,500850,Lodging,Consumer Cyclical,FY25,2025-03-31,19075900000.0,111607100000.0,0.17092012963332978,2024-10-18
SUPREMEIND,509930,Building Products & Equipment,Industrials,FY23,2023-03-31,8653300000.0,44021200000.0,0.1965711975139251,2022-10-19
SUPREMEIND,509930,Building Products & Equipment,Industrials,FY24,2024-03-31,10697200000.0,51088300000.0,0.209386493580722,2023-10-16
SUPREMEIND,509930,Building Products & Equipment,Industrials,FY25,2025-03-31,9608800000.0,56604400000.0,0.16975358806029214,2024-10-16
TATAPOWER,500400,Utilities - Independent Power Producers,Utilities,FY23,2023-03-31,33364400000.0,287874300000.0,0.11589919628115465,2022-10-19
TATAPOWER,500400,Utilities - Independent Power Producers,Utilities,FY24,2024-03-31,36962500000.0,323552900000.0,0.11423943348985591,2023-10-13
TATAPOWER,500400,Utilities - Independent Power Producers,Utilities,FY25,2025-03-31,39710000000.0,358406700000.0,0.11079591983073978,2024-10-16
TORNTPHARM,500420,Drug Manufacturers - Specialty & Generic,Healthcare,FY23,2023-03-31,12452300000.0,61980700000.0,0.2009060885081969,2022-10-13
TORNTPHARM,500420,Drug Manufacturers - Specialty & Generic,Healthcare,FY24,2024-03-31,16563800000.0,68561500000.0,0.2415903969428907,2023-10-13
TORNTPHARM,500420,Drug Manufacturers - Specialty & Generic,Healthcare,FY25,2025-03-31,19112500000.0,75906900000.0,0.25178870432068756,2024-10-16
UCOBANK,532505,Banks - Regional,Financial Services,FY23,2023-03-31,18262851000.0,256036557000.0,0.07132907587098979,2022-10-11
UCOBANK,532505,Banks - Regional,Financial Services,FY24,2024-03-31,16715468000.0,272137860000.0,0.061422795049538494,2023-10-09
UCOBANK,532505,Banks - Regional,Financial Services,FY25,2025-03-31,24679739000.0,308849016000.0,0.07990875062396184,2024-10-05
UNIONBANK,532477,Banks - Regional,Financial Services,FY23,2023-03-31,85116600000.0,788035140000.0,0.10801117320732677,2022-10-15
UNIONBANK,532477,Banks - Regional,Financial Services,FY24,2024-03-31,137971187000.0,975976560000.0,0.1413673162396441,2023-10-17
UNIONBANK,532477,Banks - Regional,Financial Services,FY25,2025-03-31,180269508000.0,1138340782000.0,0.15836163550538596,2024-10-17
UBL,532478,Beverages - Brewers,Consumer Defensive,FY23,2023-03-31,3039800000.0,39648900000.0,0.07666795295708077,2023-04-10
UBL,532478,Beverages - Brewers,Consumer Defensive,FY24,2024-03-31,4100300000.0,41783400000.0,0.09813227262501376,2023-10-12
UBL,532478,Beverages - Brewers,Consumer Defensive,FY25,2025-03-31,4416900000.0,43639200000.0,0.10121404608700435,2024-10-16
UPL,512070,Agricultural Inputs,Basic Materials,FY23,2023-03-31,35700000000.0,298440000000.0,0.11962203457981503,2022-10-19
UPL,512070,Agricultural Inputs,Basic Materials,FY24,2024-03-31,-12000000000.0,277930000000.0,-0.04317633936602742,2023-10-20
UPL,512070,Agricultural Inputs,Basic Materials,FY25,2025-03-31,8970000000.0,321990000000.0,0.0278580080126712,2024-10-18
UTIAMC,543238,Asset Management,Financial Services,FY23,2023-03-31,4373600000.0,38678400000.0,0.11307603210060395,2022-10-21
UTIAMC,543238,Asset Management,Financial Services,FY24,2024-03-31,7656800000.0,43881700000.0,0.17448731475763246,2023-10-20
UTIAMC,543238,Asset Management,Financial Services,FY25,2025-03-31,7314900000.0,45991300000.0,0.1590496463461568,2024-10-17
UNITDSPR,532432,Beverages - Wineries & Distilleries,Consumer Defensive,FY23,2023-03-31,11370000000.0,59990000000.0,0.18953158859809968,2022-07-25
UNITDSPR,532432,Beverages - Wineries & Distilleries,Consumer Defensive,FY24,2024-03-31,14080000000.0,71210000000.0,0.19772503861817162,2023-10-17
UNITDSPR,532432,Beverages - Wineries & Distilleries,Consumer Defensive,FY25,2025-03-31,15820000000.0,81040000000.0,0.1952122408687068,2024-10-21
VGUARD,532953,Electrical Equipment & Parts,Industrials,FY23,2023-03-31,1891200000.0,16076200000.0,0.11763974073475075,2022-10-18
VGUARD,532953,Electrical Equipment & Parts,Industrials,FY24,2024-03-31,2575800000.0,18142200000.0,0.141978370870126,2023-10-12
VGUARD,532953,Electrical Equipment & Parts,Industrials,FY25,2025-03-31,3137200000.0,20978300000.0,0.14954500603004056,2024-10-10
VBL,540180,Beverages - Non-Alcoholic,Consumer Defensive,FY23,2023-03-31,14974330000.0,51023800000.0,0.29347735762526506,2022-10-12
VBL,540180,Beverages - Non-Alcoholic,Consumer Defensive,FY24,2024-03-31,20559220000.0,69364980000.0,0.29639192572390277,2023-10-09
VBL,540180,Beverages - Non-Alcoholic,Consumer Defensive,FY25,2025-03-31,25946330000.0,166098290000.0,0.15621069909870836,2024-10-11
MANYAVAR,543463,Apparel Manufacturing,Consumer Cyclical,FY23,2023-03-31,4291080000.0,13998800000.0,0.30653198845615337,2022-10-20
MANYAVAR,543463,Apparel Manufacturing,Consumer Cyclical,FY24,2024-03-31,4141720000.0,16018800000.0,0.2585536994032012,2023-10-20
MANYAVAR,543463,Apparel Manufacturing,Consumer Cyclical,FY25,2025-03-31,3884720000.0,17863100000.0,0.21747177141705526,2024-10-21
VINATIORGA,524200,Specialty Chemicals,Basic Materials,FY23,2023-03-31,4191582000.0,22129739000.0,0.18940946388929394,2022-10-13
VINATIORGA,524200,Specialty Chemicals,Basic Materials,FY24,2024-03-31,3229800000.0,24615800000.0,0.13120841085806678,2023-10-06
VINATIORGA,524200,Specialty Chemicals,Basic Materials,FY25,2025-03-31,4052500000.0,27932800000.0,0.14508033566273343,2024-10-10
VOLTAS,500575,"Furnishings, Fixtures & Appliances",Consumer Cyclical,FY23,2023-03-31,1350100000.0,54520700000.0,0.024763071640679594,2022-10-13
VOLTAS,500575,"Furnishings, Fixtures & Appliances",Consumer Cyclical,FY24,2024-03-31,2520000000.0,58205000000.0,0.04329524954900782,2023-10-09
VOLTAS,500575,"Furnishings, Fixtures & Appliances",Consumer Cyclical,FY25,2025-03-31,8413700000.0,65132500000.0,0.12917821364142326,2024-10-18
VEDL,500295,Other Industrial Metals & Mining,Basic Materials,FY23,2023-03-31,105740000000.0,394230000000.0,0.26821905993962913,2022-10-17
VEDL,500295,Other Industrial Metals & Mining,Basic Materials,FY24,2024-03-31,42390000000.0,307220000000.0,0.13797929822277197,2023-10-13
VEDL,500295,Other Industrial Metals & Mining,Basic Materials,FY25,2025-03-31,149880000000.0,382990000000.0,0.39134181049113553,2024-10-18
IDEA,532822,Telecom Services,Communication Services,FY23,2023-03-31,-293011000000.0,-743591000000.0,-0.3940486100557968,2022-10-18
IDEA,532822,Telecom Services,Communication Services,FY24,2024-03-31,-312384000000.0,-1041668000000.0,-0.29988825614303216,2023-10-19
IDEA,532822,Telecom Services,Communication Services,FY25,2025-03-31,-273834000000.0,-703202000000.0,-0.3894101552612194,2024-10-18
WHIRLPOOL,500238,"Furnishings, Fixtures & Appliances",Consumer Cyclical,FY23,2023-03-31,2190200000.0,35203700000.0,0.062215051258816545,2022-10-20
WHIRLPOOL,500238,"Furnishings, Fixtures & Appliances",Consumer Cyclical,FY24,2024-03-31,2170400000.0,36886000000.0,0.05884075258905818,2023-10-21
WHIRLPOOL,500238,"Furnishings, Fixtures & Appliances",Consumer Cyclical,FY25,2025-03-31,3590000000.0,39497800000.0,0.09089113824061087,2024-10-14
WIPRO,507685,Information Technology Services,Technology,FY23,2023-03-31,113500000000.0,781164000000.0,0.14529599418303968,2022-10-20
WIPRO,507685,Information Technology Services,Technology,FY24,2024-03-31,110452000000.0,749883000000.0,0.14729231093383902,2023-10-13
WIPRO,507685,Information Technology Services,Technology,FY25,2025-03-31,131354000000.0,828309000000.0,0.15858091605910354,2024-10-10
WOCKPHARMA,532300,Drug Manufacturers - Specialty & Generic,Healthcare,FY23,2023-03-31,-5590000000.0,33540000000.0,-0.16666666666666666,2022-10-20
WOCKPHARMA,532300,Drug Manufacturers - Specialty & Generic,Healthcare,FY24,2024-03-31,-4630000000.0,33590000000.0,-0.13783864245311103,2023-10-19
WOCKPHARMA,532300,Drug Manufacturers - Specialty & Generic,Healthcare,FY25,2025-03-31,-470000000.0,43530000000.0,-0.010797151389846084,2024-10-18
YESBANK,532648,Banks - Regional,Financial Services,FY23,2023-03-31,7358186000.0,407181757000.0,0.01807101097606394,2022-10-12
YESBANK,532648,Banks - Regional,Financial Services,FY24,2024-03-31,12852015000.0,421551856000.0,0.030487388009507423,2023-10-13
YESBANK,532648,Banks - Regional,Financial Services,FY25,2025-03-31,24464926000.0,478324161000.0,0.05114716753770671,2024-10-11
ZFCVINDIA,533023,Auto Parts,Consumer Cyclical,FY23,2023-03-31,3176718000.0,24091152000.0,0.131862436466301,2023-01-19
ZFCVINDIA,533023,Auto Parts,Consumer Cyclical,FY24,2024-03-31,4064465000.0,27903175000.0,0.14566317273930296,2023-10-19
ZFCVINDIA,533023,Auto Parts,Consumer Cyclical,FY25,2025-03-31,4607300000.0,32145404000.0,0.14332686563839733,2024-10-18
ZYDUSLIFE,532321,Drug Manufacturers - Specialty & Generic,Healthcare,FY23,2023-03-31,19603000000.0,175158000000.0,0.11191609860811381,2022-10-05
ZYDUSLIFE,532321,Drug Manufacturers - Specialty & Generic,Healthcare,FY24,2024-03-31,38595000000.0,198295000000.0,0.19463425704127688,2023-10-09
ZYDUSLIFE,532321,Drug Manufacturers - Specialty & Generic,Healthcare,FY25,2025-03-31,45255000000.0,239531000000.0,0.1889317040383082,2024-10-09
