NSE Symbol,FY,ROA,Asset_Growth,Amihud_Illiquidity,BSE Code
360ONE,FY23,0.05878542466713009,,,542772
360ONE,FY24,0.05319253779222626,0.35085498112054436,,542772
360ONE,Q4FY23,,,0.000289251563375551,542772
360ONE,Q4FY24,,,9.92949241593425e-05,542772
3MINDIA,FY23,0.16615646033577575,,,523395
3MINDIA,FY24,0.17961103416649027,0.1966526829791963,,523395
3MINDIA,Q4FY23,,,0.0001971354613227322,523395
3MINDIA,Q4FY24,,,0.00014614711013766573,523395
ABREL,FY23,0.03216890449664207,,,500040
ABREL,FY24,0.00480772890231928,0.24356456261743284,,500040
ABREL,Q4FY23,,,0.00014229771127839114,500040
ABREL,Q4FY24,,,7.959948242334592e-05,500040
ABSLAMC,FY23,0.21390040600834972,,,543374
ABSLAMC,FY24,0.22284221197367107,0.25598969915211683,,543374
ABSLAMC,Q4FY23,,,0.000319536800043742,543374
ABSLAMC,Q4FY24,,,0.00035896080186464474,543374
ACC,FY23,0.03232675588580508,,,500410
ACC,FY24,0.09992065984986138,0.16316091799544646,,500410
ACC,Q4FY23,,,1.0715981300208827e-05,500410
ACC,Q4FY24,,,1.2950325092031524e-05,500410
ADANIENT,FY23,0.01741478524441185,,,512599
ADANIENT,FY24,0.02016264977974185,0.13601191961258574,,512599
ADANIENT,Q4FY23,,,3.0015177612813855e-06,512599
ADANIENT,Q4FY24,,,2.0506086975397485e-06,512599
ADANIGREEN,FY23,0.014459405293864401,,,541450
ADANIGREEN,FY24,0.012424043913347942,0.3143807247517109,,541450
ADANIGREEN,Q4FY23,,,3.182702543030266e-05,541450
ADANIGREEN,Q4FY24,,,1.3202036476988225e-05,541450
ADANIPOWER,FY23,0.1249881293996232,,,533096
ADANIPOWER,FY24,0.22560348647497308,0.07577958238091792,,533096
ADANIPOWER,Q4FY23,,,3.0362349810065153e-05,533096
ADANIPOWER,Q4FY24,,,1.251989315790051e-05,533096
AFFLE,FY23,0.12164425065810709,,,542752
AFFLE,FY24,0.090546788452055,0.6327934028649852,,542752
AFFLE,Q4FY23,,,5.69815007269194e-05,542752
AFFLE,Q4FY24,,,5.655145948513267e-05,542752
AIAENG,FY23,0.15923651385904114,,,532683
AIAENG,FY24,0.15150743704735323,0.13028823161569456,,532683
AIAENG,Q4FY23,,,0.00011714018060345874,532683
AIAENG,Q4FY24,,,5.925836739542704e-05,532683
AJANTPHARM,FY23,0.12566306619762257,,,532331
AJANTPHARM,FY24,0.17595976190014206,-0.008683442259276515,,532331
AJANTPHARM,Q4FY23,,,0.00016820374330519418,532331
AJANTPHARM,Q4FY24,,,7.350799510658555e-05,532331
ALKEM,FY23,0.07154139997746545,,,539523
ALKEM,FY24,0.11529897463226088,0.132172440237994,,539523
ALKEM,Q4FY23,,,4.491394041364308e-05,539523
ALKEM,Q4FY24,,,1.6048911289882052e-05,539523
AMBER,FY23,0.02517947210779822,,,540902
AMBER,FY24,0.020154181333803797,0.05603965221154072,,540902
AMBER,Q4FY23,,,0.00010325849647836561,540902
AMBER,Q4FY24,,,5.576838168405005e-05,540902
AMBUJACEM,FY23,,,,500425
AMBUJACEM,FY24,0.05488783429753894,,,500425
AMBUJACEM,Q4FY23,,,4.400625385709697e-06,500425
AMBUJACEM,Q4FY24,,,7.454946946647978e-06,500425
ANANDRATHI,FY23,0.2698312035835491,,,543415
ANANDRATHI,FY24,0.2557296786578507,0.4095639178893374,,543415
ANANDRATHI,Q4FY23,,,0.0003552452696628852,543415
ANANDRATHI,Q4FY24,,,0.00013701898870205757,543415
ANANTRAJ,FY23,0.03468693585293848,,,515055
ANANTRAJ,FY24,0.054624402924128616,0.11745244569084608,,515055
ANANTRAJ,Q4FY23,,,0.0003162000906012561,515055
ANANTRAJ,Q4FY24,,,6.380905486051548e-05,515055
ANGELONE,FY23,0.11901486438758806,,,543235
ANGELONE,FY24,0.0849215839793966,0.7724413122749049,,543235
ANGELONE,Q4FY23,,,3.238230308367444e-05,543235
ANGELONE,Q4FY24,,,2.1354644465635547e-05,543235
APARINDS,FY23,0.07760369448686669,,,532259
APARINDS,FY24,0.08580809005216436,0.17013501426806935,,532259
APARINDS,Q4FY23,,,0.00024659230451340826,532259
APARINDS,Q4FY24,,,3.8387300895029254e-05,532259
APLLTD,FY23,0.0553128583512728,,,533573
APLLTD,FY24,0.09554144080129329,0.0424967207573231,,533573
APLLTD,Q4FY23,,,0.00018996281095590465,533573
APLLTD,Q4FY24,,,0.00015172139143227283,533573
APOLLOHOSP,FY23,0.056772342283646846,,,508869
APOLLOHOSP,FY24,0.0536378341918809,0.16116802284478576,,508869
APOLLOHOSP,Q4FY23,,,5.988857918233578e-06,508869
APOLLOHOSP,Q4FY24,,,4.578963219996024e-06,508869
APOLLOTYRE,FY23,0.03823505239787817,,,500877
APOLLOTYRE,FY24,0.0638737163611198,-0.014465242150993514,,500877
APOLLOTYRE,Q4FY23,,,2.073490151441115e-05,500877
APOLLOTYRE,Q4FY24,,,1.4646802573650989e-05,500877
ARE&M,FY23,0.09178882904969556,,,500008
ARE&M,FY24,0.104077186291458,0.12756465647167575,,500008
ARE&M,Q4FY23,,,5.0833437262097555e-05,500008
ARE&M,Q4FY24,,,3.5269027413711814e-05,500008
ASTERDM,FY23,0.02855347687014488,,,540975
ASTERDM,FY24,0.0071856913143067405,0.20899591430798592,,540975
ASTERDM,Q4FY23,,,0.0003182931144910055,540975
ASTERDM,Q4FY24,,,0.00013929800121553776,540975
ASTRAL,FY23,0.1044110585168416,,,532830
ASTRAL,FY24,0.12141221458903044,0.028538107978322014,,532830
ASTRAL,Q4FY23,,,2.1008834842353427e-05,532830
ASTRAL,Q4FY24,,,1.3029187106506233e-05,532830
ASTRAZEN,FY23,0.1008153360341974,,,506820
ASTRAZEN,FY24,0.14981957830487092,0.09459116431610264,,506820
ASTRAZEN,Q4FY23,,,0.0005594482983019431,506820
ASTRAZEN,Q4FY24,,,0.00028362047021444144,506820
ATGL,FY23,0.09680442137707473,,,542066
ATGL,FY24,0.10126125251446481,0.16767222291109418,,542066
ATGL,Q4FY23,,,5.954906768278618e-05,542066
ATGL,Q4FY24,,,2.0389869715598738e-05,542066
ATUL,FY23,0.0891282563393077,,,500027
ATUL,FY24,0.049877398753605466,0.12279862274141033,,500027
ATUL,Q4FY23,,,4.17244832221328e-05,500027
ATUL,Q4FY24,,,3.6266908410820085e-05,500027
AUBANK,FY23,0.01582782905454731,,,540611
AUBANK,FY24,0.014025219141016197,0.21292815342407814,,540611
AUBANK,Q4FY23,,,1.3725698200114984e-05,540611
AUBANK,Q4FY24,,,8.530412246539815e-06,540611
AUROPHARMA,FY23,0.048320393161291844,,,524804
AUROPHARMA,FY24,0.07039857328942385,0.12989524439589983,,524804
AUROPHARMA,Q4FY23,,,1.7119636316281228e-05,524804
AUROPHARMA,Q4FY24,,,8.741399250806662e-06,524804
BAJAJHLDNG,FY23,0.09119558698280254,,,500490
BAJAJHLDNG,FY24,0.11152685007676362,0.2251063677777548,,500490
BAJAJHLDNG,Q4FY23,,,5.7982230410306755e-05,500490
BAJAJHLDNG,Q4FY24,,,5.355539925673543e-05,500490
BAJFINANCE,FY23,0.04181173667590137,,,500034
BAJFINANCE,FY24,0.03846039201087172,0.36520967054348835,,500034
BAJFINANCE,Q4FY23,,,1.7523398458957508e-06,500034
BAJFINANCE,Q4FY24,,,1.4258699013302e-06,500034
BALKRISIND,FY23,0.08563565890217256,,,502355
BALKRISIND,FY24,0.10752937256202985,0.10826990701072106,,502355
BALKRISIND,Q4FY23,,,2.1143898526634275e-05,502355
BALKRISIND,Q4FY24,,,1.92975484938025e-05,502355
BANKBARODA,FY23,0.009768273411404318,,,532134
BANKBARODA,FY24,0.011341317806947818,0.08447617005627851,,532134
BANKBARODA,Q4FY23,,,5.669123280541358e-06,532134
BANKBARODA,Q4FY24,,,3.8113567438358055e-06,532134
BATAINDIA,FY23,0.09872786291974105,,,500043
BATAINDIA,FY24,0.07836706010755391,0.023872285017391782,,500043
BATAINDIA,Q4FY23,,,2.4589537072566566e-05,500043
BATAINDIA,Q4FY24,,,2.167325729448603e-05,500043
BAYERCROP,FY23,0.1620570256059505,,,506285
BAYERCROP,FY24,0.16107981118531248,-0.01741974094814688,,506285
BAYERCROP,Q4FY23,,,0.0002788771638609846,506285
BAYERCROP,Q4FY24,,,0.0001505179241769095,506285
BDL,FY23,0.0406085541362714,,,541143
BDL,FY24,0.05925702085774105,0.19228970782057728,,541143
BDL,Q4FY23,,,2.607344932991237e-05,541143
BDL,Q4FY24,,,2.1030741027119166e-05,541143
BEL,FY23,0.08408908469346037,,,500049
BEL,FY24,0.10080583545089039,0.11370462005056468,,500049
BEL,Q4FY23,,,9.12775723375125e-06,500049
BEL,Q4FY24,,,6.169084121453649e-06,500049
BHARATFORG,FY23,0.028740134116346835,,,500493
BHARATFORG,FY24,0.049156142414346744,0.05248700962408618,,500493
BHARATFORG,Q4FY23,,,1.5829084373104525e-05,500493
BHARATFORG,Q4FY24,,,1.1317941649356263e-05,500493
BLUESTARCO,FY23,0.07351612926913446,,,500067
BLUESTARCO,FY24,0.06269784308540777,0.21497308728824138,,500067
BLUESTARCO,Q4FY23,,,0.00017884946588508143,500067
BLUESTARCO,Q4FY24,,,8.094437034413321e-05,500067
BOSCHLTD,FY23,0.08771066249084745,,,500530
BOSCHLTD,FY24,0.14360319335965646,0.06744891492281092,,500530
BOSCHLTD,Q4FY23,,,3.2925255964972004e-05,500530
BOSCHLTD,Q4FY24,,,1.736549080295176e-05,500530
BPCL,FY23,0.011327046358849312,,,500547
BPCL,FY24,0.1326901420453493,0.07589931634826506,,500547
BPCL,Q4FY23,,,1.1947290522864032e-05,500547
BPCL,Q4FY24,,,7.445517961086632e-06,500547
BRIGADE,FY23,0.017793411778785535,,,532929
BRIGADE,FY24,0.025249046472647658,0.09212750978329297,,532929
BRIGADE,Q4FY23,,,0.00019941489781682831,532929
BRIGADE,Q4FY24,,,0.00013156426490087018,532929
CASTROLIND,FY23,0.26560682435052346,,,500870
CASTROLIND,FY24,0.252674762348937,0.11434306176910469,,500870
CASTROLIND,Q4FY23,,,0.00014516876609532437,500870
CASTROLIND,Q4FY24,,,7.060471394733202e-05,500870
CEATLTD,FY23,0.019336652184344758,,,500878
CEATLTD,FY24,0.06430036520086048,0.038084386616714254,,500878
CEATLTD,Q4FY23,,,0.0001184082890537353,500878
CEATLTD,Q4FY24,,,3.758696551764498e-05,500878
CESC,FY23,0.03560760280113248,,,500084
CESC,FY24,0.03703072930371413,-0.014428075601620603,,500084
CESC,Q4FY23,,,0.00010119783690490662,500084
CESC,Q4FY24,,,4.208276593339459e-05,500084
CGCL,FY23,0.017341620881530278,,,531595
CGCL,FY24,0.018442434536538835,0.28376912784071,,531595
CGCL,Q4FY23,,,0.00023229142113622125,531595
CGCL,Q4FY24,,,0.00024093853651996008,531595
CGPOWER,FY23,0.2061855449298022,,,500093
CGPOWER,FY24,0.25365729664008646,0.20492616112830508,,500093
CGPOWER,Q4FY23,,,4.459900426076025e-05,500093
CGPOWER,Q4FY24,,,1.9475523581059658e-05,500093
CHALET,FY23,0.03718117334496099,,,542399
CHALET,FY24,0.04838033326799485,0.1660534094538891,,542399
CHALET,Q4FY23,,,0.00028074124350058226,542399
CHALET,Q4FY24,,,0.0001332224041149531,542399
CHAMBLFERT,FY23,0.08098780977708031,,,500085
CHAMBLFERT,FY24,0.11085266535580508,-0.09875435295186323,,500085
CHAMBLFERT,Q4FY23,,,3.390134863781065e-05,500085
CHAMBLFERT,Q4FY24,,,2.6190465569683275e-05,500085
CHOLAFIN,FY23,0.023452633135287507,,,511243
CHOLAFIN,FY24,0.021827419493496595,0.3789552473930029,,511243
CHOLAFIN,Q4FY23,,,1.3887742907643304e-05,511243
CHOLAFIN,Q4FY24,,,7.543820080970271e-06,511243
CHOLAHLDNG,FY23,0.009846606533195922,,,504973
CHOLAHLDNG,FY24,0.010018897490567223,0.35017685626578227,,504973
CHOLAHLDNG,Q4FY23,,,0.00044863199012991584,504973
CHOLAHLDNG,Q4FY24,,,0.0001850984382388964,504973
COCHINSHIP,FY23,0.03043242545908869,,,540678
COCHINSHIP,FY24,0.06504427383533506,0.20270160557660388,,540678
COCHINSHIP,Q4FY23,,,0.0001554451256719985,540678
COCHINSHIP,Q4FY24,,,1.9301786734477634e-05,540678
COFORGE,FY23,0.12207481437167893,,,532541
COFORGE,FY24,0.13229202482112742,0.07465601576521097,,532541
COFORGE,Q4FY23,,,1.5227256241756385e-05,532541
COFORGE,Q4FY24,,,7.778158055673932e-06,532541
COLPAL,FY23,0.36321553465356254,,,500830
COLPAL,FY24,0.4140927818603298,0.10875541577625696,,500830
COLPAL,Q4FY23,,,2.2284291491456666e-05,500830
COLPAL,Q4FY24,,,1.586180566707115e-05,500830
CONCOR,FY23,0.08718400023764965,,,531344
CONCOR,FY24,0.08880556356760567,0.04278807592906158,,531344
CONCOR,Q4FY23,,,1.5915579478042786e-05,531344
CONCOR,Q4FY24,,,1.4402894604454288e-05,531344
CRAFTSMAN,FY23,0.0652503992938803,,,543276
CRAFTSMAN,FY24,0.06470183223042497,0.23616656859448554,,543276
CRAFTSMAN,Q4FY23,,,0.0002118725533779232,543276
CRAFTSMAN,Q4FY24,,,9.99867684009048e-05,543276
CREDITACC,FY23,0.03779193983008587,,,541770
CREDITACC,FY24,0.05008273056230112,0.3208298067993101,,541770
CREDITACC,Q4FY23,,,0.0001759890534068117,541770
CREDITACC,Q4FY24,,,5.636146600989001e-05,541770
CRISIL,FY23,0.1993606499470152,,,500092
CRISIL,FY24,0.19968520557167943,0.16474390674673262,,500092
CRISIL,Q4FY23,,,0.00013293868792295564,500092
CRISIL,Q4FY24,,,0.00011629430109708835,500092
CUB,FY23,0.014077418213216869,,,532210
CUB,FY24,0.014341241717353596,0.0635383186392907,,532210
CUB,Q4FY23,,,4.488784405586513e-05,532210
CUB,Q4FY24,,,2.5321211654131897e-05,532210
DALBHARAT,FY23,0.040519907606780724,,,542216
DALBHARAT,FY24,0.029766838444628636,0.08636417022276162,,542216
DALBHARAT,Q4FY23,,,4.566725652218206e-05,542216
DALBHARAT,Q4FY24,,,2.0210389138150646e-05,542216
DEEPAKFERT,FY23,0.10595199632963583,,,500645
DEEPAKFERT,FY24,0.0371843550463778,0.0662828194210596,,500645
DEEPAKFERT,Q4FY23,,,8.086137672859893e-05,500645
DEEPAKFERT,Q4FY24,,,4.40439477462775e-05,500645
DEEPAKNTR,FY23,0.16612267340516385,,,506401
DEEPAKNTR,FY24,0.1330152127055782,0.18863892496012666,,506401
DEEPAKNTR,Q4FY23,,,1.2373518111055305e-05,506401
DEEPAKNTR,Q4FY24,,,1.749407141998744e-05,506401
DELHIVERY,FY23,-0.08987250109912845,,,543529
DELHIVERY,FY24,-0.02175723084391715,0.021366343750306552,,543529
DELHIVERY,Q4FY23,,,6.349161259133647e-05,543529
DELHIVERY,Q4FY24,,,3.513044078285467e-05,543529
DEVYANI,FY23,0.08876348717838782,,,543330
DEVYANI,FY24,0.009582049658060535,0.6521758354246024,,543330
DEVYANI,Q4FY23,,,5.6356063613825464e-05,543330
DEVYANI,Q4FY24,,,3.798749936444836e-05,543330
DIXON,FY23,0.05460494120010343,,,540699
DIXON,FY24,0.05259996138140157,0.4940815441196898,,540699
DIXON,Q4FY23,,,1.563539688511528e-05,540699
DIXON,Q4FY24,,,7.3189393315840216e-06,540699
DLF,FY23,0.037750807508296784,,,532868
DLF,FY24,0.04525384378586866,0.11746045246692187,,532868
DLF,Q4FY23,,,9.314865577839316e-06,532868
DLF,Q4FY24,,,5.517415369663572e-06,532868
DMART,FY23,0.13136374155058822,,,540376
DMART,FY24,0.11975945828532573,0.16960459597189706,,540376
DMART,Q4FY23,,,9.12070525877908e-06,540376
DMART,Q4FY24,,,7.297035000996452e-06,540376
ECLERX,FY23,0.21366901191741733,,,532927
ECLERX,FY24,0.17539384707289982,0.2746369349018072,,532927
ECLERX,Q4FY23,,,0.000256271924354347,532927
ECLERX,Q4FY24,,,0.00012950007944781652,532927
EICHERMOT,FY23,0.15178636540741466,,,505200
EICHERMOT,FY24,0.17299472974883615,0.20472776862155972,,505200
EICHERMOT,Q4FY23,,,6.70371996358535e-06,505200
EICHERMOT,Q4FY24,,,5.07360072996555e-06,505200
EIDPARRY,FY23,0.050455627931547176,,,500125
EIDPARRY,FY24,0.041858744707579214,0.1445548308489292,,500125
EIDPARRY,Q4FY23,,,0.00011785517934378524,500125
EIDPARRY,Q4FY24,,,7.335184227107774e-05,500125
ENDURANCE,FY23,0.07050030334645457,,,540153
ENDURANCE,FY24,0.08629399010410498,0.15924270259566659,,540153
ENDURANCE,Q4FY23,,,0.0002289846257558933,540153
ENDURANCE,Q4FY24,,,0.00014226270984165154,540153
ERIS,FY23,0.10420611409723919,,,540596
ERIS,FY24,0.05568528192760132,0.9197791961886147,,540596
ERIS,Q4FY23,,,0.0006469865229918951,540596
ERIS,Q4FY24,,,0.00021543576443109464,540596
ESCORTS,FY23,0.06313985898189729,,,500495
ESCORTS,FY24,0.08681457088210345,0.22969134070318675,,500495
ESCORTS,Q4FY23,,,2.1381022754210924e-05,500495
ESCORTS,Q4FY24,,,1.67206162475979e-05,500495
FEDERALBNK,FY23,0.011808474618439787,,,500469
FEDERALBNK,FY24,0.012208785747406824,0.18594826709798393,,500469
FEDERALBNK,Q4FY23,,,1.0334769937482437e-05,500469
FEDERALBNK,Q4FY24,,,5.641692986866622e-06,500469
FINEORG,FY23,0.3421349874427351,,,541557
FINEORG,FY24,0.19541716231333398,0.16670214761002358,,541557
FINEORG,Q4FY23,,,7.646894733666453e-05,541557
FINEORG,Q4FY24,,,7.034334042420937e-05,541557
FLUOROCHEM,FY23,0.1587326392126189,,,542812
FLUOROCHEM,FY24,0.04710274017849118,0.10305134251762549,,542812
FLUOROCHEM,Q4FY23,,,9.59784971418534e-05,542812
FLUOROCHEM,Q4FY24,,,4.4654018858287764e-05,542812
FORCEMOT,FY23,0.03329845019185728,,,500033
FORCEMOT,FY24,0.0879087772867404,0.09998754173518712,,500033
FORCEMOT,Q4FY23,,,0.00046546224033265334,500033
FORCEMOT,Q4FY24,,,0.0001848265416733976,500033
FSL,FY23,0.09069324403124161,,,532809
FSL,FY24,0.08472063024515752,0.07260031964725462,,532809
FSL,Q4FY23,,,5.9874098474354474e-05,532809
FSL,Q4FY24,,,4.614942430896579e-05,532809
GALLANTT,FY23,0.047785200131929856,,,532726
GALLANTT,FY24,0.07186931675535335,0.0633106620441029,,532726
GALLANTT,Q4FY23,,,0.005676288695928093,532726
GALLANTT,Q4FY24,,,0.0017888344497129767,532726
GESHIP,FY23,0.16930696845050863,,,500620
GESHIP,FY24,0.15553318506936636,0.10511719284218943,,500620
GESHIP,Q4FY23,,,0.00014834401159088132,500620
GESHIP,Q4FY24,,,6.75166673698034e-05,500620
GICRE,FY23,0.04244623045105524,,,540755
GICRE,FY24,0.03624692820345117,0.13348172430914806,,540755
GICRE,Q4FY23,,,0.0003614377102553219,540755
GICRE,Q4FY24,,,9.014584769838702e-05,540755
GLAND,FY23,0.08898204336411077,,,543245
GLAND,FY24,0.07245494569771675,0.21460592296128697,,543245
GLAND,Q4FY23,,,2.7634291672771198e-05,543245
GLAND,Q4FY24,,,3.1740733268457304e-05,543245
GMDCLTD,FY23,0.1732722266044505,,,532181
GMDCLTD,FY24,0.08108438281341199,0.059839879608390635,,532181
GMDCLTD,Q4FY23,,,0.0001056958389678463,532181
GMDCLTD,Q4FY24,,,3.799153326418539e-05,532181
GMRAIRPORT,FY23,-0.004063799337269275,,,532754
GMRAIRPORT,FY24,-0.01148797959700972,0.10363821803101826,,532754
GMRAIRPORT,Q4FY23,,,4.974195628418704e-05,532754
GMRAIRPORT,Q4FY24,,,2.2446665398167536e-05,532754
GODFRYPHLP,FY23,0.13897643907340118,,,500163
GODFRYPHLP,FY24,0.15112163773258594,0.17612496152804846,,500163
GODFRYPHLP,Q4FY23,,,0.0002883706169354628,500163
GODFRYPHLP,Q4FY24,,,0.00010068478772325986,500163
GODREJIND,FY23,0.022166660413120622,,,500164
GODREJIND,FY24,0.000974358307797791,0.39961637337535716,,500164
GODREJIND,Q4FY23,,,0.0002661093549094392,500164
GODREJIND,Q4FY24,,,0.00011817278572964738,500164
GPIL,FY23,0.15377900633570316,,,532734
GPIL,FY24,0.1686747611519241,0.07479142488138364,,532734
GPIL,Q4FY23,,,0.0001885902836229673,532734
GPIL,Q4FY24,,,8.141467486819505e-05,532734
GRSE,FY23,0.021169768245028402,0.4119426750319638,,542011
GRSE,FY24,0.03484889463173254,-0.04862908016649844,,542011
GRSE,Q4FY23,,,0.00018498501966599676,542011
GRSE,Q4FY24,,,4.4740159604452534e-05,542011
HAL,FY23,0.08671741776506686,,,541154
HAL,FY24,0.09758668844863409,0.1620649427562132,,541154
HAL,Q4FY23,,,7.044353175244617e-06,541154
HAL,Q4FY24,,,3.5698412897664097e-06,541154
HATSUN,FY23,0.04475424926183884,,,531531
HATSUN,FY24,0.056450386516284375,0.2775733952369713,,531531
HATSUN,Q4FY23,,,0.000689061955168454,531531
HATSUN,Q4FY24,,,0.0005505135668814118,531531
HCLTECH,FY23,0.15898555844600742,,,532281
HCLTECH,FY24,0.15737093718993356,0.0681504319619745,,532281
HCLTECH,Q4FY23,,,4.244832897107086e-06,532281
HCLTECH,Q4FY24,,,3.656392251232442e-06,532281
HDFCAMC,FY23,0.21776920323004098,,,541729
HDFCAMC,FY24,0.2571787896238342,0.15570504915745378,,541729
HDFCAMC,Q4FY23,,,2.2434561640055338e-05,541729
HDFCAMC,Q4FY24,,,1.0718091023564613e-05,541729
HDFCBANK,FY23,0.01923645491951583,0.21985333176121075,,500180
HDFCBANK,FY24,0.014113253391037828,0.7129685151483808,,500180
HDFCBANK,Q4FY23,,,9.764833958341997e-07,500180
HDFCBANK,Q4FY24,,,2.73575949744099e-07,500180
HEROMOTOCO,FY23,0.11748783189217056,,,500182
HEROMOTOCO,FY24,0.14319045883823486,0.0934798342436331,,500182
HEROMOTOCO,Q4FY23,,,9.967748348255964e-06,500182
HEROMOTOCO,Q4FY24,,,6.24796364465224e-06,500182
HINDCOPPER,FY23,0.09897237152466702,,,513599
HINDCOPPER,FY24,0.09030589599825961,0.09540194250338704,,513599
HINDCOPPER,Q4FY23,,,4.774723198089036e-05,513599
HINDCOPPER,Q4FY24,,,2.1091834194007763e-05,513599
HINDUNILVR,FY23,0.13846511691545693,,,500696
HINDUNILVR,FY24,0.13091886520847398,0.07404873643739653,,500696
HINDUNILVR,Q4FY23,,,2.935131102159338e-06,500696
HINDUNILVR,Q4FY24,,,2.0137328339518197e-06,500696
HINDZINC,FY23,0.29635999661657314,,,500188
HINDZINC,FY24,0.2289128189998525,-0.04432289170214566,,500188
HINDZINC,Q4FY23,,,9.374266910336172e-05,500188
HINDZINC,Q4FY24,,,5.262299828120535e-05,500188
HONAUT,FY23,0.09841590832490732,,,517174
HONAUT,FY24,0.10242895957181672,0.09989888776541962,,517174
HONAUT,Q4FY23,,,7.216592070407935e-05,517174
HONAUT,Q4FY24,,,6.222871882446587e-05,517174
HSCL,FY23,0.05871933801125518,,,500184
HSCL,FY24,0.09233338504779977,0.2095245707804158,,500184
HSCL,Q4FY23,,,6.942649591154964e-05,500184
HSCL,Q4FY24,,,5.21476417073394e-05,500184
HUDCO,FY23,0.021013280717487016,,,540530
HUDCO,FY24,0.022657214537764737,0.15379995398254176,,540530
HUDCO,Q4FY23,,,0.00021877891650647448,540530
HUDCO,Q4FY24,,,3.191601311070808e-05,540530
IDEA,FY23,-0.14138543842557544,,,532822
IDEA,FY24,-0.16885831553581476,-0.10733791829579523,,532822
IDEA,Q4FY23,,,2.0107577148079595e-05,532822
IDEA,Q4FY24,,,1.4586451207512495e-05,532822
IDFCFIRSTB,FY23,0.010358963451434321,,,539437
IDFCFIRSTB,FY24,0.009933331708358853,0.2348142707705904,,539437
IDFCFIRSTB,Q4FY23,,,1.1874576771093117e-05,539437
IDFCFIRSTB,Q4FY24,,,4.78645999963379e-06,539437
IFCI,FY23,-0.012267743803697207,,,500106
IFCI,FY24,0.005479562121350681,0.11682339821226266,,500106
IFCI,Q4FY23,,,0.0004226556377930966,500106
IFCI,Q4FY24,,,0.0001223856558949529,500106
IGL,FY23,0.12989096336292943,,,532514
IGL,FY24,0.13959743909265568,0.12648693524979246,,532514
IGL,Q4FY23,,,2.1265814814862403e-05,532514
IGL,Q4FY24,,,1.5502610525881195e-05,532514
IIFL,FY23,0.02830605709623965,,,532636
IIFL,FY24,0.028259884405512692,0.17737877572105168,,532636
IIFL,Q4FY23,,,8.857412202014687e-05,532636
IIFL,Q4FY24,,,6.13823725768986e-05,532636
INDHOTEL,FY23,0.0733490626428898,,,500850
INDHOTEL,FY24,0.08475258534864763,0.08684627343392776,,500850
INDHOTEL,Q4FY23,,,1.1662893961655947e-05,500850
INDHOTEL,Q4FY24,,,8.902586975974998e-06,500850
INDIANB,FY23,0.0078116422321100635,,,532814
INDIANB,FY24,0.010581018820427302,0.11547861170223206,,532814
INDIANB,Q4FY23,,,6.488533821073622e-05,532814
INDIANB,Q4FY24,,,2.4923077713614947e-05,532814
INDIGO,FY23,-0.005167989444077901,,,539448
INDIGO,FY24,0.09939251682892568,0.3896358209241776,,539448
INDIGO,Q4FY23,,,1.211146395693695e-05,539448
INDIGO,Q4FY24,,,6.71776247324605e-06,539448
INDUSTOWER,FY23,0.04380276730424028,,,534816
INDUSTOWER,FY24,0.10804473433618055,0.19958602090508543,,534816
INDUSTOWER,Q4FY23,,,2.4496548672971732e-05,534816
INDUSTOWER,Q4FY24,,,1.1027292534119807e-05,534816
INFY,FY23,0.19468390804597702,,,500209
INFY,FY24,0.19167221448889427,0.07908829676071055,,500209
INFY,Q4FY23,,,1.5456687504626664e-06,500209
INFY,Q4FY24,,,1.185022208581626e-06,500209
INOXWIND,FY23,-0.11039712522859561,,,539083
INOXWIND,FY24,-0.005275953509786644,0.11864947856113764,,539083
INOXWIND,Q4FY23,,,0.0005256406789704007,539083
INOXWIND,Q4FY24,,,0.0001574536551088839,539083
IRB,FY23,0.01683599167631935,,,532947
IRB,FY24,0.013486459600438233,0.050370109070071896,,532947
IRB,Q4FY23,,,6.124262864777162e-05,532947
IRB,Q4FY24,,,3.580173286390285e-05,532947
IRCON,FY23,0.049250903305447895,,,541956
IRCON,FY24,0.0532639245021387,0.12323635001525354,,541956
IRCON,Q4FY23,,,0.00023253596430288716,541956
IRCON,Q4FY24,,,1.705926781785301e-05,541956
IRFC,FY23,0.012576824595101394,,,543257
IRFC,FY24,0.013218598744135095,-0.010760124070876427,,543257
IRFC,Q4FY23,,,5.651677230293311e-05,543257
IRFC,Q4FY24,,,6.8735330633530015e-06,543257
ITC,FY23,0.22346290266127236,,,500875
ITC,FY24,0.222799036788645,0.06920090569749676,,500875
ITC,Q4FY23,,,2.6853190082997504e-06,500875
ITC,Q4FY24,,,1.875532300582476e-06,500875
JBCHEPHARM,FY23,0.11532088422127694,,,506943
JBCHEPHARM,FY24,0.1383600937486441,0.12388084698413049,,506943
JBCHEPHARM,Q4FY23,,,0.00015358638817454138,506943
JBCHEPHARM,Q4FY24,,,8.704769405219393e-05,506943
JINDALSTEL,FY23,0.05722902583542549,,,532286
JINDALSTEL,FY24,0.07544186521583257,0.1335407778535886,,532286
JINDALSTEL,Q4FY23,,,9.922756097657409e-06,532286
JINDALSTEL,Q4FY24,,,9.574736012635297e-06,532286
JMFINANCIL,FY23,0.02033643350252839,,,523405
JMFINANCIL,FY24,0.0137698396699324,0.013386248214190866,,523405
JMFINANCIL,Q4FY23,,,0.00034324406807750347,523405
JMFINANCIL,Q4FY24,,,9.402534805990016e-05,523405
JUBLFOOD,FY23,0.06562479852296313,,,533155
JUBLFOOD,FY24,0.04914580876621307,0.5097559013378912,,533155
JUBLFOOD,Q4FY23,,,1.038054789902427e-05,533155
JUBLFOOD,Q4FY24,,,1.0102724979894852e-05,533155
JUBLPHARMA,FY23,-0.00546756657434546,,,530019
JUBLPHARMA,FY24,0.006676191713209508,0.03511791121030412,,530019
JUBLPHARMA,Q4FY23,,,0.0004287201437907016,530019
JUBLPHARMA,Q4FY24,,,0.0002149887257037378,530019
KAJARIACER,FY23,0.10343699050901808,,,500233
KAJARIACER,FY24,0.11914217408853174,0.0637676285756321,,500233
KAJARIACER,Q4FY23,,,0.00010181524370509838,500233
KAJARIACER,Q4FY24,,,5.890711796362093e-05,500233
KANSAINER,FY23,0.07509561775731166,,,500165
KANSAINER,FY24,0.15998445285381904,0.1749598817701495,,500165
KANSAINER,Q4FY23,,,0.0001992053508357426,500165
KANSAINER,Q4FY24,,,0.00010531734531172718,500165
KEC,FY23,0.010187752588608214,,,532714
KEC,FY24,0.018221398557231785,0.10144809269737866,,532714
KEC,Q4FY23,,,0.00014866995789599528,532714
KEC,Q4FY24,,,7.059577897172116e-05,532714
KEI,FY23,0.12661187135160598,,,517569
KEI,FY24,0.12471805268170744,0.23508415575817632,,517569
KEI,Q4FY23,,,6.855204887772716e-05,517569
KEI,Q4FY24,,,2.914593223762394e-05,517569
KIMS,FY23,0.11434456089699022,,,543308
KIMS,FY24,0.0804839421554119,0.30952166437799844,,543308
KIMS,Q4FY23,,,0.00026803961033449857,543308
KIMS,Q4FY24,,,0.00012109161037748626,543308
KIRLOSENG,FY23,0.04942883229588301,,,533293
KIRLOSENG,FY24,0.05337967375665479,0.23094298434753643,,533293
KIRLOSENG,Q4FY23,,,0.0005837869107325487,533293
KIRLOSENG,Q4FY24,,,0.00011680639283176849,533293
KPIL,FY23,0.022509237341586295,,,522287
KPIL,FY24,0.023124453493579868,0.12547259184356144,,522287
KPIL,Q4FY23,,,0.00025553653003951716,522287
KPIL,Q4FY24,,,9.675837243821895e-05,522287
KPRMILL,FY23,0.14543655082597456,,,532889
KPRMILL,FY24,0.13733822874868476,0.04758442412235178,,532889
KPRMILL,Q4FY23,,,0.0001154181519494212,532889
KPRMILL,Q4FY24,,,8.827120305415708e-05,532889
LALPATHLAB,FY23,0.10012231918516476,,,539524
LALPATHLAB,FY24,0.14565976767565308,0.02951128497184311,,539524
LALPATHLAB,Q4FY23,,,3.278639591680173e-05,539524
LALPATHLAB,Q4FY24,,,2.9006237543141925e-05,539524
LAURUSLABS,FY23,0.10314213357004856,,,540222
LAURUSLABS,FY24,0.01914265240496338,0.09485536003341861,,540222
LAURUSLABS,Q4FY23,,,2.334646432214558e-05,540222
LAURUSLABS,Q4FY24,,,1.865690616448299e-05,540222
LICHSGFIN,FY23,0.010377587194553456,,,500253
LICHSGFIN,FY24,0.01635111415195612,0.04571502400371454,,500253
LICHSGFIN,Q4FY23,,,1.83421485816505e-05,500253
LICHSGFIN,Q4FY24,,,1.3713013215545946e-05,500253
LMW,FY23,0.09389127272282735,,,500252
LMW,FY24,0.09268694405445228,-0.014334788083275266,,500252
LMW,Q4FY23,,,0.00028440760458436806,500252
LMW,Q4FY24,,,0.00018083616119428318,500252
LT,FY23,0.031695616113597024,,,500510
LT,FY24,0.03839379292933941,0.029615836498918382,,500510
LT,Q4FY23,,,3.449773976607873e-06,500510
LT,Q4FY24,,,1.8568535630602511e-06,500510
LTF,FY23,0.015261539491401735,,,533519
LTF,FY24,0.022587182034618233,-0.034265858133354594,,533519
LTF,Q4FY23,,,3.102609632813452e-05,533519
LTF,Q4FY24,,,1.8638704646686883e-05,533519
LTFOODS,FY23,0.07567798053871867,,,532783
LTFOODS,FY24,0.09817042778104802,0.13597602764442596,,532783
LTFOODS,Q4FY23,,,0.00015016288030997,532783
LTFOODS,Q4FY24,,,0.00010463993608780392,532783
LTTS,FY23,0.14786034937054748,,,540115
LTTS,FY24,0.15358426105907994,0.03548599590123939,,540115
LTTS,Q4FY23,,,1.52398666748855e-05,540115
LTTS,Q4FY24,,,1.322415308204238e-05,540115
M&M,FY23,0.04993643019339724,,,500520
M&M,FY24,0.04768770710103181,0.14769390733782123,,500520
M&M,Q4FY23,,,3.71115198692204e-06,500520
M&M,Q4FY24,,,2.9904279994734154e-06,500520
M&MFIN,FY23,0.019721221257847355,,,532720
M&MFIN,FY24,0.015622015589117605,0.1772951494303123,,532720
M&MFIN,Q4FY23,,,2.509378604587395e-05,532720
M&MFIN,Q4FY24,,,1.4589083246890149e-05,532720
MAHSCOOTER,FY23,0.009573841728890019,,,500266
MAHSCOOTER,FY24,0.006780656265192348,0.4409987307759621,,500266
MAHSCOOTER,Q4FY23,,,0.0007395495604608068,500266
MAHSCOOTER,Q4FY24,,,0.0004196466218062611,500266
MANYAVAR,FY23,0.1981093399125399,,,543463
MANYAVAR,FY24,0.16512013880278611,0.15802791853799789,,543463
MANYAVAR,Q4FY23,,,0.00015562437778923773,543463
MANYAVAR,Q4FY24,,,8.088118058418186e-05,543463
MARICO,FY23,0.1874460120932911,,,531642
MARICO,FY24,0.19956879126802318,0.06838468183126979,,531642
MARICO,Q4FY23,,,1.5874938280642094e-05,531642
MARICO,Q4FY24,,,1.2921673173744489e-05,531642
MARUTI,FY23,0.08231973972310715,,,532500
MARUTI,FY24,0.11693200220544635,0.1490794478081474,,532500
MARUTI,Q4FY23,,,2.2501020029018132e-06,532500
MARUTI,Q4FY24,,,1.7773692582682405e-06,532500
MAXHEALTH,FY23,0.10923840682647237,,,543220
MAXHEALTH,FY24,0.08813710735220343,0.18789528650692694,,543220
MAXHEALTH,Q4FY23,,,3.5465618269438006e-05,543220
MAXHEALTH,Q4FY24,,,1.448546794665823e-05,543220
MAZDOCK,FY23,0.03798063820016651,,,543237
MAZDOCK,FY24,0.06577413484619582,-0.0004873881527344138,,543237
MAZDOCK,Q4FY23,,,0.00011087945025335922,543237
MAZDOCK,Q4FY24,,,1.0363388575297873e-05,543237
MCX,FY23,0.04928293772227277,,,534091
MCX,FY24,0.0243810853704687,0.12771152096600777,,534091
MCX,Q4FY23,,,3.5496643762437327e-05,534091
MCX,Q4FY24,,,1.845150621727224e-05,534091
MFSL,FY23,0.002871151144670057,,,500271
MFSL,FY24,0.0020894504671137787,0.2347807599034193,,500271
MFSL,Q4FY23,,,3.810870244624185e-05,500271
MFSL,Q4FY24,,,2.2187019797772437e-05,500271
MOTHERSON,FY23,0.0241804186465368,,,517334
MOTHERSON,FY24,0.031947138201188635,0.37460571010982724,,517334
MOTHERSON,Q4FY23,,,1.996345333851904e-05,517334
MOTHERSON,Q4FY24,,,1.0688032842482279e-05,517334
MPHASIS,FY23,0.1410851272225519,,,526299
MPHASIS,FY24,0.11003494774822618,0.2171314787364338,,526299
MPHASIS,Q4FY23,,,1.5775259048725424e-05,526299
MPHASIS,Q4FY24,,,1.325758884005897e-05,526299
MRF,FY23,0.03155349267791054,,,500290
MRF,FY24,0.07751486716850227,0.10176774899351276,,500290
MRF,Q4FY23,,,1.3985789445361886e-05,500290
MRF,Q4FY24,,,9.95535642121083e-06,500290
NATCOPHARM,FY23,0.1264361720931877,,,524816
NATCOPHARM,FY24,0.20101935913586147,0.2207551171916428,,524816
NATCOPHARM,Q4FY23,,,9.15324659800718e-05,524816
NATCOPHARM,Q4FY24,,,3.356207420411291e-05,524816
NATIONALUM,FY23,0.08139171400513201,0.008007855166647796,,532234
NATIONALUM,FY24,0.10337701578838193,0.09124953692173367,,532234
NATIONALUM,Q4FY23,,,1.811040422557529e-05,532234
NATIONALUM,Q4FY24,,,1.5114086138979426e-05,532234
NAUKRI,FY23,-0.006447063164952802,,,532777
NAUKRI,FY24,0.015937794257685944,1.1662766076407152,,532777
NAUKRI,Q4FY23,,,1.1622198063578357e-05,532777
NAUKRI,Q4FY24,,,1.0834385046692987e-05,532777
NAVINFLUOR,FY23,0.10630466751102913,,,532504
NAVINFLUOR,FY24,0.06180031985378113,0.24019278665113947,,532504
NAVINFLUOR,Q4FY23,,,2.4621326348103533e-05,532504
NAVINFLUOR,Q4FY24,,,1.586950143973187e-05,532504
NBCC,FY23,0.02070553232738344,,,534309
NBCC,FY24,0.03160600365562077,-0.013497446304738585,,534309
NBCC,Q4FY23,,,0.00012388556659674073,534309
NBCC,Q4FY24,,,2.552061572239603e-05,534309
NESTLEIND,FY23,0.26624225670862506,0.09042971145706954,,500790
NESTLEIND,FY24,,,,500790
NESTLEIND,Q4FY23,,,8.921285921404162e-06,500790
NESTLEIND,Q4FY24,,,5.061943896312539e-06,500790
NH,FY23,0.14565937242167043,,,539551
NH,FY24,0.1403236970007188,0.3513825012121302,,539551
NH,Q4FY23,,,0.00011272318179937099,539551
NH,Q4FY24,,,5.200075538678097e-05,539551
NHPC,FY23,0.04580935760500518,,,533098
NHPC,FY24,0.038974201234532574,0.08282326597244145,,533098
NHPC,Q4FY23,,,5.1828109062481864e-05,533098
NHPC,Q4FY24,,,1.446920845347268e-05,533098
NIACL,FY23,0.010669620656129553,,,540769
NIACL,FY24,0.010391067598246675,0.09390131006501251,,540769
NIACL,Q4FY23,,,0.00035988920708460154,540769
NIACL,Q4FY24,,,0.00011482446078979461,540769
NLCINDIA,FY23,0.026299990389634372,,,513683
NLCINDIA,FY24,0.033746248985972616,0.03531545554075266,,513683
NLCINDIA,Q4FY23,,,9.21564207887723e-05,513683
NLCINDIA,Q4FY24,,,5.8502900776191155e-05,513683
NUVOCO,FY23,0.0008352762547181785,,,543334
NUVOCO,FY24,0.007876566080151021,-0.014630500855025852,,543334
NUVOCO,Q4FY23,,,0.0003033223249604244,543334
NUVOCO,Q4FY24,,,0.00015922116457502266,543334
NYKAA,FY23,0.006529540220299948,,,543384
NYKAA,FY24,0.009486505401956113,0.15276113923561463,,543384
NYKAA,Q4FY23,,,2.1725829933461676e-05,543384
NYKAA,Q4FY24,,,1.5772241001367054e-05,543384
OBEROIRLTY,FY23,0.10225345855246884,,,533273
OBEROIRLTY,FY24,0.09812883102999019,0.05410058307726978,,533273
OBEROIRLTY,Q4FY23,,,2.775136639931532e-05,533273
OBEROIRLTY,Q4FY24,,,1.9167842910809088e-05,533273
OFSS,FY23,0.19472084644128537,,,532466
OFSS,FY24,0.2233763096711857,0.07117213660875808,,532466
OFSS,Q4FY23,,,5.524772446243099e-05,532466
OFSS,Q4FY24,,,3.626067910028129e-05,532466
OIL,FY23,0.11814067697828269,,,533106
OIL,FY24,0.06874556036567937,0.24728063362867408,,533106
OIL,Q4FY23,,,5.7541718254584996e-05,533106
OIL,Q4FY24,,,2.475459971636957e-05,533106
ONGC,FY23,0.05711081858584725,,,500312
ONGC,FY24,0.0662318915952006,0.15436877093788892,,500312
ONGC,Q4FY23,,,7.2482074732220275e-06,500312
ONGC,Q4FY24,,,5.804699698287873e-06,500312
PARADEEP,FY23,0.028543921770711307,,,543530
PARADEEP,FY24,0.010341362615388086,-0.09344801688062164,,543530
PARADEEP,Q4FY23,,,0.00010735046194107656,543530
PARADEEP,Q4FY24,,,8.657783699509775e-05,543530
PATANJALI,FY23,0.0669336180377012,,,500368
PATANJALI,FY24,0.05769467027118122,0.001395913505478456,,500368
PATANJALI,Q4FY23,,,5.094624721093534e-05,500368
PATANJALI,Q4FY24,,,3.7818578586893283e-05,500368
PERSISTENT,FY23,0.13803116402021257,,,533179
PERSISTENT,FY24,0.14741776151263328,0.11157576411492144,,533179
PERSISTENT,Q4FY23,,,1.635633916661104e-05,533179
PERSISTENT,Q4FY24,,,6.3755994685240734e-06,533179
PETRONET,FY23,0.14588017527622674,,,532522
PETRONET,FY24,0.14310369889468452,0.11951461293166596,,532522
PETRONET,Q4FY23,,,3.2197439459359694e-05,532522
PETRONET,Q4FY24,,,1.8114803800195586e-05,532522
PFC,FY23,0.01773141357597923,,,532810
PFC,FY24,0.01902164815639744,0.15931662817184453,,532810
PFC,Q4FY23,,,2.6188259544898686e-05,532810
PFC,Q4FY24,,,6.242843188654636e-06,532810
PGEL,FY23,0.051366120146113955,,,533581
PGEL,FY24,0.05844932734629399,0.5303266160546195,,533581
PGEL,Q4FY23,,,0.0008346006576260056,533581
PGEL,Q4FY24,,,0.0001840608841086614,533581
PGHH,FY23,0.3172851982857036,0.27027107341745066,,500459
PGHH,FY24,0.36319516184573003,-0.13042501824715064,,500459
PGHH,Q4FY23,,,0.0001623612163948457,500459
PGHH,Q4FY24,,,0.00013175452216343,500459
PHOENIXLTD,FY23,0.0758966157904868,,,503100
PHOENIXLTD,FY24,0.05714491702891689,0.09359493006180167,,503100
PHOENIXLTD,Q4FY23,,,7.582972553464317e-05,503100
PHOENIXLTD,Q4FY24,,,3.8665383004031935e-05,503100
PNBHOUSING,FY23,0.01564142555294533,,,540173
PNBHOUSING,FY24,0.02082747219281581,0.08271039287492692,,540173
PNBHOUSING,Q4FY23,,,0.00015471991189311302,540173
PNBHOUSING,Q4FY24,,,5.61246408147815e-05,540173
POLICYBZR,FY23,-0.07790496687735748,,,543390
POLICYBZR,FY24,0.009954655636983523,0.07586788039072406,,543390
POLICYBZR,Q4FY23,,,4.830094820851918e-05,543390
POLICYBZR,Q4FY24,,,1.7549467736904395e-05,543390
POLYCAB,FY23,0.13482427837066266,,,542652
POLYCAB,FY24,0.1476994894561451,0.2815144826637933,,542652
POLYCAB,Q4FY23,,,1.6692947544585e-05,542652
POLYCAB,Q4FY24,,,6.733839512935693e-06,542652
POWERINDIA,FY23,0.023963190090110782,,,543187
POWERINDIA,FY24,0.03479225129955793,0.20131631666117988,,543187
POWERINDIA,Q4FY23,,,0.00017129830943942958,543187
POWERINDIA,Q4FY24,,,0.00012298060050441683,543187
PPLPHARMA,FY23,-0.012839334111892118,,,543635
PPLPHARMA,FY24,0.001163807544633848,0.05434647885772206,,543635
PPLPHARMA,Q4FY23,,,7.137752602949525e-05,543635
PPLPHARMA,Q4FY24,,,3.330669449129586e-05,543635
PRESTIGE,FY23,0.025744268497030032,,,533274
PRESTIGE,FY24,0.02832103910451022,0.32626719040863356,,533274
PRESTIGE,Q4FY23,,,0.00010727804514645688,533274
PRESTIGE,Q4FY24,,,4.28706080914843e-05,533274
RADICO,FY23,0.059248753894604524,,,532497
RADICO,FY24,0.06402336087613933,0.10107207749212677,,532497
RADICO,Q4FY23,,,7.677357273875374e-05,532497
RADICO,Q4FY24,,,5.1721872289734356e-05,532497
RAINBOW,FY23,0.11906668579257501,,,543524
RAINBOW,FY24,0.09998203096203465,0.2257147084635533,,543524
RAINBOW,Q4FY23,,,0.00019751297179237113,543524
RAINBOW,Q4FY24,,,8.456835331111487e-05,543524
RAMCOCEM,FY23,0.021550229740303697,,,500260
RAMCOCEM,FY24,0.022119828695000777,0.11497224342468589,,500260
RAMCOCEM,Q4FY23,,,4.681788831405598e-05,500260
RAMCOCEM,Q4FY24,,,3.0231570669146662e-05,500260
REDINGTON,FY23,0.059809622470441144,,,532805
REDINGTON,FY24,0.04995636166566026,0.04769445450176329,,532805
REDINGTON,Q4FY23,,,5.611635222067126e-05,532805
REDINGTON,Q4FY24,,,4.9746917991029696e-05,532805
RELIANCE,FY23,0.04149602689011223,,,500325
RELIANCE,FY24,0.03964781040395538,0.09241765276394445,,500325
RELIANCE,Q4FY23,,,7.530327193325991e-07,500325
RELIANCE,Q4FY24,,,5.65141211871676e-07,500325
RPOWER,FY23,-0.009699514292860761,,,532939
RPOWER,FY24,-0.04726860293692515,-0.09843141359444299,,532939
RPOWER,Q4FY23,,,0.00010822201735673535,532939
RPOWER,Q4FY24,,,3.2758341809321536e-05,532939
SAIL,FY23,0.01668080792396814,,,500113
SAIL,FY24,0.021794477635976427,0.07838292889797288,,500113
SAIL,Q4FY23,,,1.0000706114281872e-05,500113
SAIL,Q4FY24,,,7.80198049589492e-06,500113
SARDAEN,FY23,0.10984642553517544,,,504614
SARDAEN,FY24,0.08713979856211002,0.09495236601001937,,504614
SARDAEN,Q4FY23,,,0.0006111007340921141,504614
SARDAEN,Q4FY24,,,0.00032692560901489666,504614
SBICARD,FY23,0.049587050856329355,,,543066
SBICARD,FY24,0.041392970373842874,0.2772096775185111,,543066
SBICARD,Q4FY23,,,1.3616332812851415e-05,543066
SBICARD,Q4FY24,,,9.408865187718734e-06,543066
SCHAEFFLER,FY23,0.1535276737818507,,,505790
SCHAEFFLER,FY24,0.14346422490349492,0.09425814427805096,,505790
SCHAEFFLER,Q4FY23,,,6.507429832111715e-05,505790
SCHAEFFLER,Q4FY24,,,5.7126092159556294e-05,505790
SHREECEM,FY23,0.04825331872101175,,,500387
SHREECEM,FY24,0.08570313453034632,0.06149972241145837,,500387
SHREECEM,Q4FY23,,,1.3935658602651688e-05,500387
SHREECEM,Q4FY24,,,1.452652619322494e-05,500387
SHYAMMETL,FY23,0.07321303457845063,,,543299
SHYAMMETL,FY24,0.07174169412701065,0.23846268769490733,,543299
SHYAMMETL,Q4FY23,,,0.00033835846404587814,543299
SHYAMMETL,Q4FY24,,,0.00010236248946267275,543299
SJVN,FY23,0.04206926433722262,,,533206
SJVN,FY24,0.02325621152680764,0.2129383182198013,,533206
SJVN,Q4FY23,,,0.00018137516658416061,533206
SJVN,Q4FY24,,,3.0146633083340297e-05,533206
SOBHA,FY23,0.00827796222236892,,,532784
SOBHA,FY24,0.003585808949168075,0.08803833863073664,,532784
SOBHA,Q4FY23,,,0.0001495201605365559,532784
SOBHA,Q4FY24,,,4.663638878406747e-05,532784
SOLARINDS,FY23,0.15034797716554976,,,532725
SOLARINDS,FY24,0.14570347904901346,0.13918093819806404,,532725
SOLARINDS,Q4FY23,,,0.00010785906207518904,532725
SOLARINDS,Q4FY24,,,4.7067672532066944e-05,532725
SONACOMS,FY23,0.12918941442729567,,,543300
SONACOMS,FY24,0.13383664781070104,0.2631157010613352,,543300
SONACOMS,Q4FY23,,,3.438394962061632e-05,543300
SONACOMS,Q4FY24,,,1.7606236808024437e-05,543300
SRF,FY23,0.11529700573515078,,,503806
SRF,FY24,0.06521403734216583,0.09210686277228103,,503806
SRF,Q4FY23,,,9.863295111076783e-06,503806
SRF,Q4FY24,,,9.774877637621048e-06,503806
SUMICHEM,FY23,0.14908033154491596,,,542920
SUMICHEM,FY24,0.11153368818942506,-0.016459099822662297,,542920
SUMICHEM,Q4FY23,,,9.78139661220027e-05,542920
SUMICHEM,Q4FY24,,,9.138468713678594e-05,542920
SUNDRMFAST,FY23,0.10697410901762178,,,500403
SUNDRMFAST,FY24,0.10457589710796568,0.07874335858351048,,500403
SUNDRMFAST,Q4FY23,,,0.00019935335120869186,500403
SUNDRMFAST,Q4FY24,,,0.00011165162521718821,500403
SUNPHARMA,FY23,0.10494430579566749,,,524715
SUNPHARMA,FY24,0.11200490294404714,0.05890325163892267,,524715
SUNPHARMA,Q4FY23,,,4.207526902226923e-06,524715
SUNPHARMA,Q4FY24,,,3.476821839984548e-06,524715
SUPREMEIND,FY23,0.15196637994317044,,,509930
SUPREMEIND,FY24,0.1631737828549463,0.1512920118997861,,509930
SUPREMEIND,Q4FY23,,,0.00013153479970634896,509930
SUPREMEIND,Q4FY24,,,3.3999948410536816e-05,509930
SYNGENE,FY23,0.07964328588578289,,,539268
SYNGENE,FY24,0.08290526042005332,0.05498199279711885,,539268
SYNGENE,Q4FY23,,,6.086081995098406e-05,539268
SYNGENE,Q4FY24,,,2.250593354971218e-05,539268
SYRMA,FY23,0.04692917164033816,,,543573
SYRMA,FY24,0.02909070408242366,0.45107028166549,,543573
SYRMA,Q4FY23,,,0.00015535930562423364,543573
SYRMA,Q4FY24,,,5.626951289708022e-05,543573
TATACHEM,FY23,0.0660415003990423,,,500770
TATACHEM,FY24,0.0072913265861355965,0.047657051647474635,,500770
TATACHEM,Q4FY23,,,1.2932811295968658e-05,500770
TATACHEM,Q4FY24,,,1.2219067135073474e-05,500770
TATACONSUM,FY23,0.052771169161720616,,,500800
TATACONSUM,FY24,0.041052512870731674,0.22838894872809895,,500800
TATACONSUM,Q4FY23,,,1.0296360333852318e-05,500800
TATACONSUM,Q4FY24,,,7.632515095621002e-06,500800
TATAELXSI,FY23,0.2732739241859226,,,500408
TATAELXSI,FY24,0.2485856523300919,0.153239949909944,,500408
TATAELXSI,Q4FY23,,,7.600622156973173e-06,500408
TATAELXSI,Q4FY24,,,9.91449351165533e-06,500408
TATAINVEST,FY23,0.011943385488925993,,,501301
TATAINVEST,FY24,0.011711644735106209,0.5586365395247499,,501301
TATAINVEST,Q4FY23,,,0.00026696987017749493,501301
TATAINVEST,Q4FY24,,,6.613459813457792e-05,501301
TATAPOWER,FY23,0.02599505224191782,,,500400
TATAPOWER,FY24,0.026486462936293042,0.08728838174403174,,500400
TATAPOWER,Q4FY23,,,4.131189368613438e-06,500400
TATAPOWER,Q4FY24,,,3.89319806406664e-06,500400
TATASTEEL,FY23,0.030415759588147757,,,500470
TATASTEEL,FY24,-0.01622918293416623,-0.05068450735697937,,500470
TATASTEEL,Q4FY23,,,2.5863392394502245e-06,500470
TATASTEEL,Q4FY24,,,2.495453013659669e-06,500470
TECHNOE,FY23,0.06748556989945004,,,542141
TECHNOE,FY24,0.09473819760724887,0.023400452955331472,,542141
TECHNOE,Q4FY23,,,0.0006212434001471321,542141
TECHNOE,Q4FY24,,,0.00030197126399293477,542141
THERMAX,FY23,0.050945793512780856,,,500411
THERMAX,FY24,0.06355553673245667,0.1487111661222749,,500411
THERMAX,Q4FY23,,,0.0001406800337654687,500411
THERMAX,Q4FY24,,,0.00010728356769524541,500411
TIMKEN,FY23,0.15284169895647778,,,522113
TIMKEN,FY24,0.13125740565943003,0.168605619952639,,522113
TIMKEN,Q4FY23,,,0.00011676152053790044,522113
TIMKEN,Q4FY24,,,7.603111439119171e-05,522113
TORNTPHARM,FY23,0.08294980298897205,,,500420
TORNTPHARM,FY24,0.10998115610421379,0.0032461022458924117,,500420
TORNTPHARM,Q4FY23,,,2.888788108559227e-05,500420
TORNTPHARM,Q4FY24,,,1.6920993227553918e-05,500420
TRIDENT,FY23,0.06454192135005872,,,521064
TRIDENT,FY24,0.04621275425476777,0.10756596385277518,,521064
TRIDENT,Q4FY23,,,7.959123061266933e-05,521064
TRIDENT,Q4FY24,,,3.7332305138078224e-05,521064
TRITURBINE,FY23,0.14370668461849626,,,533655
TRITURBINE,FY24,0.16279002264063316,0.23418629401693583,,533655
TRITURBINE,Q4FY23,,,0.0002113110449709015,533655
TRITURBINE,Q4FY24,,,6.360429368316815e-05,533655
TVSHLTD,FY23,0.01650971866260224,,,520056
TVSHLTD,FY24,0.017895107513959767,0.13665213452250408,,520056
TVSHLTD,Q4FY23,,,0.0010465422390399976,520056
TVSHLTD,Q4FY24,,,0.00038191264941612,520056
UBL,FY23,0.04840145277602187,,,532478
UBL,FY24,0.05813249553050528,0.12307834386081119,,532478
UBL,Q4FY23,,,3.12919380112376e-05,532478
UBL,Q4FY24,,,2.9878130342073388e-05,532478
UCOBANK,FY23,0.006073401670954251,,,532505
UCOBANK,FY24,0.005166295148689143,0.07597642418526121,,532505
UCOBANK,Q4FY23,,,0.0002615654244046087,532505
UCOBANK,Q4FY24,,,3.487896106550488e-05,532505
UNIONBANK,FY23,0.0066065999387110615,,,532477
UNIONBANK,FY24,0.009841054879498936,0.08820442769390441,,532477
UNIONBANK,Q4FY23,,,4.420872696942926e-05,532477
UNIONBANK,Q4FY24,,,1.3317868906193619e-05,532477
UNITDSPR,FY23,0.11648396680667965,,,532432
UNITDSPR,FY24,0.12516668148279847,0.15244339719291056,,532432
UNITDSPR,Q4FY23,,,1.2673680157153577e-05,532432
UNITDSPR,Q4FY24,,,1.2471954347097979e-05,532432
UPL,FY23,0.04030391636655114,,,512070
UPL,FY24,-0.013707079706668495,-0.011639590412861127,,512070
UPL,Q4FY23,,,9.540354119796768e-06,512070
UPL,Q4FY24,,,7.3953479854695875e-06,512070
UTIAMC,FY23,0.10467490133476295,,,543238
UTIAMC,FY24,0.14335838472801077,0.2782850318433227,,543238
UTIAMC,Q4FY23,,,0.00022434311213890038,543238
UTIAMC,Q4FY24,,,0.00012919615714807254,543238
VBL,FY23,0.12888635570800164,,,540180
VBL,FY24,0.13537217534021945,0.3071841413542478,,540180
VBL,Q4FY23,,,1.403661567460857e-05,540180
VBL,Q4FY24,,,6.5786498505837575e-06,540180
VEDL,FY23,0.05412100707862236,,,500295
VEDL,FY24,0.022216166073571724,-0.023390675463334988,,500295
VEDL,Q4FY23,,,8.304606823243334e-06,500295
VEDL,Q4FY24,,,6.707956185660294e-06,500295
VGUARD,FY23,0.0650583261378843,,,532953
VGUARD,FY24,0.08147965381111448,0.087497806964736,,532953
VGUARD,Q4FY23,,,0.0002506954441710206,532953
VGUARD,Q4FY24,,,0.0001582289812452846,532953
VINATIORGA,FY23,0.16224027548916528,,,524200
VINATIORGA,FY24,0.11373336150433129,0.09917910310267473,,524200
VINATIORGA,Q4FY23,,,0.00016195224433779296,524200
VINATIORGA,Q4FY24,,,0.00011924943592069538,524200
VOLTAS,FY23,0.013134533384051577,,,500575
VOLTAS,FY24,0.0209376755192045,0.17090264529366156,,500575
VOLTAS,Q4FY23,,,1.2632453774852113e-05,500575
VOLTAS,Q4FY24,,,1.0568025760566726e-05,500575
WHIRLPOOL,FY23,0.03675461236654595,,,500238
WHIRLPOOL,FY24,0.035349340212969024,0.030354188132868377,,500238
WHIRLPOOL,Q4FY23,,,6.125176893980593e-05,500238
WHIRLPOOL,Q4FY24,,,8.412093723441726e-05,500238
WIPRO,FY23,0.09652821600548382,,,507685
WIPRO,FY24,0.09584028585832555,-0.01986950405758695,,507685
WIPRO,Q4FY23,,,4.7569540575156966e-06,507685
WIPRO,Q4FY24,,,4.61416372301091e-06,507685
WOCKPHARMA,FY23,-0.0727580372250423,,,532300
WOCKPHARMA,FY24,-0.06053078833834488,-0.004425354679161786,,532300
WOCKPHARMA,Q4FY23,,,0.00012041412642105551,532300
WOCKPHARMA,Q4FY24,,,7.714407254867757e-05,532300
YESBANK,FY23,0.0020715372636762337,,,532648
YESBANK,FY24,0.003162704524990341,0.14402256868327368,,532648
YESBANK,Q4FY23,,,9.728568835847833e-06,532648
YESBANK,Q4FY24,,,4.47536723494971e-06,532648
ZFCVINDIA,FY23,0.10510657502139044,,,533023
ZFCVINDIA,FY24,0.12019260909484265,0.11886282920270065,,533023
ZFCVINDIA,Q4FY23,,,0.0003035917364226847,533023
ZFCVINDIA,Q4FY24,,,0.00019485426131772148,533023
ZYDUSLIFE,FY23,0.07610923886878601,,,532321
ZYDUSLIFE,FY24,0.13180992322614135,0.1368358932148903,,532321
ZYDUSLIFE,Q4FY23,,,2.999269501314041e-05,532321
ZYDUSLIFE,Q4FY24,,,1.4494453254790822e-05,532321
