BSE Code,NSE Symbol,FY,Industry,n_obs,mar_pct,capm_alpha,ff5_alpha,total_vol,idio_vol,downside_vol,roe
500002.0,ABB,FY23,Specialty Industrial Machinery,250,0.28030099059007485,0.16245959307857227,1.104054199417472,0.023099141424807863,0.019781961757819943,0.011739282525636306,0.2089375231302358
500008.0,ARE&M,FY23,Electrical Equipment & Parts,250,0.8513694773246446,0.6569175593573566,-0.11450509523907,0.026661747871238275,0.023600561473183988,0.010797316382300824,0.137434491441784
500027.0,ATUL,FY23,Specialty Chemicals,250,-0.16314613388609014,-0.17001416946168174,-0.25865414197925857,0.016772094647439346,0.01414998698986963,0.007487869054284734,0.063159664785681
500033.0,FORCEMOT,FY23,Auto Manufacturers,209,1.1893662165616272,1.0177674962493353,2.0642089891932565,0.0364023564395848,0.03421330170466075,0.013629456436233103,0.17209131140417
500034.0,BAJFINANCE,FY23,Credit Services,250,-0.34145908274862374,-0.33108954576168514,0.016046169730520872,0.015586345117512493,0.013247272662051267,0.010043084683787501,0.1884230269501345
500040.0,ABREL,FY23,Real Estate Services,250,0.6628676234918961,0.4523705394132941,0.16530696920208007,0.02894111202327358,0.025679301495632363,0.01348205169482395,0.0126987238448508
500042.0,BASF,FY23,Specialty Chemicals,250,0.7198532599345191,0.7013962862550406,0.9437675236314969,0.021860443792052764,0.019883404296656693,0.01092641019650132,0.1747386381262602
500043.0,BATAINDIA,FY23,Footwear & Accessories,250,-0.2866359029671963,-0.21276990015848374,-0.16709567820527976,0.012206803776081618,0.010968873437989956,0.006144473572192716,0.1719249482445724
500049.0,BEL,FY23,Aerospace & Defense,250,0.7322718577398553,0.3299609611374459,0.3101726867931038,0.024606389735506422,0.017008934040886894,0.011581213322536164,0.2440527560458568
500067.0,BLUESTARCO,FY23,Building Products & Equipment,250,0.5595075611282541,0.7920830118312234,0.5073682709811695,0.022205693251753335,0.02182323052194768,0.01163546134414929,0.1589791922883885
500084.0,CESC,FY23,Utilities - Regulated Electric,250,0.6861081353930225,0.3466380091696776,-0.30132120404204926,0.02660398639290728,0.021140168941658193,0.011791664951509667,0.1202510300865657
500085.0,CHAMBLFERT,FY23,Agricultural Inputs,250,0.4261205939341163,0.1363590589745421,-0.02247577848243428,0.02713010913101511,0.02158731565383836,0.012165593755305425,0.1754026575743619
500092.0,CRISIL,FY23,Financial Data & Stock Exchanges,250,-0.22921316437356334,-0.06687998740208957,0.33811063415329073,0.016642546268376045,0.016469526113886017,0.009934882886210297,0.3007591606296191
500093.0,CGPOWER,FY23,Electrical Equipment & Parts,250,0.28020347396773415,0.36423984286519556,0.43078856251795017,0.023786902596918357,0.022862455076921744,0.011377021890382342,0.4729207540166499
500106.0,IFCI,FY23,Credit Services,250,3.868984194990791,3.0846875864257113,0.7042706035935372,0.04604662277897096,0.043616202523895045,0.018807217959608862,0.0228590834314646
500113.0,SAIL,FY23,Steel,250,0.16077546098504442,-0.23303593269165196,-0.46119351450494245,0.030884650524997392,0.021139433687360227,0.01129661489784638,0.0537058577732664
500125.0,EIDPARRY,FY23,Agricultural Inputs,250,0.18422497624507544,0.2113122872885184,-0.3539665691956274,0.022032243768327523,0.020543823214720754,0.011460119521242903,0.1274636064180214
500163.0,GODFRYPHLP,FY23,Tobacco,250,0.7287684868584079,0.77153801631767,1.9118933830838218,0.031112698543017517,0.03010163639931633,0.017242138590638886,0.2086528997728842
500164.0,GODREJIND,FY23,Conglomerates,250,0.2983732255693451,0.4489548262490193,-0.0987202936938574,0.02214275510081282,0.021549628153779712,0.01160508812544713,0.0074950226900345
500165.0,KANSAINER,FY23,Specialty Chemicals,250,-0.3037340730178868,-0.24592199166240705,-0.4391127955502741,0.014704079316793964,0.013416322819396774,0.008699410589790879,0.2123470235877446
500180.0,HDFCBANK,FY23,Banks - Regional,250,-0.2643618901325701,-0.23714099083428342,-0.23191579921603722,0.013423379318218086,0.011139475148085746,0.00897539009038218,0.0896253428332742
500182.0,HEROMOTOCO,FY23,Auto Manufacturers,250,0.3256300672508445,0.5001849422644109,0.16508850895903357,0.016022437666767822,0.015344041915118805,0.00827790626475895,0.2115852266691979
500184.0,HSCL,FY23,Specialty Chemicals,250,1.0004428608521485,0.8988369574539836,-0.018210835125320544,0.02867488252839943,0.02670119904473113,0.014124398693361235,0.1348748834046192
500188.0,HINDZINC,FY23,Other Industrial Metals & Mining,250,0.47543938026221483,0.4564477351318579,0.16064777028529323,0.02763263815617181,0.026079362775242896,0.010710083315109423,0.5106284962158605
500209.0,INFY,FY23,Information Technology Services,250,0.022547666041922793,0.1562164179915836,0.07901482139606464,0.013257539586049694,0.012462601836840212,0.006708253316742636,0.2999337058433564
500233.0,KAJARIACER,FY23,Building Products & Equipment,250,-0.19603013904620253,-0.1440536582348096,-0.33186441966678853,0.018492539688979497,0.017283617603573553,0.009702262650436722,0.1613237328685974
500238.0,WHIRLPOOL,FY23,"Furnishings, Fixtures & Appliances",250,0.035699880185834754,0.1736066335596949,0.5586100803152311,0.01762160252067529,0.017048516854697177,0.013590918255715137,0.0588407525890581
500252.0,LMW,FY23,Specialty Industrial Machinery,250,-0.2035281219273054,-0.1596041001580463,-0.20008002859106438,0.017069878907286062,0.015594291299388623,0.007816725438214418,0.1382062700655412
500253.0,LICHSGFIN,FY23,Mortgage Finance,250,0.39028989657788227,0.12036992257903513,0.11549338212847397,0.02157401667465971,0.014416546272797667,0.008448869657224068,0.151317515899082
500260.0,RAMCOCEM,FY23,Building Materials,250,-0.3598288078105533,-0.3650167351668473,-0.22607197898031872,0.016920427136738594,0.01432765173914956,0.009999984922771953,0.0497312756462509
500266.0,MAHSCOOTER,FY23,Asset Management,250,0.2483466682536206,0.38223727780539574,0.5108351460530528,0.01685858951584939,0.015982401132458333,0.00851748478779732,0.0073772806701625
500271.0,MFSL,FY23,Insurance - Life,250,-0.007653447319332267,0.04074438534073176,0.33086483858977067,0.01869360754765316,0.017291642732116915,0.009873660233755011,0.0879755914605394
500290.0,MRF,FY23,Auto Parts,250,-0.003637864584442458,0.10221529411153059,-0.10440335938402451,0.013099678936126088,0.011943420724661378,0.007585590089716221,0.1246022418740596
500295.0,VEDL,FY23,Other Industrial Metals & Mining,250,0.21368722356466732,0.07292469123352958,-0.31889273659493306,0.023096868433254824,0.019226516678502933,0.011752213348937137,0.1379792982227719
500312.0,ONGC,FY23,Oil & Gas Integrated,250,0.5112961625583936,0.25021246769890343,0.42371287126632834,0.021975785029745357,0.016049458251544056,0.008738576883648203,0.1449378857173549
500325.0,RELIANCE,FY23,Oil & Gas Refining & Marketing,250,-0.14813293024395155,-0.158076240265275,-0.1097608786949805,0.013217383220784354,0.00954846546347059,0.005658683351423229,0.0877412313590369
500368.0,PATANJALI,FY23,Packaged Foods,250,-0.08521066565225839,-0.21550816268379808,-0.21315989219196624,0.023415165456711795,0.018762948322540055,0.011052826445075048,0.0749757391081343
500387.0,SHREECEM,FY23,Building Materials,250,-0.1928063639606201,-0.09608573928601229,-0.09975588517705028,0.01427769648304572,0.013387265708427276,0.008822608712032089,0.1157179760149776
500400.0,TATAPOWER,FY23,Utilities - Independent Power Producers,250,0.42581087804144896,0.15929830725504085,-0.29174525594018547,0.022223071803305627,0.015814243124161825,0.007944895658486047,0.1142394334898559
500403.0,SUNDRMFAST,FY23,Auto Parts,250,-0.17182381900072471,-0.035429922835438964,0.09578719207655553,0.015128711307212713,0.014706132705097708,0.009378223912508647,0.1525054593610136
500408.0,TATAELXSI,FY23,Software - Application,250,-0.3268443179570686,-0.24801839944074133,-0.07354838243198686,0.013536638162822957,0.012623977436404199,0.008826669227110458,0.3161797968859496
500410.0,ACC,FY23,Building Materials,250,0.04606160976640925,-0.12040480050084873,-0.1540960913682066,0.02130052331846505,0.015648381050997823,0.007844551424003228,0.1429990531729729
500411.0,THERMAX,FY23,Conglomerates,250,0.5483281476987542,0.6320037180267658,0.871950459796955,0.02353086611118472,0.022467637426452452,0.013186440299869902,0.1453398801747826
500420.0,TORNTPHARM,FY23,Drug Manufacturers - Specialty & Generic,250,0.21591466354287142,0.4247235795370297,0.1862264777091309,0.014824071771609135,0.014410973445680894,0.009549264895009112,0.2415903969428907
500425.0,AMBUJACEM,FY23,Building Materials,250,0.11891698812613896,-0.10019431169621124,0.08095094913238485,0.022167529877624634,0.015215860099671045,0.008942114868762743,0.086206397424664
500459.0,PGHH,FY23,Household & Personal Products,250,-0.19852639838527042,-0.031840620811520275,0.11735022945044371,0.013388092903586137,0.013196914377303344,0.007377176135054508,0.8711509175851121
500469.0,FEDERALBNK,FY23,Banks - Regional,250,0.0879583242617997,0.0864719070807832,0.15742082415228306,0.015944432042773453,0.013307042337642964,0.008975271281928184,0.1288949308705369
500470.0,TATASTEEL,FY23,Steel,250,0.019547955123703678,-0.11208981690351015,-0.05443423308899459,0.017983968056468545,0.012105565005237245,0.007176863108277318,-0.0482143027883944
500490.0,BAJAJHLDNG,FY23,Asset Management,250,-0.057668464567185516,0.08815476970450148,0.012529619903716486,0.016319471375311444,0.01582733988751077,0.009428385135492264,0.1339639367779277
500493.0,BHARATFORG,FY23,Auto Parts,250,0.4559493781918299,0.31381904637926517,0.15086861553091374,0.022247773906149234,0.018639550371553813,0.013209061983851439,0.1326504312860032
500495.0,ESCORTS,FY23,Farm & Heavy Construction Machinery,250,0.20920209599475476,0.2801842886744094,0.20396659106403497,0.017688365007033826,0.016337580207477935,0.009430188396553211,0.1146774088753167
500510.0,LT,FY23,Engineering & Construction,250,0.13928570975097912,0.05150543079662499,0.22379750369213752,0.01707828709932804,0.012730879904647906,0.008994307687146257,0.1512184451831674
500520.0,M&M,FY23,Auto Manufacturers,250,0.34761694495017514,0.3363180881395704,0.42029879758414906,0.018666383684078514,0.01634771391509842,0.010898060005147415,0.1702454504457207
500530.0,BOSCHLTD,FY23,Auto Parts,250,0.24546242090954862,0.34445895122485304,0.6767891144264001,0.014250274118170298,0.012956830530621995,0.008615713509343922,0.2066285695327986
500547.0,BPCL,FY23,Oil & Gas Refining & Marketing,250,0.32016640335660435,0.14977606457048287,0.14438353695288936,0.021622643569328207,0.016989722382440266,0.009593943420833875,0.3551107415590458
500575.0,VOLTAS,FY23,"Furnishings, Fixtures & Appliances",250,0.39837683401305957,0.41867450685796237,-0.10808969697864161,0.018284324630865392,0.016314190707211185,0.010017303658242716,0.0432952495490078
500620.0,GESHIP,FY23,Marine Shipping,250,0.32904121616903564,0.29573858901048006,0.16156321445665106,0.02331460196424319,0.021258646438444162,0.011101808590179325,0.2108643309712884
500645.0,DEEPAKFERT,FY23,Chemicals,250,0.13286685165775197,0.08714525033008559,0.27768071550312734,0.026914212735653593,0.024938053077489877,0.015245044697667147,0.0817124905492189
500696.0,HINDUNILVR,FY23,Household & Personal Products,250,-0.2593866404133847,-0.08673666676504801,-0.04508865817905448,0.01176888111968507,0.011637030516683609,0.008494220659056912,0.2006521144909992
500770.0,TATACHEM,FY23,Chemicals,250,-0.1986955383216931,-0.2560199196499523,-0.14639230124342492,0.02174336614819336,0.01861061862216617,0.012694823814619817,0.0120498179038712
500790.0,NESTLEIND,FY23,Packaged Foods,250,-0.1984672404829187,-0.04253170376202093,0.10361939566604735,0.01188841527349405,0.011734837992618343,0.007628473527768763,
500800.0,TATACONSUM,FY23,Packaged Foods,250,0.002032724212979095,0.15363617788658443,-0.04556959165847258,0.014121836141114924,0.01352617392188394,0.007834017315456389,0.0716413430081604
500830.0,COLPAL,FY23,Household & Personal Products,250,0.31602826844132365,0.5694933037514021,0.41263047577284306,0.01472333465518809,0.014441229911632407,0.00910432691345958,0.7061930472267868
500850.0,INDHOTEL,FY23,Lodging,250,0.1546720991849181,0.08462447891570815,0.3211687338735964,0.018408331853833473,0.014906705336984872,0.00857803627463034,0.1331412286591975
500870.0,CASTROLIND,FY23,Oil & Gas Refining & Marketing,250,0.3523667451968063,0.2213750443919859,-0.09981579126502003,0.0274963493009531,0.02465049987512848,0.010656301940045968,0.4072838162031211
500875.0,ITC,FY23,Tobacco,250,-0.23355230465660792,-0.12871926716892595,-0.06300609083807901,0.011874252010277087,0.011054578460974818,0.0063033171943601175,0.2745886963641
500877.0,APOLLOTYRE,FY23,Auto Parts,250,-0.03638109649734794,-0.0398071751189952,-0.32675710708085237,0.01851671927838868,0.016266464636192853,0.011587583657499996,0.1238557823824096
500878.0,CEATLTD,FY23,Auto Parts,250,-0.2035703086033377,-0.14613375272466267,-0.14566551879731257,0.018988639898410493,0.017896301055482785,0.01008635219844105,0.1589690818555339
501301.0,TATAINVEST,FY23,Asset Management,250,0.9013962451727383,1.0459876884943538,-0.11839856371616986,0.03271548253704485,0.03211835417023853,0.014867805965806271,0.0128470641332352
502355.0,BALKRISIND,FY23,Auto Parts,250,0.0003738304482037881,0.04291792927192568,0.3895222956841879,0.01833821144027496,0.01681928527871208,0.010075568886251022,0.1661985066316083
503100.0,PHOENIXLTD,FY23,Real Estate - Diversified,250,0.5781318292095815,0.6179694289656533,0.26035343390639504,0.024612028799501574,0.02330795715184904,0.014518535802163064,0.1162235555728019
503806.0,SRF,FY23,Conglomerates,250,-0.2050651431624102,-0.19665664319589823,-0.14891551707135017,0.014484978478544927,0.011846042842698355,0.008748562023431977,0.1163609785504337
504614.0,SARDAEN,FY23,Steel,250,0.07848407260026126,-0.08551639776666822,-0.5045358371833016,0.03015817093762867,0.0265007159507317,0.015273207081555338,0.1344943219223173
504973.0,CHOLAHLDNG,FY23,Credit Services,250,0.17360185835225195,0.2721805541926205,1.1201088379915953,0.02054052046567502,0.019659407163284542,0.009821219632272515,0.1730684171521803
505200.0,EICHERMOT,FY23,Auto Manufacturers,250,0.08192932534961044,0.1467029019872439,-0.23307200127629507,0.015021397248394814,0.013423547922611091,0.00849721779477355,0.2217175112063763
505790.0,SCHAEFFLER,FY23,Auto Parts,250,-0.05427303150895422,-0.029503575629438072,-0.5220791754553391,0.020364336844933634,0.01881004576712223,0.012290488679325619,0.187087308936914
506285.0,BAYERCROP,FY23,Agricultural Inputs,250,0.01792482699806982,0.16200712064238332,-0.19838750094794383,0.017232438580801937,0.016680345632140083,0.00958943114145891,0.2598792728293675
506401.0,DEEPAKNTR,FY23,Chemicals,250,0.14379437823981692,0.12863639046447087,-0.15421318725538802,0.01776860698093757,0.015220136441428792,0.008964117418272657,0.1690544591816737
506820.0,ASTRAZEN,FY23,Drug Manufacturers - Specialty & Generic,250,0.325398297099303,0.3902278222269037,0.24904907107015412,0.026250060118934306,0.02527215118541266,0.01573431120180232,0.2268653781323744
506943.0,JBCHEPHARM,FY23,Drug Manufacturers - Specialty & Generic,250,0.12297018335063949,0.2734486479434927,-0.1544197954364288,0.019344049874445463,0.018823587787113114,0.010979271639741446,0.1890405572851474
507685.0,WIPRO,FY23,Information Technology Services,250,-0.09757302849732263,-0.06492136461895258,-0.13975952560254903,0.016756098472192622,0.014959204525493909,0.010251384594886743,0.147292310933839
508869.0,APOLLOHOSP,FY23,Medical Care Facilities,250,-0.09174044341787507,0.03518460078305386,-0.14037338373749159,0.01416843606518118,0.013470413806233966,0.00881880265498878,0.1295671482538858
509930.0,SUPREMEIND,FY23,Building Products & Equipment,250,0.09131612317998263,0.15637739001754838,0.17175335188682914,0.026553903627613482,0.02567918164349795,0.013786988059412184,0.209386493580722
511243.0,CHOLAFIN,FY23,Credit Services,250,-0.07733175221019055,-0.08490168983314081,0.0072396658316849554,0.01915145884498445,0.016894804206802762,0.009632125430566497,0.1745530601370676
512070.0,UPL,FY23,Agricultural Inputs,250,-0.3689924131233556,-0.40847546498701276,-0.5292404355653335,0.01817174003790722,0.014526603779937327,0.011929384021776455,-0.0431763393660274
512599.0,ADANIENT,FY23,Thermal Coal,250,-0.09158336956754022,-0.2812310849613138,-0.22449096194512452,0.026479409053157644,0.01915244709674141,0.01052404694739125,0.0829351145419104
513683.0,NLCINDIA,FY23,Utilities - Regulated Electric,250,0.8351422798917413,0.3631117512186656,-0.2619823383192248,0.03589013369001356,0.03059217904914995,0.018823663559867726,0.1121574249669561
515055.0,ANANTRAJ,FY23,Real Estate - Development,250,0.9989329848515467,0.6930549080077617,0.8231712227944792,0.02635540004369294,0.021258943984363256,0.011539036212911177,0.0727298336472387
517174.0,HONAUT,FY23,Electrical Equipment & Parts,250,-0.05720122765722555,0.018877161900224596,-0.11744329374361841,0.016820003226535218,0.015755872545272654,0.007985897151982842,0.1390383228883589
517334.0,MOTHERSON,FY23,Auto Parts,250,0.41527014301517945,0.40045239682858774,0.6350837117644818,0.01886080544302825,0.016521643057569313,0.010073592757415198,0.1038505213172292
517569.0,KEI,FY23,Electrical Equipment & Parts,250,0.2234330637670102,0.27056055087243275,-0.22176994538534475,0.02490978995078961,0.02377282963497141,0.012946023192615072,0.1844648352234755
520056.0,TVSHLTD,FY23,Auto Parts,250,1.2032246305015504,1.2745260051308063,0.8270190765491965,0.021636682498203615,0.020252849817111465,0.010392475494570057,0.2818205185083466
521064.0,TRIDENT,FY23,Textile Manufacturing,250,-0.12945815036701303,-0.1604195959642042,-0.4283505998785924,0.025948813007609504,0.0239749087700083,0.011027395697488656,0.0809934629618043
522113.0,TIMKEN,FY23,Tools & Accessories,250,-0.06784204553030233,0.03193682553975881,-0.25603597020027397,0.01976182435329754,0.019021855949377903,0.011237319267632374,0.1622255574897901
522287.0,KPIL,FY23,Engineering & Construction,250,0.7656957254618253,0.6492008361720625,1.423671567580865,0.02487228971301507,0.022287416513159672,0.011927818204523726,0.0991847006319592
523395.0,3MINDIA,FY23,Conglomerates,250,0.061938973978308616,0.17097427809169957,-0.02295300101869774,0.020250303950332022,0.01952163533470818,0.008569699538135843,0.2717480441830778
523405.0,JMFINANCIL,FY23,Capital Markets,250,0.04453209251477688,-0.0704476544591279,-0.5289877263473924,0.030126938208292545,0.027301884787491085,0.017887638645723323,0.0482704198810435
524200.0,VINATIORGA,FY23,Specialty Chemicals,250,-0.26805529195734773,-0.14192454931243356,-0.2911455209476408,0.013113257004761148,0.0126183255810257,0.006693895777244741,0.1312084108580667
524715.0,SUNPHARMA,FY23,Drug Manufacturers - Specialty & Generic,250,0.1312006264114345,0.30375445483988034,0.24983172612328755,0.011729666828741468,0.011059983200981907,0.00709741844438437,0.1504141486725802
524804.0,AUROPHARMA,FY23,Drug Manufacturers - Specialty & Generic,250,0.3466449329468818,0.4640043503325624,-0.09875907781817649,0.018385035328163664,0.0174163923662755,0.01017221479285842,0.1063227981288619
524816.0,NATCOPHARM,FY23,Drug Manufacturers - Specialty & Generic,250,0.25799106839737695,0.35247216829971123,0.3771032382489025,0.021347290997424963,0.02041296229739599,0.012931464952952637,0.2371905485981787
526299.0,MPHASIS,FY23,Information Technology Services,250,0.10676112223019989,0.17749813523754773,-0.19292467240064926,0.01906625785933757,0.01788981275414186,0.010112950600497876,0.1767925772633206
530019.0,JUBLPHARMA,FY23,Drug Manufacturers - Specialty & Generic,250,0.4019052723764734,0.36998882722976617,-0.2719343627309588,0.027816464108009625,0.02614754497810147,0.0143706775013421,0.0141887042455694
531344.0,CONCOR,FY23,Railroads,250,0.07569643692276228,-0.16413206426733543,-0.34713720219927674,0.023682820266795808,0.01618938264555708,0.009924012921310075,0.1054367641537832
531531.0,HATSUN,FY23,Packaged Foods,250,-0.10023668936337027,0.09300824899656653,-0.07701143052785547,0.01975105098446457,0.0196218542464233,0.011590892470115815,0.1699920496104309
531595.0,CGCL,FY23,Credit Services,250,-0.2573427523169606,-0.2025960050140869,-0.40342257068176507,0.03131854702097885,0.030663909842314888,0.016918516582720134,0.0728270303943366
531642.0,MARICO,FY23,Household & Personal Products,250,-0.08403051363782471,0.12468919911681557,0.09190396160587226,0.014842130088772854,0.014745133773858068,0.00859633019637485,0.386482254697286
532134.0,BANKBARODA,FY23,Banks - Regional,250,-0.06509880867327192,-0.2445881626195586,-0.2894089803923238,0.022446608177837495,0.01582859425460399,0.010761622693818876,0.156770758747794
532181.0,GMDCLTD,FY23,Thermal Coal,250,0.5927758057407155,0.18941636422199112,-0.059561307613127897,0.038675154615475084,0.03388977532778168,0.019867662256469958,0.0979320430051117
532210.0,CUB,FY23,Banks - Regional,250,-0.042074264879893276,-0.1200937251528237,-0.03424669715215329,0.019426853787170177,0.015632758564961935,0.010528530017001526,0.1208997419070785
532234.0,NATIONALUM,FY23,Aluminum,250,0.5060933927803284,-0.005804965461123669,-0.17655381403487624,0.03046366063957173,0.02048519328027574,0.011988330982062353,0.1382018044090633
532259.0,APARINDS,FY23,Electrical Equipment & Parts,250,0.6847918619131198,0.7172360284455481,0.4507411861604182,0.02497164338093409,0.023627581377890835,0.011787042790700362,0.2128530632566562
532281.0,HCLTECH,FY23,Information Technology Services,250,0.05158850801533948,0.18313010596802734,0.45671776914257994,0.0140281032096289,0.013178724839135394,0.008248344208288197,0.2300221203287286
532300.0,WOCKPHARMA,FY23,Drug Manufacturers - Specialty & Generic,250,1.1607375992687885,1.000689732648997,0.19907176772834848,0.03340017086460629,0.031157007996719503,0.01307985975409635,-0.137838642453111
532321.0,ZYDUSLIFE,FY23,Drug Manufacturers - Specialty & Generic,250,0.410982753394088,0.5202597413882424,0.8132549096420211,0.016215006851687638,0.015000366324055969,0.00826655394681105,0.1946342570412768
532331.0,AJANTPHARM,FY23,Drug Manufacturers - Specialty & Generic,250,0.1624506678758024,0.39638265052450766,0.012084343056071143,0.018014302302055675,0.017840111878777126,0.009122450458446535,0.2287875942220739
532432.0,UNITDSPR,FY23,Beverages - Wineries & Distilleries,250,0.04129149409803961,0.18123415458962683,0.27849372665427163,0.0158843487404629,0.015249668690392019,0.008966867171930792,0.1977250386181716
532466.0,OFSS,FY23,Software - Infrastructure,250,1.106884016748039,1.0981208566878415,3.1493368810767697,0.026275577685395145,0.024746881992777813,0.009037090737125521,0.28240952817224
532477.0,UNIONBANK,FY23,Banks - Regional,250,0.2659179963597302,0.028916609638058227,0.009150507496228586,0.026886345657184615,0.0219115440254779,0.013225863207989418,0.1413673162396441
532478.0,UBL,FY23,Beverages - Brewers,250,-0.04674132975197584,0.10766195002946706,-0.16010165617543126,0.015514972029386143,0.015049591535386025,0.009018512534362482,0.0981322726250137
532497.0,RADICO,FY23,Beverages - Wineries & Distilleries,250,-0.11312632723553287,-0.025373565278568502,-0.34866036787449406,0.01987761800981381,0.01907560064723586,0.010536439263573609,0.1074654178483576
532500.0,MARUTI,FY23,Auto Manufacturers,250,-0.0422547645889672,0.048636856477133186,0.4493462290030695,0.013020302390165965,0.011742038928474313,0.006618607238161467,0.1575061889859405
532504.0,NAVINFLUOR,FY23,Chemicals,250,-0.4003703135006831,-0.4155899794135961,-0.5026818320160951,0.019890411670369465,0.017410158287798093,0.01607476978041992,0.1135281008280626
532505.0,UCOBANK,FY23,Banks - Regional,250,0.4148838127925847,0.07468698306536341,0.11261193700403148,0.03377897248547739,0.028694880149130804,0.013577988407256231,0.0614227950495384
532514.0,IGL,FY23,Utilities - Regulated Gas,250,-0.19764981016129496,-0.22653329505808187,-0.30528130998302083,0.02008413520076702,0.017435463486458257,0.015018441631680451,0.2060618454393426
532522.0,PETRONET,FY23,Oil & Gas Refining & Marketing,250,0.22180794874447143,0.13323337087451548,-0.3102713952900728,0.021498426054678495,0.017860384183483482,0.011128251110011754,0.209788450503759
532541.0,COFORGE,FY23,Information Technology Services,250,-0.04032426802841872,0.02028953513139911,-0.1762151342634118,0.020597718954112918,0.019496036018419472,0.0127693201418412,0.2227982132024485
532636.0,IIFL,FY23,Credit Services,250,-0.43426357393409176,-0.463711257882059,-0.7015976941008044,0.034674376234180224,0.03304689786070688,0.028851391487175613,0.1657931426089523
532648.0,YESBANK,FY23,Banks - Regional,250,0.008939484333732213,-0.1398526925972145,-0.4558472796896747,0.028627868065727455,0.024950257950368284,0.011961774656631462,0.0304873880095074
532683.0,AIAENG,FY23,Specialty Industrial Machinery,250,-0.06907888808251744,0.09117465186591894,0.17910226000169802,0.017284540895862545,0.016929644271932224,0.010669865279912724,0.1705643320297532
532714.0,KEC,FY23,Engineering & Construction,250,0.028374392121915927,0.013792154364611639,0.39927742489054135,0.022140083472813214,0.020136393217330822,0.010460502012167017,0.084669287301316
532720.0,M&MFIN,FY23,Credit Services,250,-0.268977360350621,-0.2969116458942787,-0.33957342383766514,0.0192354264816761,0.016387010579923145,0.014221088154397122,0.0969580976509099
532725.0,SOLARINDS,FY23,Specialty Chemicals,250,1.134852459180367,1.0791411974224412,2.7551974413244222,0.026657580508934207,0.02487188337251629,0.013920593573047837,0.252882986447241
532726.0,GALLANTT,FY23,Steel,250,2.0566265150328675,1.9729683888768903,-0.47232282422219546,0.033660786382305075,0.032247316332309435,0.014391692622681983,0.0919517426422235
532734.0,GPIL,FY23,Steel,250,0.40395790358851463,0.4612306351405862,0.06534496523695638,0.02281802491221831,0.02158535996427504,0.011387780642940734,0.2080440632306265
532754.0,GMRAIRPORT,FY23,Airports & Air Services,250,0.4457932347109304,0.1758399816434396,-0.206014306936707,0.027894049213900776,0.0219661845137782,0.011717475705643184,-0.2584235916013603
532777.0,NAUKRI,FY23,Internet Content & Information,250,0.1321077746761184,0.14732830286325102,-0.007044871524745181,0.01908605752880412,0.01711727626176913,0.008880888959384894,0.019007417515085
532783.0,LTFOODS,FY23,Packaged Foods,250,0.34889177418396716,0.1859267472117852,-0.07090756736578044,0.028154188691018166,0.02497642083552181,0.013766128660732884,0.175983254107342
532784.0,SOBHA,FY23,Real Estate - Development,250,1.3650176976712503,1.0427818232369466,0.021200539228709767,0.033512807109271174,0.030644870136236353,0.015408065581306769,0.0195352245001539
532805.0,REDINGTON,FY23,Information Technology Services,250,-0.1966383492167013,-0.17872135074866324,-0.38693284939028716,0.020943751454301704,0.01936399538220218,0.012873216777151654,0.1614339914581544
532809.0,FSL,FY23,Information Technology Services,250,0.4204288529592096,0.3160298279498931,0.04826840956823985,0.022743640344401527,0.019727102093897733,0.011204506401688378,0.1391007952377078
532810.0,PFC,FY23,Credit Services,250,1.1247117902713688,0.4261246300460756,-0.1899016021746503,0.033028465857417054,0.024259211444852123,0.015525526216103713,0.195371142350863
532814.0,INDIANB,FY23,Banks - Regional,250,0.27764058354330406,0.17608601871188945,0.47717434143093135,0.02540389630765876,0.022633906459940966,0.01220227339545688,0.139745419780176
532822.0,IDEA,FY23,Telecom Services,250,0.4361323799253504,-0.004507665920131316,0.19288010876920306,0.03911904699856378,0.03290125328550206,0.017118134782278648,-0.2998882561430321
532830.0,ASTRAL,FY23,Building Products & Equipment,250,-0.16379551282649873,-0.12879391173614071,-0.0521963430971658,0.017507798996267372,0.015898113732947597,0.012272933491996953,0.1712932467613939
532868.0,DLF,FY23,Real Estate - Development,250,0.2179859007609141,0.028556206097732673,0.1746167084801762,0.019864758877561194,0.01392937530286906,0.008295165147334433,0.0691617746551032
532889.0,KPRMILL,FY23,Textile Manufacturing,250,0.01784213954419216,0.18713761568555393,0.5379314541874147,0.01808454123493007,0.017712782506280642,0.009192860977213982,0.1847883200290026
532927.0,ECLERX,FY23,Information Technology Services,250,0.020893597634433877,0.08834330280257173,-0.35973865932410265,0.022706267579533455,0.021735092318389847,0.011107458569080093,0.2275665283352488
532929.0,BRIGADE,FY23,Real Estate - Development,250,0.5734316636825267,0.46000537169220335,-0.03319335380448386,0.025269771131402934,0.022649083387024063,0.012854531437819144,0.128438775365101
532939.0,RPOWER,FY23,Utilities - Independent Power Producers,250,0.39776050624207404,0.2934344999938549,-0.17028653242902633,0.03415504748454304,0.03222830379435558,0.0175390522115662,-0.1780958268827074
532947.0,IRB,FY23,Infrastructure Operations,250,0.827310420190406,0.4185543817028946,-0.010186131254254773,0.03408670466362843,0.029359894174834505,0.016146000066413986,0.0440769602106441
532953.0,VGUARD,FY23,Electrical Equipment & Parts,250,0.17011860623547542,0.27534183806267143,1.0478986648247859,0.01727477264106658,0.016280782024789102,0.008310486115431488,0.141978370870126
533023.0,ZFCVINDIA,FY23,Auto Parts,250,-0.02640484354824761,0.0791468633450778,0.48765695519734614,0.023859804944264203,0.023285088515047,0.010991746007189405,0.1456631727393029
533096.0,ADANIPOWER,FY23,Utilities - Independent Power Producers,250,1.1645916064543527,0.780750034016498,-0.004029050623703225,0.03155142518996023,0.02674721162167872,0.012623391519804494,0.4827622092278067
533098.0,NHPC,FY23,Utilities - Renewable,250,0.5117664059682362,0.19276911793415996,-0.0608796156042876,0.028989729025179174,0.02364847074602041,0.01678101165897745,0.092994081242683
533106.0,OIL,FY23,Oil & Gas Integrated,250,1.4180473120448387,1.220315492357106,2.2981715465843493,0.02702980539766131,0.02443596928228206,0.012997086999634396,0.1310556964471123
533155.0,JUBLFOOD,FY23,Restaurants,250,-0.11254683332651703,-0.002674400013429229,-0.16666112788613632,0.016749369897915325,0.0160689824950664,0.0077608936599195405,0.1839750635986957
533179.0,PERSISTENT,FY23,Information Technology Services,250,0.4324135177803391,0.5216287883626506,1.2475303524666272,0.019587804574597797,0.018399628820284383,0.01351682647312566,0.2205638614787037
533206.0,SJVN,FY23,Utilities - Renewable,250,1.3371748828510124,0.5706166542158391,0.09743596525845862,0.04127493685146521,0.03531936779199933,0.022446049465885576,0.0647750491263854
533273.0,OBEROIRLTY,FY23,Real Estate - Development,250,0.2326880778947222,0.13815873441324203,0.28882987441195473,0.02068618055608893,0.01727257597531403,0.012310408973477406,0.139161107022819
533274.0,PRESTIGE,FY23,Real Estate - Diversified,250,1.2697564900172214,1.0290445454812258,0.40942550122537846,0.03152779913273229,0.02852360871091025,0.016624979342531935,0.121722415137127
533293.0,KIRLOSENG,FY23,Specialty Industrial Machinery,250,1.0586543179495762,1.0549755346229193,0.7823225869460498,0.025454235889876428,0.02388548550557638,0.014138923056812596,0.1651103612945172
533519.0,LTF,FY23,Credit Services,250,-0.021513806026963934,-0.1527133690589327,-0.2824822854277984,0.021263847324409696,0.01637036869275711,0.01058962384829031,0.098986963296192
533573.0,APLLTD,FY23,Drug Manufacturers - Specialty & Generic,250,0.2626869942736227,0.3244272860457708,0.14493761560461033,0.021242432475424237,0.020017670066269797,0.010487881643630837,0.1278112158067328
533581.0,PGEL,FY23,Electronic Components,250,1.117025966097457,0.9625287770203259,1.2411244935095962,0.03079563628243896,0.028633246380336895,0.01534958362672601,0.1299514537153393
533655.0,TRITURBINE,FY23,Specialty Industrial Machinery,250,0.09355139539759735,0.0908558118620606,0.18436665217004228,0.02794646534799676,0.02652190743880075,0.012519087172123113,0.2804745145352895
534091.0,MCX,FY23,Financial Data & Stock Exchanges,250,0.9146011615357054,0.6685003176114738,0.015000202239842683,0.027402924236435484,0.023871386559838052,0.014213965435992099,0.0602914825857653
534309.0,NBCC,FY23,Engineering & Construction,250,2.0138674033967274,1.3019513664597813,0.8478814046481861,0.03764464091329073,0.033247065551767346,0.01699432761317451,0.1804248460530307
534816.0,INDUSTOWER,FY23,Telecom Services,250,0.7717187635443915,0.4846361353900628,0.5655341510437981,0.02696023067972014,0.021696789834598336,0.012201055496929089,0.2232421557169696
539083.0,INOXWIND,FY23,Specialty Industrial Machinery,250,1.4642657151330423,1.0960623358707897,-0.25279595336572513,0.03533889831070717,0.032321500861698924,0.015965069996569266,-0.0126946288336689
539268.0,SYNGENE,FY23,Diagnostics & Research,250,-0.23774098963851295,-0.1431122705385228,-0.27821337494959497,0.015924564516740392,0.015198614966737297,0.009101795040887546,0.1197829814218944
539437.0,IDFCFIRSTB,FY23,Banks - Regional,250,-0.3343519141912926,-0.35646578890766,-0.5544555933940328,0.01617312339916649,0.012792505302268605,0.008555574587414802,0.0911689995346038
539448.0,INDIGO,FY23,Airlines,250,0.1562664328499746,0.15944073978315756,0.29878584560874266,0.01800856174144117,0.015805204417439794,0.0101058327827887,4.093413473578763
539523.0,ALKEM,FY23,Drug Manufacturers - Specialty & Generic,250,0.07231728390645711,0.16281243085820857,-0.22513875292943472,0.017431909640579783,0.016351282411139912,0.011192503442901382,0.1741427028159262
539524.0,LALPATHLAB,FY23,Diagnostics & Research,250,-0.0745246062199281,-0.006921864930695114,-0.03918189292107959,0.017632345980153685,0.01646970533215056,0.00880378090395629,0.1934452433727017
539551.0,NH,FY23,Medical Care Facilities,250,-0.12057696309211574,-0.011652854402699545,-0.3918563289516675,0.01791124277372279,0.017275252805195887,0.010634381016010426,0.2736994834033306
540115.0,LTTS,FY23,Information Technology Services,250,-0.007855537739052816,0.07445861725800926,-0.03321058432061038,0.015894884546444204,0.014722074739279905,0.010783404809497722,0.2447297779279533
540153.0,ENDURANCE,FY23,Auto Parts,250,0.08870164189846486,0.18053474047176513,-0.05365360295815521,0.02036109365437016,0.01944013081856717,0.011768007991314864,0.1367144281569585
540173.0,PNBHOUSING,FY23,Mortgage Finance,250,-0.07977474196658593,-0.1598126697537432,-0.30585273431388627,0.02676458376159334,0.024016760172773825,0.012749771105663164,0.1007056023463982
540180.0,VBL,FY23,Beverages - Non-Alcoholic,250,0.4205496838586028,0.5505325479813812,0.07125218658862245,0.017682529694888875,0.01672965085393742,0.009442876613865203,0.2963919257239027
540222.0,LAURUSLABS,FY23,Drug Manufacturers - Specialty & Generic,250,-0.08410974232570802,-0.10226885226478032,-0.29583941026851923,0.019377627976416293,0.01695078782089317,0.010575931341838011,0.0390542332064364
540376.0,DMART,FY23,Discount Stores,250,-0.04844552461507664,0.1703526959382532,0.3282335962761388,0.014648392920424715,0.014525360406553925,0.008733004374897395,0.1356398767342931
540530.0,HUDCO,FY23,Credit Services,250,3.116475804768387,1.7835321458505173,0.582362903732859,0.04097899222434574,0.0346046506133285,0.016215649038969545,0.1274116655631132
540596.0,ERIS,FY23,Drug Manufacturers - Specialty & Generic,250,0.09352421201388675,0.24722622469957042,0.06332678615377821,0.016669032634548803,0.016138565670014118,0.010268312986655781,0.1515942432467964
540611.0,AUBANK,FY23,Banks - Regional,250,-0.41056353245273836,-0.3256664433161702,-0.5579997072569599,0.01790557891161225,0.017416074898432568,0.014561835002475805,0.1221955611958933
540678.0,COCHINSHIP,FY23,Aerospace & Defense,250,5.573109485888816,4.32312285345482,1.7490292235488578,0.0423037154267977,0.03928465316742196,0.018155443959985043,0.1565510871974696
540699.0,DIXON,FY23,Consumer Electronics,250,0.9173149391427878,0.720703818778885,1.292800368422322,0.022237537704409203,0.018525692366740065,0.01113091284998089,0.2169808537628698
540755.0,GICRE,FY23,Insurance - Reinsurance,250,0.69696011765766,0.4806777611580596,-0.10213134156689123,0.032890804039598,0.030106107680746824,0.017349843888923654,0.120996153397199
540769.0,NIACL,FY23,Insurance - Diversified,250,0.5391497487506041,0.16195301758466749,-0.43858006887652917,0.0372171295167256,0.0324696857981703,0.018352266792835612,0.0394571949796402
540902.0,AMBER,FY23,"Furnishings, Fixtures & Appliances",250,0.39528196701503376,0.3472169352429961,0.05077224332174898,0.026493371835379996,0.02455836077759642,0.01494950843792941,0.0643689349170899
540975.0,ASTERDM,FY23,Medical Care Facilities,250,0.002557141681942021,0.1270761031911234,-0.36055258269160456,0.02415665420648319,0.0236618228563988,0.01188801469544825,0.0283521828856153
541143.0,BDL,FY23,Aerospace & Defense,250,0.6324739552972564,0.45788935290323646,-0.15975480460536529,0.029775954521108053,0.02700714467882937,0.018290294481579678,0.1684768682602754
541154.0,HAL,FY23,Aerospace & Defense,250,0.8448824873560803,0.4624926884592406,0.007754616286490987,0.025008220291357804,0.018632548988464337,0.010950544294554708,0.2615486833936379
541450.0,ADANIGREEN,FY23,Utilities - Renewable,250,0.30224574239439234,0.01983655573124668,-0.4070650894958117,0.032738575520129876,0.026876535940192056,0.012211428730830014,0.1033640293177974
541557.0,FINEORG,FY23,Specialty Chemicals,250,-0.15866902848467254,-0.04579701956323473,-0.24781470541833212,0.016149465713797384,0.01553352053913683,0.009375810703608316,0.2144110215610834
541729.0,HDFCAMC,FY23,Asset Management,250,0.31808178720061997,0.15347652920237875,0.34126125955927367,0.02035242043732295,0.015519477199492558,0.00983328968703192,0.2745847709049174
541770.0,CREDITACC,FY23,Credit Services,250,-0.257900862950519,-0.17777032362713033,-0.11243178079174225,0.021103471444937447,0.020450851212779345,0.011464569042273859,0.2200813396692227
541956.0,IRCON,FY23,Engineering & Construction,250,1.3974787396139234,0.6745997994534279,0.15209691373708253,0.03885855408143179,0.032956508482400934,0.017066533900715837,0.1583346392047583
542011.0,GRSE,FY23,Aerospace & Defense,250,1.5905445622218102,1.1766904219921062,0.9831360001234041,0.03910548875703667,0.03628170870681714,0.018324761137567185,0.2134931248460879
542066.0,ATGL,FY23,Utilities - Regulated Gas,250,-0.002375667077009258,-0.19457023423489303,-0.6478012492093003,0.0341050366133326,0.029282897613215158,0.013472888431106942,0.1864358493095589
542141.0,TECHNOE,FY23,Engineering & Construction,250,1.8485366345896213,1.859813034048279,0.18226981402652026,0.030363985078914215,0.029132663339761312,0.019597493920216154,0.1241015307365407
542216.0,DALBHARAT,FY23,Building Materials,250,-0.3718672995683818,-0.42679428138166775,-0.4566074801142105,0.018771707544798382,0.01463204292910644,0.011445911779968313,0.0503750686101116
542399.0,CHALET,FY23,Lodging,250,0.3501364973818143,0.4678347166472569,0.2092523864997464,0.020922542888187384,0.020082509757688907,0.00964304392645816,0.150250466958563
542652.0,POLYCAB,FY23,Electrical Equipment & Parts,250,0.056348865456371605,0.06169533911517828,0.18405965976538632,0.024403108208786526,0.022851305061693982,0.02290671198457874,0.2179083669572282
542752.0,AFFLE,FY23,Advertising Agencies,250,-0.04115918017548692,-0.06844876166746514,-0.23002575837681072,0.019334088871363068,0.016732750868936358,0.009013025594183904,0.1190008967030151
542772.0,360ONE,FY23,Asset Management,250,0.6177534724119692,0.7241440307388368,0.5188656728906369,0.023088408399210062,0.022120109145644787,0.012199121576909637,0.233122592202868
542812.0,FLUOROCHEM,FY23,Specialty Chemicals,250,-0.2314542099531845,-0.2318844122449379,-0.6234565676835602,0.021443874036579776,0.01961523894519232,0.010668028368817814,0.0732690513009699
542920.0,SUMICHEM,FY23,Agricultural Inputs,250,-0.16170244781077703,-0.09077635990912417,-0.3531932112287493,0.018757855672394314,0.017789449169140076,0.00955150544330586,0.1513540279664658
543066.0,SBICARD,FY23,Credit Services,250,-0.3997773862511101,-0.3423181940471337,-0.39212343857631277,0.013125579898758663,0.011860569122147531,0.009462808618281797,0.1992613391393434
543187.0,POWERINDIA,FY23,Electrical Equipment & Parts,250,0.8265746047752525,0.7033428204637469,0.438662145292652,0.02927461327907048,0.02711314498061991,0.012259859333527095,0.1204379830424967
543220.0,MAXHEALTH,FY23,Medical Care Facilities,250,0.1219347001306801,0.3247065594335993,0.15607539810868876,0.024883102315137035,0.024670912232755405,0.015047393640217573,0.1257876296065479
543235.0,ANGELONE,FY23,Capital Markets,250,-0.11216418816232313,-0.23732659451441068,0.12400942613047226,0.03267697988102923,0.02960072036707981,0.019298901956725366,0.370409691558917
543237.0,MAZDOCK,FY23,Aerospace & Defense,250,1.1728722531566298,0.6794998346741509,0.7244445758859956,0.03756745296304404,0.03334818451649025,0.013487990206504576,0.3102393380604055
543238.0,UTIAMC,FY23,Asset Management,250,-0.0645347423730948,-0.02646856781347562,-0.4034929078230136,0.016719920931073676,0.014999339844017728,0.007820308384498223,0.1744873147576324
543245.0,GLAND,FY23,Drug Manufacturers - Specialty & Generic,250,0.2631428260304413,0.4005551025999153,0.12816609209343655,0.023228533291844752,0.02264043754180716,0.01089655352886316,0.088545839259143
543257.0,IRFC,FY23,Credit Services,250,3.198845283102656,2.2199288891256037,0.6983105610370585,0.04013182261477891,0.03610393488366653,0.016343432117680655,0.1303842303670074
543276.0,CRAFTSMAN,FY23,Auto Parts,250,-0.12656354136056377,-0.059079384450744336,0.21903140843225638,0.020596691205076595,0.019624752867852962,0.009620797578338735,0.1836391271306047
543299.0,SHYAMMETL,FY23,Steel,250,0.34972308515316386,0.17026706702886615,-0.2292934524084518,0.02446081578083102,0.02052772135618057,0.010980215547543668,0.1072691405427987
543300.0,SONACOMS,FY23,Auto Parts,250,-0.15065382748595646,-0.12305961918351717,0.05264844406940135,0.021169247078517528,0.019718335956799515,0.010673795549672925,0.1951709373330395
543308.0,KIMS,FY23,Medical Care Facilities,250,-0.17416194483423947,-0.0266147462812962,-0.13710984780482896,0.014796278145290817,0.014457951168634362,0.008291792135964784,0.169565693031397
543330.0,DEVYANI,FY23,Restaurants,250,-0.37289123144653297,-0.3234410580388979,-0.5829551547738646,0.019102878650698343,0.018086240375085782,0.011719256126813158,0.0447666758543347
543334.0,NUVOCO,FY23,Building Materials,250,-0.30780706298335303,-0.3304474230807109,-0.5663083758586961,0.017314758980568334,0.014221085915251105,0.007284371038020517,0.0164044828753094
543374.0,ABSLAMC,FY23,Asset Management,250,0.3148017676505787,0.2839879278540917,0.33339007301006834,0.0188768615718173,0.01630296192411439,0.008394331276832728,0.2462573527555477
543384.0,NYKAA,FY23,Internet Retail,250,0.001797748926035107,0.03214625547180458,-0.32316568445815064,0.021214073994511994,0.019762402095932448,0.012287851228888303,0.0255579411042361
543390.0,POLICYBZR,FY23,Insurance Brokers,250,0.24247830558773026,0.2670941799473424,-0.04358435417690977,0.02472553584023252,0.023375362132724283,0.0126814352277508,0.0114085603377942
543415.0,ANANDRATHI,FY23,Asset Management,250,1.5484868586322416,1.9194228624528704,0.7310154535167296,0.02282362181562432,0.022542672193782545,0.012848592677287583,0.3467257657346645
543463.0,MANYAVAR,FY23,Apparel Manufacturing,250,-0.36707891455312364,-0.2912787729252964,-0.19383708150416964,0.018104865911371646,0.0174415321375933,0.010451061004603074,0.2585536994032012
543524.0,RAINBOW,FY23,Medical Care Facilities,250,-0.24785502569127735,-0.07349791918201384,-0.236296555488118,0.02388340719218087,0.023826397750588958,0.016379961883230255,0.1723696668911963
543529.0,DELHIVERY,FY23,Integrated Freight & Logistics,250,-0.24929272201391417,-0.24764821679016627,-0.12893869263640678,0.022117297828466068,0.02025348407676353,0.016259411306777397,-0.0272493872370783
543530.0,PARADEEP,FY23,Agricultural Inputs,250,-0.03441270139093611,-0.0682916841451959,-0.2874830858880208,0.026708477729823505,0.02481433811442712,0.012307716964836131,0.0280297377390377
543573.0,SYRMA,FY23,Electronic Components,250,-0.24784563209640886,-0.2723754582762915,-0.3388168130105657,0.028274767695278293,0.02651261873218852,0.022832510164025883,0.0665555423264674
543635.0,PPLPHARMA,FY23,Drug Manufacturers - Specialty & Generic,250,0.34927442533156994,0.4300138378066579,-0.18082996113804736,0.02173394192730746,0.020667756125331085,0.010287372638109277,0.0022524629203143
543653.0,BIKAJI,FY23,Packaged Foods,250,0.20868611083165003,0.3340495806961632,-0.12497426717439221,0.019530515882085944,0.018761485066055305,0.010967890832923165,0.2180808413845667
543654.0,MEDANTA,FY23,Medical Care Facilities,250,0.32897238227058073,0.4575725050394837,0.09836525207851501,0.021639228968547336,0.0208808829946283,0.013681022583598684,0.1645751502171476
543663.0,FIVESTAR,FY23,Credit Services,250,-0.09639056371074797,0.0017257395945738012,0.09010526036668438,0.021563298592106397,0.02092689874126752,0.011840375911027747,0.1608720964370056
543664.0,KAYNES,FY23,Electronic Components,250,0.6472810012101634,0.4003307433983848,1.8195252422806665,0.03071770705245933,0.02729135215791474,0.016250173981538187,0.0737021234160431
543720.0,KFINTECH,FY23,Software - Application,250,0.5194969071755994,0.46910632245046135,0.021246081646338937,0.02455849254814123,0.02249815473029789,0.013789020845744569,0.2156443088896484
500002.0,ABB,FY24,Specialty Industrial Machinery,250,-0.21509908082040255,-0.20526641268746465,-0.2669357210028167,0.020866970948747735,0.016797172893445886,0.011870658510427958,0.2645278005483789
500008.0,ARE&M,FY24,Electrical Equipment & Parts,250,-0.3917234855676484,-0.385082667662847,-0.3473867814201853,0.020713897002294934,0.017378984019743887,0.009202730170155009,0.1278459033742808
500027.0,ATUL,FY24,Specialty Chemicals,250,0.0035361746940151,0.004127569516240026,-0.13442979529627036,0.019835598357706322,0.017383127236044415,0.00975298303957288,0.0864384528136749
500033.0,FORCEMOT,FY24,Auto Manufacturers,250,0.8902154508828614,0.9425784964561623,1.4808403542122057,0.03311033853596992,0.030162827097980776,0.014946479895614779,0.2639718074918492
500034.0,BAJFINANCE,FY24,Credit Services,250,0.3293459728468035,0.3228005945233563,0.2071302794445671,0.01600961787621031,0.013720904147870945,0.008390458492394637,0.1720687368158583
500040.0,ABREL,FY24,Real Estate Services,250,-0.005927787550847649,0.03252697601966546,-0.6369637713633989,0.028777556489231734,0.024381192476028882,0.013105235624930468,-0.0419971564425325
500042.0,BASF,FY24,Specialty Chemicals,250,-0.06412415950052032,-0.07511406706267058,-0.7463984326741091,0.029102317788968338,0.02809351249942824,0.018365992934986915,0.131817031158854
500043.0,BATAINDIA,FY24,Footwear & Accessories,250,-0.2716824596212786,-0.2832982805520739,-0.11786462973246131,0.014798278674771544,0.01337530971825458,0.00902677477902295,0.2099452495074487
500049.0,BEL,FY24,Aerospace & Defense,250,0.2497932232592855,0.2758449029394658,1.1902587089308077,0.020301667710766635,0.01531930947659008,0.009009415558289394,0.2664198110633431
500067.0,BLUESTARCO,FY24,Building Products & Equipment,250,-0.12271546170663812,-0.11628908029656697,0.05604510070431382,0.023671488371731924,0.021125349326758722,0.011852046524694999,0.1928992306738618
500084.0,CESC,FY24,Utilities - Regulated Electric,250,0.09137095770792433,0.1133873486341251,0.024283430218380468,0.022842078147158766,0.018593046900438576,0.010103924814159908,0.113986004669551
500085.0,CHAMBLFERT,FY24,Agricultural Inputs,250,0.13680841169039784,0.15149683895152183,0.49166155876675305,0.02352754226307439,0.019949051925213377,0.014347928998148825,0.1889901718831991
500092.0,CRISIL,FY24,Financial Data & Stock Exchanges,250,0.3968244954464381,0.3623192135032499,0.11763431971590733,0.02197218269188195,0.021482649511973668,0.011866671136665652,0.2667126737938725
500093.0,CGPOWER,FY24,Electrical Equipment & Parts,250,0.008202536893563551,0.040492479403585,0.005025977983650321,0.024679025306999676,0.01999366084443967,0.011075504285955993,0.2535412791529546
500106.0,IFCI,FY24,Credit Services,250,-0.12345213337211833,-0.06051621786905297,0.6259731328342293,0.036894527618704,0.03069958493908964,0.014044592646868626,0.0196806949918016
500113.0,SAIL,FY24,Steel,250,-0.06828352157309382,-0.029613001961650655,0.09015886403614963,0.023414747339383372,0.01717273310824085,0.01050364842500021,0.0402647557677443
500125.0,EIDPARRY,FY24,Agricultural Inputs,250,0.4537089632114485,0.46553807037954525,1.4015372666691168,0.022813457885991435,0.019790744287930484,0.010345077856318144,0.1106829491426749
500163.0,GODFRYPHLP,FY24,Tobacco,250,1.079559037880004,1.096473312393306,0.02086852801492292,0.03982632339976321,0.038175581405531823,0.017996731944868973,0.204359588670285
500164.0,GODREJIND,FY24,Conglomerates,250,0.2402781333173768,0.24642895657231828,-0.45725238516397587,0.027561592008264642,0.025583403368003032,0.011756537236999829,0.0966730170988835
500165.0,KANSAINER,FY24,Specialty Chemicals,250,-0.10180176886707924,-0.1158331366093689,-0.31641671990148657,0.015940615582425488,0.014601334970339995,0.007766085833858715,0.1779420098518486
500180.0,HDFCBANK,FY24,Banks - Regional,250,0.24600831807094278,0.2270116586239017,0.05576751847205241,0.011614212581934413,0.00930568960712925,0.006045345574045295,0.0877319040881573
500182.0,HEROMOTOCO,FY24,Auto Manufacturers,250,-0.20506605263578595,-0.2076769631296851,-0.3703121240394226,0.0158904095342279,0.013132038771302685,0.007614283908800617,0.2271933848207039
500184.0,HSCL,FY24,Specialty Chemicals,250,0.20522522556839357,0.24461912709489972,-0.4354340534073815,0.027556432715718834,0.023060395503103664,0.011388681929603453,0.1492940799986243
500188.0,HINDZINC,FY24,Other Industrial Metals & Mining,250,-0.30593980189244746,-0.29782740332689045,-0.369823081231057,0.02403603268426099,0.020853862515355946,0.01749799898306984,0.7769022962629446
500209.0,INFY,FY24,Information Technology Services,250,-0.10912362684005178,-0.11543646853091882,-0.003441211191062039,0.015798730349613,0.013777433595205254,0.009780338440957737,0.2818384649709951
500233.0,KAJARIACER,FY24,Building Products & Equipment,250,-0.1116189616377638,-0.12449333008764929,-0.021672027752752704,0.018695162216056632,0.01724322808191092,0.00895144384900539,0.1072571182870927
500238.0,WHIRLPOOL,FY24,"Furnishings, Fixtures & Appliances",250,-0.3314015768553806,-0.340432827478679,-0.48066435964960175,0.027095614686607372,0.02611123661794716,0.024232998757419306,0.0908911382406108
500252.0,LMW,FY24,Specialty Industrial Machinery,250,0.012826134137811479,-0.0013352179318901448,-0.14602243500634723,0.018454711461245665,0.01714637335946342,0.009335853021591475,0.0369443584333662
500253.0,LICHSGFIN,FY24,Mortgage Finance,250,-0.19889526101144483,-0.17825950210312855,0.22405065081143136,0.019259323116836886,0.013734273734769532,0.010934412936281338,0.1497100556231053
500260.0,RAMCOCEM,FY24,Building Materials,250,0.44353258253526323,0.43368998596780123,0.8375918624014489,0.015208817978964553,0.012936698628958318,0.007296493670890141,0.0366383799291823
500266.0,MAHSCOOTER,FY24,Asset Management,250,0.5960702985364866,0.6085459197748007,0.052806809014446274,0.024806362498579912,0.02235085714379596,0.01286189106262379,0.006945240978963
500271.0,MFSL,FY24,Insurance - Life,250,0.46931017753013266,0.45039294605223096,-0.21923181855815813,0.01715632216872286,0.015693594967772156,0.008169470575622574,0.0620394330257178
500290.0,MRF,FY24,Auto Parts,250,0.15036560300951304,0.13756302701418952,0.4393005084706743,0.013292908951701085,0.011444410935688432,0.006450462882549415,0.1011057708430015
500295.0,VEDL,FY24,Other Industrial Metals & Mining,250,0.08770354222475359,0.12462819195566406,-0.029950731290777605,0.020669812172228578,0.014467847547987299,0.009934568206529376,0.3913418104911355
500312.0,ONGC,FY24,Oil & Gas Integrated,250,-0.18760695789230117,-0.18208817189484905,0.4131024623980433,0.01826133403200734,0.014553049058973649,0.008482968839855162,0.1054786070119469
500325.0,RELIANCE,FY24,Oil & Gas Refining & Marketing,250,-0.0804339581230007,-0.0816856628107012,-0.13082813062434062,0.013310062429073498,0.00965355055592767,0.00569525559253773,0.0825996204933586
500368.0,PATANJALI,FY24,Packaged Foods,250,-0.0036385202340439063,-0.015298985022696648,0.41382155860101005,0.01607692711001305,0.014273265533166542,0.010096292792025017,0.1143891573859278
500387.0,SHREECEM,FY24,Building Materials,250,0.12941481527029355,0.1158547326243975,0.45749032900228415,0.013921712211718302,0.011915583698805975,0.00864727883353015,0.0521303293055217
500400.0,TATAPOWER,FY24,Utilities - Independent Power Producers,250,-0.07391417519456032,-0.05208741853619876,-0.3229636700145289,0.01854590629591287,0.01226838912090313,0.00738546052091697,0.1107959198307397
500403.0,SUNDRMFAST,FY24,Auto Parts,250,-0.2621042989611791,-0.27708646827239175,-0.5800810378128012,0.016245155427074612,0.01507222769035391,0.009018187759688597,0.1414845511257614
500408.0,TATAELXSI,FY24,Software - Application,250,-0.11134239954643357,-0.10173714140910892,-0.14743197004430686,0.022517323507898392,0.019199006742045364,0.012114348813654783,0.2744564494329221
500410.0,ACC,FY24,Building Materials,250,-0.2688797139174253,-0.26876953638691203,-0.32399900105669793,0.014786126538256053,0.01136568754893287,0.008589536706150369,0.1294605612336188
500411.0,THERMAX,FY24,Conglomerates,250,-0.22911212270861042,-0.22790416038898528,-0.27987661527693203,0.026024453515819102,0.024147639087389434,0.015828447932984335,0.1285161306004387
500420.0,TORNTPHARM,FY24,Drug Manufacturers - Specialty & Generic,250,0.18913612988867948,0.16533146608355245,0.6406200914010075,0.015043960919145484,0.013747686210913903,0.00852164345880563,0.2517887043206875
500425.0,AMBUJACEM,FY24,Building Materials,250,-0.088580259838749,-0.08556801037597257,0.22188407025473672,0.017582947325976418,0.014317579924692084,0.0126211231005241,0.0779786034719071
500459.0,PGHH,FY24,Household & Personal Products,250,-0.2300138019377033,-0.26164871464706513,-0.32505655806314226,0.01239228210845116,0.012113935992393458,0.00976402783239504,0.8711509175851121
500469.0,FEDERALBNK,FY24,Banks - Regional,250,0.09725823774847771,0.08303024934605689,0.07234789889412076,0.01624707339424708,0.014464247209280343,0.008947809828550328,0.1204124959856187
500470.0,TATASTEEL,FY24,Steel,250,0.012984204259976515,0.03192742997352992,-0.07932760949754956,0.01825041511378217,0.013255379660243554,0.00879753007055972,0.037518085792385
500490.0,BAJAJHLDNG,FY24,Asset Management,250,0.41489213847405354,0.4172349719774197,0.5641006303339497,0.022917239454425628,0.020743308326563875,0.01212458936761285,0.1040185810420091
500493.0,BHARATFORG,FY24,Auto Parts,250,-0.22139700764301656,-0.20160190775653647,-0.03440838703428159,0.020029322323297225,0.014961971616157668,0.00898979089597001,0.1017096108278378
500495.0,ESCORTS,FY24,Farm & Heavy Construction Machinery,250,-0.07426219556901631,-0.06561050518243741,0.025564371882213718,0.01949525324492162,0.015644199845480537,0.009158039208436526,0.1220183663232627
500510.0,LT,FY24,Engineering & Construction,250,-0.034822733925145274,-0.030187772065009638,0.10323409028682325,0.015516311659607148,0.011367908727868112,0.006603641778343564,0.1539810312977443
500520.0,M&M,FY24,Auto Manufacturers,250,0.10847500177162417,0.11791823434734058,0.32034274351626546,0.018569519598756298,0.014628584226446046,0.009376265549447834,0.1678256921247277
500530.0,BOSCHLTD,FY24,Auto Parts,250,0.09098496772932746,0.08830842234912666,-0.01832283255097368,0.0157094628773335,0.01298741225767576,0.009525955979878337,0.145888382935287
500547.0,BPCL,FY24,Oil & Gas Refining & Marketing,250,0.19520618191358846,0.20659480171483383,0.2550168250791868,0.018237733445444316,0.014365847934600664,0.008460562960189748,0.163871730195881
500575.0,VOLTAS,FY24,"Furnishings, Fixtures & Appliances",250,-0.16287490549174877,-0.16893344890068346,-0.17905087177227166,0.02245596257463952,0.020972033098702568,0.016698368018719007,0.1291782136414232
500620.0,GESHIP,FY24,Marine Shipping,250,-0.2871376882889611,-0.2835034089026582,-0.1751695907444728,0.023009968195547268,0.02044790125712482,0.011702867574736956,0.1644037937718631
500645.0,DEEPAKFERT,FY24,Chemicals,250,1.0490065257502996,1.08494652482678,0.3808029242066514,0.03217328776245309,0.0291786363353091,0.017167464748048786,0.1496948667707829
500696.0,HINDUNILVR,FY24,Household & Personal Products,250,-0.04388641585781478,-0.08417732544488339,0.02333256341566081,0.012298340648284578,0.011961837005403077,0.008793105856111339,0.2155580745718796
500770.0,TATACHEM,FY24,Chemicals,250,-0.08466008253952906,-0.07947343748177556,5.573308486131573e-05,0.018134124721682954,0.014775947614536367,0.009240896195235966,0.010882652588682
500790.0,NESTLEIND,FY24,Packaged Foods,250,-0.11195413321657795,-0.13424693867760804,-0.24938243683383013,0.011975092362197907,0.011083914909350158,0.008022281669562547,0.7998558678971924
500800.0,TATACONSUM,FY24,Packaged Foods,250,-0.14877426786792797,-0.1612080796770927,-0.07791035744182027,0.015078366145739019,0.013560145915212776,0.008648502707910798,0.0639200483173908
500830.0,COLPAL,FY24,Household & Personal Products,250,-0.3023682565721555,-0.31616984821309735,-0.49064707940431235,0.015608920113088905,0.014577313056846251,0.010511170609049433,0.8632237288746568
500850.0,INDHOTEL,FY24,Lodging,250,0.22408083995012504,0.2441387432266841,0.9196898472185431,0.02128814189225482,0.016634196718670897,0.009079955358553072,0.1709201296333297
500870.0,CASTROLIND,FY24,Oil & Gas Refining & Marketing,250,-0.07587701775627402,-0.06703477944489905,-0.14221286947303421,0.02439967277247926,0.021419581119642275,0.012174637646399832,0.4069707729648827
500875.0,ITC,FY24,Tobacco,250,-0.055036687066921185,-0.08483393742557511,-0.06108777326339742,0.011120187555332966,0.010148009931327893,0.00637350324682949,0.4961674309814144
500877.0,APOLLOTYRE,FY24,Auto Parts,250,-0.15485128750395682,-0.15274796609144234,-0.04042768069797003,0.01763178265226702,0.01460328733220317,0.008148000135534168,0.0759408680889404
500878.0,CEATLTD,FY24,Auto Parts,250,0.2574501575319333,0.2587545383887025,0.15907601271903746,0.023197158768903634,0.02110612214336327,0.012351008494740762,0.1081920005127582
501301.0,TATAINVEST,FY24,Asset Management,250,0.0680448984997577,0.07228693045159855,-0.01260634070955426,0.022503509957132045,0.02006509643269945,0.007657376431038185,0.0100380369799846
502355.0,BALKRISIND,FY24,Auto Parts,250,-0.1384003471127293,-0.1359719333484788,-0.03448899545684085,0.017751381601758986,0.014724384093189985,0.011010359606979624,0.1593207285609765
503100.0,PHOENIXLTD,FY24,Real Estate - Diversified,250,-0.2660098786907732,-0.2612153608404505,0.1723332718570637,0.025739834883589437,0.0234203377405687,0.013604374712585786,0.0942009903000972
503806.0,SRF,FY24,Conglomerates,250,0.34141551684674637,0.33709770320523047,0.7342675902951193,0.01882447617122861,0.016716412527858444,0.0074469186924469325,0.099062267348846
504614.0,SARDAEN,FY24,Steel,250,0.6497577060069507,0.6726471609680548,-0.08992908363705195,0.028222288523560998,0.0255077402234541,0.016442347234970858,0.1113223244353313
504973.0,CHOLAHLDNG,FY24,Credit Services,250,0.3343643038922374,0.34031254114133497,-0.5602562160581428,0.025582701267317973,0.023425810668667106,0.014188029274465313,0.173680492965399
505200.0,EICHERMOT,FY24,Auto Manufacturers,250,0.055165961165022134,0.057872181939995,0.23201231279043907,0.015945365643730558,0.012520686978035834,0.007432655043118579,0.2223108127207816
505790.0,SCHAEFFLER,FY24,Auto Parts,250,-0.10617454583149462,-0.10747481234569857,0.542442070481182,0.020456201165471265,0.018304334081676754,0.010308650485655114,0.176000059987665
506285.0,BAYERCROP,FY24,Agricultural Inputs,250,-0.03145531385866999,-0.04384205911474758,-0.33030181895512517,0.019976269209242187,0.01893581192955739,0.012619701210854744,0.1992702778557395
506401.0,DEEPAKNTR,FY24,Chemicals,250,-0.32632334498565696,-0.3162244029123166,-0.15747874898120048,0.022000996456147302,0.0177798681493612,0.015521704771717038,0.1293899979030076
506820.0,ASTRAZEN,FY24,Drug Manufacturers - Specialty & Generic,250,0.36566865062664383,0.3355722215575362,0.16856946518799792,0.02766322734459241,0.027353832616126134,0.01316429355337635,0.1502433958590251
506943.0,JBCHEPHARM,FY24,Drug Manufacturers - Specialty & Generic,250,-0.09541272023580721,-0.11214424555330624,-0.22815368093014807,0.01867513435496028,0.017740861786931694,0.012702523742590188,0.1921122241299669
507685.0,WIPRO,FY24,Information Technology Services,250,-0.03744248000215267,-0.039743094457080304,0.05581205435081895,0.018468575738941617,0.01612025938214596,0.012520374383404673,0.1585809160591035
508869.0,APOLLOHOSP,FY24,Medical Care Facilities,250,0.11948515378853526,0.10208986763943097,0.21356025839170592,0.0138496022602255,0.012275966749564285,0.007781918716203853,0.1760651705368776
509930.0,SUPREMEIND,FY24,Building Products & Equipment,250,-0.23978614307155152,-0.22892908183991434,0.007505459304135561,0.022834826060880848,0.01911873522781956,0.011855054448335942,0.1697535880602921
511243.0,CHOLAFIN,FY24,Credit Services,250,0.10903070286989675,0.12256734381653595,-0.1918211361498457,0.021455816442627063,0.017945878814310163,0.011327924507436004,0.1800995323357566
512070.0,UPL,FY24,Agricultural Inputs,250,0.32262761480050073,0.32289122917378676,0.2716581689812637,0.01767460849130733,0.014923888692767902,0.01042853737935143,0.0278580080126712
512599.0,ADANIENT,FY24,Thermal Coal,250,-0.15587239651586807,-0.12443779577707807,-0.3879402865759185,0.026640516342078355,0.021723988587280148,0.021944254780185884,0.1410940142469377
513683.0,NLCINDIA,FY24,Utilities - Regulated Electric,250,-0.05284927351453651,-0.02868389412600069,0.22260866818716804,0.025369924640710195,0.021438427509494887,0.00845817597105041,0.1400077017695376
515055.0,ANANTRAJ,FY24,Real Estate - Development,250,0.03644371838014293,0.11145464594575455,-0.256474723128777,0.03776044815377984,0.03147916561538839,0.025430552789017555,0.1023409112370291
517174.0,HONAUT,FY24,Electrical Equipment & Parts,250,-0.24219139427958478,-0.2544616420451083,-0.19643880275518827,0.01566897761648028,0.014120084766533371,0.009515588061339453,0.1296617304739735
517334.0,MOTHERSON,FY24,Auto Parts,250,-0.24343885021249648,-0.22157347366937818,-0.42520382725386663,0.022679244818657227,0.0158782906522197,0.010341508270071138,0.109030025544505
517569.0,KEI,FY24,Electrical Equipment & Parts,250,-0.057930280793213336,-0.040644374075647874,0.28604596603019317,0.028921131865999268,0.026117589968643645,0.02640806273659237,0.1203671088450071
520056.0,TVSHLTD,FY24,Auto Parts,250,0.08190575786304538,0.085702367420344,0.05966975976016248,0.02227848129089189,0.019857745489490344,0.009797229972791992,0.248364228280557
521064.0,TRIDENT,FY24,Textile Manufacturing,250,-0.1561248608979148,-0.14502755570178746,-0.23158102733299807,0.022415669991861408,0.018992434240026335,0.008275438327726835,0.0800434538919149
522113.0,TIMKEN,FY24,Tools & Accessories,250,-0.09550457595108865,-0.10457510379839735,0.15276578405589744,0.021385074034692513,0.019883930854895756,0.011193230901031305,0.1572608893567884
522287.0,KPIL,FY24,Engineering & Construction,250,-0.10415218630671785,-0.09105914002089065,-0.04835344312235755,0.024318858048243814,0.02063391233398502,0.012986119699908594,0.0899232804110954
523395.0,3MINDIA,FY24,Conglomerates,250,-0.17426120860918864,-0.19174524840253296,0.07404121662486471,0.015495301523502534,0.014301397523518332,0.008413213663653257,0.2578219329802286
523405.0,JMFINANCIL,FY24,Capital Markets,250,0.8320143150679425,0.8969820026152352,-0.3646329482179298,0.030246018707050095,0.025585227454063324,0.013610255028174957,0.0844291617837537
524200.0,VINATIORGA,FY24,Specialty Chemicals,250,-0.0374358566916611,-0.04187684872329693,-0.2820830306770416,0.01933727538178459,0.017685020605639788,0.010009605820704173,0.1450803356627334
524715.0,SUNPHARMA,FY24,Drug Manufacturers - Specialty & Generic,250,0.05508111411906537,0.03622910775579298,0.010764169333792038,0.012714380316513731,0.011630406811050372,0.008401798127565112,0.1513339745398724
524804.0,AUROPHARMA,FY24,Drug Manufacturers - Specialty & Generic,250,-0.17038554566161218,-0.17423235478514104,-0.10508633013649565,0.017876681854126893,0.015598950669642078,0.009299631145203035,0.1067542289727353
524816.0,NATCOPHARM,FY24,Drug Manufacturers - Specialty & Generic,250,-0.1471986470598996,-0.14457132904496292,0.4227785127836729,0.026939876051433744,0.025000628481677403,0.021276098650243557,0.2478506638622321
526299.0,MPHASIS,FY24,Information Technology Services,250,0.14676781508486567,0.1697842298380472,0.5778192919235903,0.021504654244875222,0.017179412520083027,0.010558401946692345,0.1767832357539095
530019.0,JUBLPHARMA,FY24,Drug Manufacturers - Specialty & Generic,250,0.6826974589104285,0.6809282141219873,-0.5174942968885722,0.02835416326094577,0.02679824066396981,0.011867394227082419,0.1341987881500903
531344.0,CONCOR,FY24,Railroads,250,-0.24013571699932604,-0.22847303265905522,0.25918780714001827,0.01880017111363461,0.013852633344432054,0.008370857332324953,0.1040977561733705
531531.0,HATSUN,FY24,Packaged Foods,250,-0.1769072592460039,-0.18615378659028217,-0.16890972521257186,0.023293326237080084,0.02220324417910378,0.01439315492025154,0.1623291180511889
531595.0,CGCL,FY24,Credit Services,250,-0.15193628968202988,-0.14943214492735787,-0.013036478103542599,0.030117564217133973,0.02843122668843054,0.01694682666535658,0.1111808121424772
531642.0,MARICO,FY24,Household & Personal Products,250,0.013858064534798651,-0.006060860374367981,0.120915165394857,0.01472623880222183,0.013953994872684571,0.009269387687015695,0.409811320754717
532134.0,BANKBARODA,FY24,Banks - Regional,250,0.003056476726299996,0.013068402868138186,0.12960556911270724,0.018443763326078253,0.014548292329042317,0.010635888258126357,0.1414057613715778
532181.0,GMDCLTD,FY24,Thermal Coal,250,0.1563834559485737,0.2082215382885165,0.3581459296631657,0.02824590995337088,0.021879506467896964,0.009447318970951333,0.1069584855281093
532210.0,CUB,FY24,Banks - Regional,250,0.2783056299719451,0.2610991785009041,0.5596130610398784,0.018883210056334254,0.01731906716947185,0.009442773558382604,0.1186935392296204
532234.0,NATIONALUM,FY24,Aluminum,250,0.026984988659230845,0.06627043708889951,-0.40420226478329113,0.02640006443364066,0.02122256966097063,0.012308206924017802,0.2958612648718594
532259.0,APARINDS,FY24,Electrical Equipment & Parts,250,0.1220766967566307,0.12572422472368822,-0.20998332149006232,0.03177240289098731,0.03009287480582114,0.023062261571404598,0.1823676485609098
532281.0,HCLTECH,FY24,Information Technology Services,250,-0.0015160181119712706,-0.009919872280755615,-0.19545731004855543,0.016583997635457436,0.014834869429363275,0.01173696230158672,0.2496590338094896
532300.0,WOCKPHARMA,FY24,Drug Manufacturers - Specialty & Generic,250,0.8176957675217986,0.8852918660989155,2.6252264115811563,0.03413101791240273,0.029904345855561766,0.013749767784602556,-0.010797151389846
532321.0,ZYDUSLIFE,FY24,Drug Manufacturers - Specialty & Generic,250,-0.18465954223585437,-0.18983822020650276,-0.04945590331250766,0.016235886800210847,0.014088872921956883,0.011711167236948854,0.1889317040383082
532331.0,AJANTPHARM,FY24,Drug Manufacturers - Specialty & Generic,250,0.1687388916367325,0.145891686911764,0.11049642105121128,0.023713092073741216,0.02285020184862716,0.013694849897922091,0.2428283851631405
532432.0,UNITDSPR,FY24,Beverages - Wineries & Distilleries,250,-0.08808506591353704,-0.10312644348900792,-0.06993115155305732,0.015627130797412424,0.014097738864624454,0.01025741390593858,0.1952122408687068
532466.0,OFSS,FY24,Software - Infrastructure,250,-0.15392914067121438,-0.13476368361423796,-0.11091739929941338,0.022546395543987168,0.01828715082843933,0.012114978416375424,0.2845594566153257
532477.0,UNIONBANK,FY24,Banks - Regional,250,0.05314654260004065,0.07314340452173301,0.20918266365491292,0.022170901515131708,0.017926987899057768,0.010318695079541206,0.1583616355053859
532478.0,UBL,FY24,Beverages - Brewers,250,-0.09471828644982246,-0.10944876546690367,0.1512144608571096,0.015122220327687803,0.014077584980905587,0.009622383583353251,0.1012140460870043
532497.0,RADICO,FY24,Beverages - Wineries & Distilleries,250,0.505061391014412,0.47841876576125536,0.6595983931491737,0.021140383600536786,0.020071511379484583,0.012848431739995003,0.1255074697381097
532500.0,MARUTI,FY24,Auto Manufacturers,250,-0.0883920053325922,-0.09947809000087925,-0.1294523137524471,0.012784045663031452,0.01065051018943263,0.006681133182502494,0.1506672388479206
532504.0,NAVINFLUOR,FY24,Chemicals,250,0.3851680799801009,0.3776915412007158,1.0307905592572892,0.01960316370519566,0.017835189992378157,0.010287107283727023,0.1098837497096598
532505.0,UCOBANK,FY24,Banks - Regional,250,-0.4168710410889507,-0.40077332433508966,-0.2471737115802114,0.02574506177170571,0.021459745426853985,0.013463334801093229,0.0799087506239618
532514.0,IGL,FY24,Utilities - Regulated Gas,250,-0.13442923819283545,-0.12682561214859805,-0.026654781796826572,0.026474865534718943,0.02416935771859907,0.02288810469198633,0.1618120965318578
532522.0,PETRONET,FY24,Oil & Gas Refining & Marketing,250,-0.06703360575329717,-0.07258988799256065,0.38908418540026485,0.01780634483752147,0.015766218539565658,0.011234678646261258,0.1998578294184438
532541.0,COFORGE,FY24,Information Technology Services,250,0.5641742031299342,0.5726463107741893,0.6573892398133128,0.022398693661048075,0.01967451438440398,0.012663313651155007,0.1273043641835967
532636.0,IIFL,FY24,Credit Services,250,0.10193558037936451,0.13363115241260634,0.2599660300099007,0.026159322893231432,0.02151341904954725,0.010709407359288645,0.030515968576053
532648.0,YESBANK,FY24,Banks - Regional,250,-0.21761735116001668,-0.20954778969989693,-0.0365474505925818,0.02098502321595651,0.01763068947397714,0.01089028936064235,0.0511471675377067
532683.0,AIAENG,FY24,Specialty Industrial Machinery,250,-0.21307751529820246,-0.225171852890911,-0.10242035728764083,0.014705894418873247,0.012989182077124248,0.007708717323940685,0.1531306835584082
532714.0,KEC,FY24,Engineering & Construction,250,-0.01635381073048534,0.0015047611052120872,0.08691422821035438,0.028991131390603074,0.025550787414657612,0.014730447540123067,0.1067312457339479
532720.0,M&MFIN,FY24,Credit Services,250,-0.10391689889124059,-0.09438039540053601,-0.09575614629305125,0.019343959338090327,0.01522079304933068,0.01031208086577571,0.1050593001403658
532725.0,SOLARINDS,FY24,Specialty Chemicals,250,0.2625418698410539,0.2677809858997474,0.19744896062160916,0.022037858540221642,0.019558492752628838,0.01302212092711292,0.2757287396781827
532726.0,GALLANTT,FY24,Steel,250,0.8890558070823674,0.9413281907110757,2.8476865188565776,0.02795431600763989,0.024248668400869953,0.013249845383409864,0.140979413730519
532734.0,GPIL,FY24,Steel,250,-0.19913863622531924,-0.18664336947821408,-0.0910015396527786,0.026422822013450052,0.022945916290965172,0.012324381210724492,0.1654443636044026
532754.0,GMRAIRPORT,FY24,Airports & Air Services,250,-0.06546619270323921,-0.04983053476881977,0.3657294855946502,0.019132951135950337,0.014769673311005148,0.008909114051469349,-0.1569253261538215
532777.0,NAUKRI,FY24,Internet Content & Information,250,0.02425022638425088,0.049635030271158974,0.16569223138817674,0.021797726260317913,0.016592217216867093,0.009795854170686515,0.0275660628285277
532783.0,LTFOODS,FY24,Packaged Foods,250,0.6734640034365114,0.713325328432922,0.5767723605510764,0.029362236225316554,0.02622713617297686,0.01743230282847948,0.1570822689749879
532784.0,SOBHA,FY24,Real Estate - Development,250,-0.1687024957647074,-0.15192265136500535,-0.08252331868090695,0.02493361209935279,0.021405259636071535,0.013701161021915015,0.0207621698118585
532805.0,REDINGTON,FY24,Information Technology Services,250,0.5784842233447093,0.5800166151109818,0.9051947987120145,0.02838855597966295,0.026697128363701503,0.01661049898484587,0.1840193371432764
532809.0,FSL,FY24,Information Technology Services,250,0.34327007624693395,0.3716542810612916,-0.11259961860981897,0.03052119568405603,0.027766179261930982,0.017756572853070238,0.145072883593687
532810.0,PFC,FY24,Credit Services,250,-0.16792300259330228,-0.13129293722728147,0.6499909588810457,0.02378113467779693,0.015865145424878758,0.008490752539305112,0.1952703600823351
532814.0,INDIANB,FY24,Banks - Regional,250,0.24541535772094172,0.2540652904914137,0.22117041070652985,0.02065035822654326,0.017515467597658412,0.008184148743621146,0.1574746433895642
532822.0,IDEA,FY24,Telecom Services,250,-0.573247513311594,-0.5576381766617328,0.8732553356050676,0.03520622565743534,0.031185550709692356,0.02362344928898455,-0.3894101552612194
532830.0,ASTRAL,FY24,Building Products & Equipment,250,-0.34642940216335094,-0.34791042576619063,-0.4280523302987254,0.016418671286868757,0.013659953899036218,0.009022623615600675,0.1448161459773292
532868.0,DLF,FY24,Real Estate - Development,250,-0.0515758110732394,-0.025664254075990392,-0.04263559264084312,0.021516219858616466,0.013967406257131379,0.007003196191206836,0.1026462727980107
532889.0,KPRMILL,FY24,Textile Manufacturing,250,0.40151525880681943,0.3762457431122684,0.5179223271317747,0.026136704487471397,0.025533496941568246,0.01485821395936329,0.1629568172730907
532927.0,ECLERX,FY24,Information Technology Services,250,0.40721330914413123,0.4139570007501411,0.7112310695772892,0.024248129745468347,0.021999783134062204,0.012421121471841096,0.2346694932087527
532929.0,BRIGADE,FY24,Real Estate - Development,250,-0.18577901562863414,-0.17533308589061197,-0.29153399019373394,0.02331682416177224,0.019713657640190712,0.010999576577632826,0.1216220769892435
532939.0,RPOWER,FY24,Utilities - Independent Power Producers,250,1.1205628083314871,1.2195983075006651,-0.4354262777748256,0.037121777949918035,0.03234909723357326,0.01580144896625731,0.1804368930256017
532947.0,IRB,FY24,Infrastructure Operations,250,-0.3248274236155414,-0.294191363890742,0.3292058827806081,0.023317068198127906,0.016129917258670193,0.009186737732173919,0.326868493046632
532953.0,VGUARD,FY24,Electrical Equipment & Parts,250,-0.2662023357806158,-0.28058571335752636,0.06767002628059908,0.017566601529285897,0.016766437092294004,0.011482016825382187,0.1495450060300405
533023.0,ZFCVINDIA,FY24,Auto Parts,250,-0.1270079471325584,-0.1413709742541659,-0.209185438476927,0.022007812729447455,0.021314822695586898,0.016656562808695128,0.1433268656383973
533096.0,ADANIPOWER,FY24,Utilities - Independent Power Producers,250,-0.185420140558795,-0.16854732740341788,-0.2571334891022621,0.02708902516143115,0.0238740174924338,0.011298539445288582,0.2296262326945366
533098.0,NHPC,FY24,Utilities - Renewable,250,-0.2155141457879453,-0.20387666270056967,0.2932199415164016,0.019668554971548322,0.015100769230718574,0.008510044271023585,0.0757955498818195
533106.0,OIL,FY24,Oil & Gas Integrated,250,-0.17811644301563737,-0.15908504904811824,0.9434986091777549,0.02621630029148732,0.022271311017435836,0.014527432237347449,0.1316301007962591
533155.0,JUBLFOOD,FY24,Restaurants,250,0.0625177713860907,0.0618918420427669,0.5690785567205622,0.01990971337173045,0.017613678192872347,0.01036810955265896,0.1002326479444992
533179.0,PERSISTENT,FY24,Information Technology Services,250,0.2210138936276132,0.24036541339366851,0.3872393930680329,0.023300357203375515,0.019924822014752003,0.013109729176380364,0.2215772428357676
533206.0,SJVN,FY24,Utilities - Renewable,250,-0.353659841321925,-0.3305717638930678,-0.3112230467561338,0.02388421551245695,0.01775841273924728,0.010017898280904013,0.057809452945097
533273.0,OBEROIRLTY,FY24,Real Estate - Development,250,0.07136425758526412,0.10103185786875533,0.20883879447214881,0.022535965972951957,0.01718985655607888,0.010601854615698755,0.1417085425407827
533274.0,PRESTIGE,FY24,Real Estate - Diversified,250,-0.08247627749334607,-0.06356281365580187,0.12351542644180026,0.025843900425393456,0.02212774098332609,0.013845819104485504,0.0303118718796602
533293.0,KIRLOSENG,FY24,Specialty Industrial Machinery,250,-0.2654669666653047,-0.2443872412998146,0.7073615576718207,0.027384490308043356,0.023435236960850734,0.01159589493004087,0.1584804795075328
533519.0,LTF,FY24,Credit Services,250,0.18002291247716745,0.20277612881136925,0.3030981009572989,0.020570543621922618,0.01510744460159988,0.00977428971377328,0.1034131511191884
533573.0,APLLTD,FY24,Drug Manufacturers - Specialty & Generic,250,0.037953867994164246,0.01698395831289039,0.01844032503339672,0.025970269143883853,0.02518657518044669,0.01397165132473405,0.1123919752491841
533581.0,PGEL,FY24,Electronic Components,250,1.063547599821856,1.1452040826211298,1.361594546910744,0.03770060337371394,0.032767113345895105,0.01930815210678423,0.1017592771674774
533655.0,TRITURBINE,FY24,Specialty Industrial Machinery,250,0.02245708019540789,0.03985113806744907,0.830247023475375,0.032533715833888144,0.029964560422843213,0.01754111105150426,0.2936589560637861
534091.0,MCX,FY24,Financial Data & Stock Exchanges,250,1.0107195300819092,1.082425032618184,-0.19220824084118693,0.024982707227072926,0.0198480809515617,0.013373479961937438,0.2971980471237529
534309.0,NBCC,FY24,Engineering & Construction,250,-0.04006049701125157,0.005088801245876016,0.36839913692861864,0.028905957403301128,0.02240027806652161,0.011113434437087833,0.2182805888803923
534816.0,INDUSTOWER,FY24,Telecom Services,250,-0.12005441847586881,-0.11769992824478943,0.41187695687589,0.019944622487797575,0.01731889003267809,0.013362549757808873,0.3056067548148672
539083.0,INOXWIND,FY24,Specialty Industrial Machinery,250,-0.016061088784387095,0.023635758906291,-0.5785541312159005,0.033271151878656834,0.027435215351627025,0.014513664637267727,0.0888130446085634
539268.0,SYNGENE,FY24,Diagnostics & Research,250,-0.1348394689938399,-0.1393220110395606,0.04825309034637492,0.018965242099106952,0.016990748881472516,0.014622397255654387,0.1049758822036049
539437.0,IDFCFIRSTB,FY24,Banks - Regional,250,-0.06817093132766812,-0.06361883248700151,-0.2094296673455731,0.0185337126720377,0.015365628399016687,0.009286642081944189,0.0390596129865514
539448.0,INDIGO,FY24,Airlines,250,0.25882473044103893,0.25963152116728705,0.8329391155278809,0.018199895820962722,0.015474266421491491,0.011018908859403136,0.7747913153006981
539523.0,ALKEM,FY24,Drug Manufacturers - Specialty & Generic,250,-0.031109865523895597,-0.05042211587621652,-0.060176299470746854,0.014835842682217507,0.013758168513423232,0.009477348142358,0.180684479681465
539524.0,LALPATHLAB,FY24,Diagnostics & Research,250,-0.015612061190882027,-0.044229789882688414,0.2895610598900164,0.01695141977332598,0.01648761272747556,0.011459002804601222,0.2242070405000195
539551.0,NH,FY24,Medical Care Facilities,250,0.5840634210790692,0.553127550568644,0.4558743580506011,0.019904602580582628,0.019203165508701315,0.01014009058880167,0.2178923464470522
540115.0,LTTS,FY24,Information Technology Services,250,-0.13106224898911312,-0.12545592418692625,0.1368207715049192,0.01974663514623018,0.016620167001527207,0.010172728863187453,0.2083388157894737
540153.0,ENDURANCE,FY24,Auto Parts,250,-0.09108370050964702,-0.10514505534227096,-0.11250850726440205,0.01962513258965296,0.01833548897922429,0.009598118401059902,0.1462816419165581
540173.0,PNBHOUSING,FY24,Mortgage Finance,250,0.2584282307488475,0.2740903098361557,-0.08415302188010608,0.024298049194259683,0.021418548174686435,0.012662620748210843,0.1148149839324016
540180.0,VBL,FY24,Beverages - Non-Alcoholic,250,-0.3052329688999328,-0.3061676793989905,0.5504584382177303,0.022938458785945196,0.02102345168124473,0.012125495284331406,0.1562106990987083
540222.0,LAURUSLABS,FY24,Drug Manufacturers - Specialty & Generic,250,0.7031498304763649,0.7438864624181412,3.235264248284551,0.023253664501013172,0.019009222352965323,0.0138879063504165,0.0801151912998372
540376.0,DMART,FY24,Discount Stores,250,-0.2629621564623088,-0.27754898007470374,-0.1118181732909409,0.018031862521175848,0.01710097637055565,0.011331002116582296,0.1263791111992626
540530.0,HUDCO,FY24,Credit Services,250,-0.26065201319533154,-0.2332512004432327,1.4172098709834957,0.02737724026486675,0.02056592706937726,0.01218520921143147,0.1507717120359028
540596.0,ERIS,FY24,Drug Manufacturers - Specialty & Generic,250,0.7623193242989378,0.7425401408309467,1.35371269963003,0.02251625256650427,0.021483961142300122,0.012619210643484908,0.1232640591936546
540611.0,AUBANK,FY24,Banks - Regional,250,0.11651997185072262,0.10302997425961105,-0.44128358706794146,0.020691161499593696,0.01963273015224863,0.011904748134758123,0.1226780870082075
540678.0,COCHINSHIP,FY24,Aerospace & Defense,250,-0.2805610659153726,-0.2587056213742595,0.4867976763330935,0.031599468331600745,0.027805647091398107,0.0127489995013384,0.1482867719937713
540699.0,DIXON,FY24,Consumer Electronics,250,0.4556270775613744,0.4919522354454553,0.6402860268677952,0.0268713171589238,0.022103911174627983,0.01765796051585784,0.3639425951764002
540755.0,GICRE,FY24,Insurance - Reinsurance,250,-0.024132627898017997,-0.0005653955110483894,0.872772675354541,0.026840640230303827,0.022194745703474714,0.012283261941913376,0.1208436789122548
540769.0,NIACL,FY24,Insurance - Diversified,250,-0.3683985094644269,-0.33616584759155366,0.33227983239329867,0.027632739459413053,0.021191100591466287,0.011950129197068017,0.0357518905774111
540902.0,AMBER,FY24,"Furnishings, Fixtures & Appliances",250,0.6054269047371211,0.6299153546352659,1.6716327617730735,0.03364340664611878,0.0312991954972641,0.017240470647738308,0.1065529369364702
540975.0,ASTERDM,FY24,Medical Care Facilities,250,0.8762363558339417,0.8464205722975975,1.5632578788282663,0.020193552170120647,0.019397239354521617,0.011373497774140772,1.5687631816153111
541143.0,BDL,FY24,Aerospace & Defense,250,0.059820383873322336,0.08797179949003539,1.6575905561575364,0.029337866358720634,0.026054431213512787,0.01451673784595544,0.137104501257536
541154.0,HAL,FY24,Aerospace & Defense,250,-0.07693545542013332,-0.05758512741530434,1.348369294161757,0.02262861514159269,0.01785089408567972,0.011717511668257963,0.2391007732348511
541450.0,ADANIGREEN,FY24,Utilities - Renewable,250,-0.438882188646888,-0.4181070647779317,-0.6030535462579887,0.03392305524368322,0.030232900366825594,0.02212580526190771,0.1189750350168905
541557.0,FINEORG,FY24,Specialty Chemicals,250,-0.01924620601997598,-0.022558127308367943,0.6314515971032971,0.021937634434901293,0.02010640299486406,0.010045526352889408,0.1788475866670111
541729.0,HDFCAMC,FY24,Asset Management,250,0.32638691623424326,0.3530446537971683,0.5679459336163358,0.01888673800960764,0.013522695070874103,0.006553793988522775,0.3026071404849704
541770.0,CREDITACC,FY24,Credit Services,250,0.09064226089065394,0.1020744234961721,0.6329546547576115,0.030379377864361994,0.027951557366037303,0.01682989231444642,0.0763948090632938
541956.0,IRCON,FY24,Engineering & Construction,250,-0.38596341616460667,-0.35352799421327513,0.40587190355932035,0.03134808565915242,0.024860870517365855,0.01248751357961275,0.1149809921992934
542011.0,GRSE,FY24,Aerospace & Defense,250,0.04931207830806683,0.10632876990992002,1.0513490378033477,0.03884158208863586,0.03463410587399557,0.018121990444131163,0.2536494672341499
542066.0,ATGL,FY24,Utilities - Regulated Gas,250,-0.2747458383578575,-0.2604225849462706,0.1017182765587571,0.027536341656163473,0.02446072029702596,0.012108528595597209,0.1555508016305962
542141.0,TECHNOE,FY24,Engineering & Construction,250,-0.10484515839689915,-0.06830040144646206,-0.43615903396494204,0.031377860030993986,0.027001928463439174,0.013625156078298025,0.1130984659171024
542216.0,DALBHARAT,FY24,Building Materials,250,0.2916399541020415,0.2820369893567743,0.3394081933889595,0.016104734977585373,0.013983249965243234,0.008494156366191063,0.0393116150569817
542399.0,CHALET,FY24,Lodging,250,0.08413040477137096,0.08829924825063928,0.18392292254727624,0.021721283720132004,0.019196550615394114,0.008328900923792187,0.0468002102258943
542652.0,POLYCAB,FY24,Electrical Equipment & Parts,250,0.10198978967207036,0.11920681098380186,0.669610832531493,0.024307775984385452,0.02090199666667002,0.02008899303119362,0.2055964234187699
542752.0,AFFLE,FY24,Advertising Agencies,250,0.42891438156865924,0.45223821028625283,1.1067180834603392,0.022346422748445463,0.01821042444185582,0.008471749758510656,0.1296027737720251
542772.0,360ONE,FY24,Asset Management,250,0.04484750368480348,0.0584794691950092,-0.1521885271778938,0.027479139727035588,0.02492450391838193,0.014601129506390463,0.1437143208992301
542812.0,FLUOROCHEM,FY24,Specialty Chemicals,250,0.05336809133868814,0.04224506638437467,-0.5684047597738414,0.02245226544381998,0.021088954792085137,0.013532416672682292,0.0752916195571243
542920.0,SUMICHEM,FY24,Agricultural Inputs,250,0.12626336661008525,0.1261869031296226,0.2876197895867725,0.02389011333932021,0.021942500305513205,0.011826486129253482,0.174240170691227
543066.0,SBICARD,FY24,Credit Services,250,0.11057587211871696,0.09911096198970701,-0.09956665297678598,0.0158104979554532,0.013956641218168293,0.008464457028735084,0.1390544866678469
543187.0,POWERINDIA,FY24,Electrical Equipment & Parts,250,0.38357039358414513,0.40404599698720567,-0.3058513852928919,0.03368386988813431,0.031234630713861566,0.019427336063188954,0.091117697449758
543220.0,MAXHEALTH,FY24,Medical Care Facilities,250,0.26485291549168494,0.26707809059073634,0.20859334593546072,0.02279118027170895,0.020557646629892366,0.012234145176510404,0.1146887229009676
543235.0,ANGELONE,FY24,Capital Markets,250,0.09766927953539715,0.15312683895239476,-0.3467913241836724,0.03277222980602411,0.02800210996481686,0.01441327634894299,0.2085034719121471
543237.0,MAZDOCK,FY24,Aerospace & Defense,250,0.1686268287543806,0.19509320414792058,1.1833154022422394,0.03341298927491981,0.0299837765560635,0.0171866663811987,0.3039731079059129
543238.0,UTIAMC,FY24,Asset Management,250,0.4020929277932664,0.4169318993835783,0.24648813576055167,0.02532108924592126,0.022337689296119463,0.011641861610411535,0.1590496463461568
543245.0,GLAND,FY24,Drug Manufacturers - Specialty & Generic,250,-0.03577677363877749,-0.048966152037219775,0.5076825942956896,0.01934152726855133,0.01795940693993098,0.010739019552744394,0.0763354574236119
543257.0,IRFC,FY24,Credit Services,250,-0.29742315956371634,-0.2775183230357271,0.31479438695532164,0.023591300546606873,0.018370290454805333,0.009175621776588583,0.1234529224185152
543276.0,CRAFTSMAN,FY24,Auto Parts,250,0.16872364766430115,0.1624628909491494,0.22663453371112163,0.0252166896251712,0.023712327876929593,0.013852742077507908,0.068109103383577
543299.0,SHYAMMETL,FY24,Steel,250,0.2124838453678485,0.2180839914173515,-0.17019234698106267,0.022203335306744884,0.019590624117975124,0.011162997765082614,0.0860486689983161
543300.0,SONACOMS,FY24,Auto Parts,250,-0.37204204004598873,-0.367140327591484,-0.7177124852326944,0.022291449312350005,0.019319571688399803,0.010724811209672083,0.1094154987378907
543308.0,KIMS,FY24,Medical Care Facilities,250,0.7130950863815207,0.6898310542638852,1.6089519259659968,0.01901313927778703,0.017555488619705108,0.009787901383920019,0.1798577977359902
543330.0,DEVYANI,FY24,Restaurants,250,-0.09865871695215205,-0.10269637870660298,-0.2849316354678195,0.022617232505426767,0.020934180825188053,0.010943508910548036,0.0083597860391847
543334.0,NUVOCO,FY24,Building Materials,250,0.20544195980190558,0.19755833860623778,0.2616790977282266,0.01758900298777304,0.015733817592182123,0.009495404377470592,0.0024260412871348
543374.0,ABSLAMC,FY24,Asset Management,250,0.27907893610532397,0.3063593996096913,0.5603951443966437,0.023790890950593113,0.019942810033790195,0.01122050760099232,0.2497001505284595
543384.0,NYKAA,FY24,Internet Retail,250,0.15882949133581148,0.1396230488245625,0.41758476124540134,0.020284500052165096,0.01931073341417358,0.010557654062603523,0.0507807697036763
543390.0,POLICYBZR,FY24,Insurance Brokers,250,0.2046159272520736,0.23605585219782924,1.0172134089361429,0.028559404061703132,0.024673033659861832,0.013425357975535268,0.0548810064238497
543415.0,ANANDRATHI,FY24,Asset Management,250,0.3876877639890215,0.3628490253448349,0.2664386132284522,0.020969859212468477,0.020332837033150877,0.011630171955855242,0.4448610935329806
543463.0,MANYAVAR,FY24,Apparel Manufacturing,250,-0.2715125529028778,-0.2798549796146994,-0.6687654979873242,0.021450208698732022,0.020067494014272845,0.014418909761705689,0.2174717714170552
543524.0,RAINBOW,FY24,Medical Care Facilities,250,0.35332526611056714,0.3176139990529303,-0.0379319619043879,0.021007524613216935,0.020567022004156627,0.010997679669754859,0.1657983657461927
543529.0,DELHIVERY,FY24,Integrated Freight & Logistics,250,0.11478578217113945,0.11064386892812941,0.3135615200534911,0.021516670620806793,0.019593181900190777,0.011561791154603193,0.0171869597931585
543530.0,PARADEEP,FY24,Agricultural Inputs,250,1.092081886968275,1.1057586887495252,3.149133466156094,0.03153744825522726,0.029567794696352036,0.01569369699789013,0.1353449137955584
543573.0,SYRMA,FY24,Electronic Components,250,0.4258721293694681,0.4706318864075989,2.2402377094317654,0.03397927304585416,0.029553789009444147,0.016512845986242905,0.0970711397491605
543635.0,PPLPHARMA,FY24,Drug Manufacturers - Specialty & Generic,250,0.4163483927245912,0.42364372053844096,-0.10283705611997793,0.029958492782253585,0.028004224745860666,0.014692413705761699,0.0112154340519432
543653.0,BIKAJI,FY24,Packaged Foods,250,-0.02345816253930924,-0.025887157992706064,-0.428651261963923,0.024245485761207875,0.02258918411008851,0.013607323480096432,0.145204368657908
543654.0,MEDANTA,FY24,Medical Care Facilities,250,0.011781294718158435,-0.0011814654032558493,0.5565833404916191,0.020498254029233415,0.019106446914245415,0.00953257426704952,0.1421673689836729
543663.0,FIVESTAR,FY24,Credit Services,250,-0.06341166993168025,-0.0683698642316837,-0.28784205492313397,0.026461788597077516,0.02502881998865664,0.017898069122242437,0.1701121023140111
543664.0,KAYNES,FY24,Electronic Components,250,0.3739764238962603,0.41312439333793916,0.3061872853611987,0.03135780445192908,0.026909699237526875,0.017464891067941524,0.1033120207304965
543720.0,KFINTECH,FY24,Software - Application,250,0.6729782091999205,0.7119508439088323,2.3759741286070977,0.03628800844793883,0.0330901295371493,0.020655767444037937,0.236267873251742
