BSE Code,NSE Symbol,FY,Industry,n_obs,mar_pct,capm_alpha,ff5_alpha,total_vol,idio_vol,downside_vol,roe,AINDEX,BINDEX,CINDEX,COMPOSITE,DINDEX,OINDEX,TRINDEX,Beta_Market,Momentum,Log_MarketCap,DE_Ratio,audit_fees_inr_crore,board_size,board_independence_ratio,board_meeting_count,n_director_changes,n_rating_changes,auditor_change_any
500002.0,ABB,FY23,Specialty Industrial Machinery,250,0.28030099059007485,0.16245959307857227,1.104054199417472,0.023099141424807863,0.019781961757819943,0.011739282525636306,0.2089375231302358,-2.107344608107299,0.7598095710099184,2.4059826146307435,0.49447927155288285,0.26699412540495254,0.2442753878144343,-0.37114932320228394,0.673807661245254,0.5379475228959718,27.2770841739662,0.0066991806713757,2.25,,,,4.0,0.0,0.0
500034.0,BAJFINANCE,FY23,Credit Services,250,-0.34145908274862374,-0.33108954576168514,0.016046169730520872,0.015586345117512493,0.013247272662051267,0.010043084683787501,0.1884230269501345,-0.32442798561590674,-0.25561826421633266,0.18294814042830515,0.3940442266879647,0.26699412540495254,0.5421440164296353,-0.09910785982289917,1.3367907345547927,-0.1292055127327507,28.86597201944263,3.024847357039416,0.93,,,4.0,13.0,0.0,0.0
500049.0,BEL,FY23,Aerospace & Defense,250,0.7322718577398553,0.3299609611374459,0.3101726867931038,0.024606389735506422,0.017008934040886894,0.011581213322536164,0.2440527560458568,0.4067242518713638,1.7568266072519054,0.7393781286389902,1.7469549015612458,0.5807580840085503,0.8353711435721113,0.31286139976011185,0.9055500407465544,0.4534689703559061,27.266112700073748,0.004425165005847,0.34,,,8.0,17.0,0.0,0.0
500092.0,CRISIL,FY23,Financial Data & Stock Exchanges,250,-0.22921316437356334,-0.06687998740208957,0.33811063415329073,0.016642546268376045,0.016469526113886017,0.009934882886210297,0.3007591606296191,-0.9500137556693217,2.015429661706838,-0.6368945263489849,1.1503493803760079,0.4007604618510929,0.8669582012035435,0.3244279856159066,0.3266523016065098,0.2542344041361329,26.14575085582591,0.0465741805154075,2.72,,,,3.0,0.0,0.0
500093.0,CGPOWER,FY23,Electrical Equipment & Parts,250,0.28020347396773415,0.36423984286519556,0.43078856251795017,0.023786902596918357,0.022862455076921744,0.011377021890382342,0.4729207540166499,-1.0986292256666448,-0.5043220460777776,0.020216121092154715,-0.8502946498995912,-0.8045963803603002,0.43072729929545744,-0.5421440164296353,0.881265105106763,0.7467809261966036,26.87432155017448,0.0092431765251241,,,,5.0,3.0,1.0,0.0
500106.0,IFCI,FY23,Credit Services,250,3.868984194990791,3.0846875864257113,0.7042706035935372,0.04604662277897096,0.043616202523895045,0.018807217959608862,0.0228590834314646,-0.22168205125817075,1.7075530935596597,-2.6493567133746767,-0.12158738275048304,0.08254853290411288,-1.7568266072519054,0.37114932320228394,1.1726821641446872,-0.1280000305175771,23.996791991441203,1.5980239913569532,0.23,,,,8.0,0.0,0.0
500125.0,EIDPARRY,FY23,Agricultural Inputs,250,0.18422497624507544,0.2113122872885184,-0.3539665691956274,0.022032243768327523,0.020543823214720754,0.011460119521242903,0.1274636064180214,0.5938213929935199,0.8669582012035435,-1.3742797878564808,2.141198120972019,1.1610685209816873,1.139760810192818,1.040202965550899,0.9595375333624334,0.2229280677043945,25.130495089745143,0.2658804504309069,0.73,,,,5.0,0.0,1.0
500163.0,GODFRYPHLP,FY23,Tobacco,250,0.7287684868584079,0.77153801631767,1.9118933830838218,0.031112698543017517,0.03010163639931633,0.017242138590638886,0.2086528997728842,0.37114932320228394,0.199201324789267,0.8796807913893268,0.06068145248899459,0.08254853290411288,0.021989739377545343,-1.0787442483639718,1.086046659811577,0.7870830569561251,25.22556452138811,0.0997087571095286,0.0109,9.0,0.5555555555555556,5.0,2.0,0.0,1.0
500164.0,GODREJIND,FY23,Conglomerates,250,0.2983732255693451,0.4489548262490193,-0.0987202936938574,0.02214275510081282,0.021549628153779712,0.01160508812544713,0.0074950226900345,0.6607511271402553,-2.375107084194771,0.7000902126075669,-1.1309776082451581,0.31286139976011185,-0.9328891732059704,-1.9379315108528288,0.7238835606183235,-0.1635076021769535,25.636057753715296,2.460136668553708,0.79,11.0,0.5454545454545454,4.0,1.0,3.0,1.0
500165.0,KANSAINER,FY23,Specialty Chemicals,250,-0.3037340730178868,-0.24592199166240705,-0.4391127955502741,0.014704079316793964,0.013416322819396774,0.008699410589790879,0.2123470235877446,,,0.6744897501960817,-1.5507244109235787,,,,0.4526344462121257,-0.1301687230396601,26.0276407296649,0.0633125261927344,35.0,7.0,0.5714285714285714,9.0,3.0,0.0,0.0
500180.0,HDFCBANK,FY23,Banks - Regional,250,-0.2643618901325701,-0.23714099083428342,-0.23191579921603722,0.013423379318218086,0.011139475148085746,0.00897539009038218,0.0896253428332742,1.1829168441908857,1.0787442483639718,0.7130635205548607,1.022695979570021,-0.17682083519044237,-1.5079045914405589,1.81077660860448,1.1077893220261363,0.0781521921369706,30.109366249366527,1.0822718365530233,1050.0,,,,2.0,0.0,0.0
500182.0,HEROMOTOCO,FY23,Auto Manufacturers,250,0.3256300672508445,0.5001849422644109,0.16508850895903357,0.016022437666767822,0.015344041915118805,0.00827790626475895,0.2115852266691979,0.6471361052960376,-0.883080123650455,1.6218348714406081,0.850294649899591,0.4007604618510929,0.5168467276526094,0.25561826421633266,0.7121148301376198,-0.0587991490379462,26.77604606319132,0.0340750871930531,,,,,3.0,0.0,1.0
500188.0,HINDZINC,FY23,Other Industrial Metals & Mining,250,0.47543938026221483,0.4564477351318579,0.16064777028529323,0.02763263815617181,0.026079362775242896,0.010710083315109423,0.5106284962158605,-0.347693770638922,1.3018067488856788,0.47176186424417,-1.1904464442996399,-1.264249885119523,-2.6208171426363456,-0.3128613997601117,0.7561295285878744,0.1409641173388665,27.7316746608812,0.9424682957005877,2.0,,,,3.0,0.0,0.0
500233.0,KAJARIACER,FY23,Building Products & Equipment,250,-0.19603013904620253,-0.1440536582348096,-0.33186441966678853,0.018492539688979497,0.017283617603573553,0.009702262650436722,0.1613237328685974,0.7598095710099184,0.07703400754658758,-0.04044050856564621,-0.5642549363264994,-1.264249885119523,-0.5807580840085503,-0.33603814037182317,0.46336655273195,-0.0893177055626594,25.82164657766837,0.1073672629126948,,,,,8.0,0.0,1.0
500252.0,LMW,FY23,Specialty Industrial Machinery,250,-0.2035281219273054,-0.1596041001580463,-0.20008002859106438,0.017069878907286062,0.015594291299388623,0.007816725438214418,0.1382062700655412,,,1.6606976105540416,-1.3001534333634237,,,,0.8077646208276543,0.0949976024922027,25.379124551285297,,,10.0,0.5,4.0,2.0,0.0,0.0
500266.0,MAHSCOOTER,FY23,Asset Management,250,0.2483466682536206,0.38223727780539574,0.5108351460530528,0.01685858951584939,0.015982401132458333,0.00851748478779732,0.0073772806701625,-1.4426368146671515,-1.81077660860448,1.022695979570021,-1.0398984196558514,0.4856815279341636,-0.7598095710099184,-1.2053449195375296,0.7443273219229032,0.2701840827425856,24.5477869478453,,1.5024000000000002,6.0,0.5,,0.0,0.0,1.0
500325.0,RELIANCE,FY23,Oil & Gas Refining & Marketing,250,-0.14813293024395155,-0.158076240265275,-0.1097608786949805,0.013217383220784354,0.00954846546347059,0.005658683351423229,0.0877412313590369,1.7075530935596597,-0.9851275883347463,1.848596288501409,0.6001787759898454,0.4007604618510929,0.9160338847350284,-0.8994349076672339,1.1126673576606978,-0.0185008269700265,30.298258128564356,0.4671114389164543,30.0,,,,4.0,0.0,1.0
500410.0,ACC,FY23,Building Materials,250,0.04606160976640925,-0.12040480050084873,-0.1540960913682066,0.02130052331846505,0.015648381050997823,0.007844551424003228,0.1429990531729729,0.9674215661017012,0.010994205139575632,-0.6493239131864658,0.4270336221949892,1.1087365265227944,-0.6336400007797011,-0.688356880905426,1.1186549832638248,-0.172738490317141,26.457748835916803,0.009492267053818,,8.0,0.5,,14.0,0.0,0.0
500425.0,AMBUJACEM,FY23,Building Materials,250,0.11891698812613896,-0.10019431169621124,0.08095094913238485,0.022167529877624634,0.015215860099671045,0.008942114868762743,0.086206397424664,1.9379315108528297,0.33603814037182306,-0.3940442266879647,-0.17267966860479175,1.228396274803997,-1.6198562586382699,-1.3279018717558337,1.085269356924575,0.0556805993558483,27.51714599493166,0.0147539679940871,73.28,,,10.0,13.0,0.0,0.0
500469.0,FEDERALBNK,FY23,Banks - Regional,250,0.0879583242617997,0.0864719070807832,0.15742082415228306,0.015944432042773453,0.013307042337642964,0.008975271281928184,0.1288949308705369,0.16566441386855307,0.6202583377109135,-1.3742797878564808,-0.2868939169230392,-0.8045963803603002,-1.276569187299828,1.2521195202652193,1.073159620726806,0.3105396982721495,26.49055708289948,1.169039886207691,,,,,1.0,4.0,0.0
500493.0,BHARATFORG,FY23,Auto Parts,250,0.4559493781918299,0.31381904637926517,0.15086861553091374,0.022247773906149234,0.018639550371553813,0.013209061983851439,0.1326504312860032,0.31286139976011185,-2.0154296617068366,-0.48308940291641783,-0.42703362219498936,0.26699412540495254,0.23296385427137234,-0.6471361052960376,1.0294892636696436,0.1706631149171245,26.6116377065586,1.0906283861996806,0.0254,,,,4.0,0.0,1.0
500510.0,LT,FY23,Engineering & Construction,250,0.13928570975097912,0.05150543079662499,0.22379750369213752,0.01707828709932804,0.012730879904647906,0.008994307687146257,0.1512184451831674,0.25561826421633266,-1.6198562586382699,-0.12158738275048304,0.3831441264427717,1.1610685209816873,-1.0986292256666448,1.6198562586382697,1.0159545396296834,0.173520546125512,28.693558147340475,1.3506762592505313,2.75,,,,3.0,0.0,0.0
500520.0,M&M,FY23,Auto Manufacturers,250,0.34761694495017514,0.3363180881395704,0.42029879758414906,0.018666383684078514,0.01634771391509842,0.010898060005147415,0.1702454504457207,2.6208171426363442,-1.3829941271006383,1.7022437879603272,0.9252445598541519,0.4007604618510929,-0.6471361052960376,1.0031479676625337,0.9977260493629247,0.5083978675922992,27.935312981123875,1.6365751282825984,,,,,0.0,1.0,1.0
500530.0,BOSCHLTD,FY23,Auto Parts,250,0.24546242090954862,0.34445895122485304,0.6767891144264001,0.014250274118170298,0.012956830530621995,0.008615713509343922,0.2066285695327986,1.4426368146671515,0.7894919012223263,0.1932359394047214,1.7022437879603272,0.4007604618510929,0.4067242518713638,0.8045963803603002,1.0082145883946674,0.1553621961251815,27.030853943945477,0.0048341223614506,,,,,9.0,0.0,1.0
500645.0,DEEPAKFERT,FY23,Chemicals,250,0.13286685165775197,0.08714525033008559,0.27768071550312734,0.026914212735653593,0.024938053077489877,0.015245044697667147,0.0817124905492189,0.8198866958893143,-0.8198866958893143,0.09109216921113672,-0.182948140428305,-0.35939683029154834,1.1829168441908857,-0.4127025430789826,0.9562109050928128,0.156156536851969,24.928454804823584,0.7299940793368858,22.5,,,,7.0,1.0,0.0
500790.0,NESTLEIND,FY23,Packaged Foods,250,-0.1984672404829187,-0.04253170376202093,0.10361939566604735,0.01188841527349405,0.011734837992618343,0.007628473527768763,,-1.5430979274111278,-0.5168467276526095,-0.14197877086784655,0.7130635205548607,0.08254853290411288,1.9379315108528297,1.0986292256666448,0.6171499080009444,0.0528411095757108,28.238883538807073,0.1100045950462961,,,,,7.0,0.0,0.0
500800.0,TATACONSUM,FY23,Packaged Foods,250,0.002032724212979095,0.15363617788658443,-0.04556959165847258,0.014121836141114924,0.01352617392188394,0.007834017315456389,0.0716413430081604,1.7568266072519054,0.46720827028710954,-1.3742797878564808,1.456837324058037,1.205344919537529,0.45498114030642833,0.21042839424792484,0.8081966365569622,-0.0031244096268305,27.25135227249452,0.0983024210666651,5000.0,,,4.0,1.0,0.0,1.0
500830.0,COLPAL,FY23,Household & Personal Products,250,0.31602826844132365,0.5694933037514021,0.41263047577284306,0.01472333465518809,0.014441229911632407,0.00910432691345958,0.7061930472267868,-0.5807580840085503,-1.2521195202652193,-0.8075410421200765,0.22422703878472688,0.08254853290411288,0.851058526838569,0.7745654303366722,0.3380022659825792,0.0540183972611237,26.673155599663083,0.0401783563273096,1.1031,,,,5.0,0.0,1.0
500850.0,INDHOTEL,FY23,Lodging,250,0.1546720991849181,0.08462447891570815,0.3211687338735964,0.018408331853833473,0.014906705336984872,0.00857803627463034,0.1331412286591975,0.5421440164296353,-0.45498114030642833,-1.3742797878564808,-0.31863936396437514,-0.8045963803603002,0.7598095710099184,0.15452857469470718,0.8596243108622116,0.5200721568986428,26.84959065497664,0.3932630581962325,,,,,1.0,3.0,1.0
500877.0,APOLLOTYRE,FY23,Auto Parts,250,-0.03638109649734794,-0.0398071751189952,-0.32675710708085237,0.01851671927838868,0.016266464636192853,0.011587583657499996,0.1238557823824096,1.3018067488856788,-0.5294530175447888,-1.3742797878564808,1.2112321309213452,1.4272467901741255,0.30133652085957624,0.47950565333095013,1.1062182353532577,0.5854812989965142,25.99483803762671,0.510449071444966,,,,,1.0,0.0,0.0
503100.0,PHOENIXLTD,FY23,Real Estate - Diversified,250,0.5781318292095815,0.6179694289656533,0.26035343390639504,0.024612028799501574,0.02330795715184904,0.014518535802163064,0.1162235555728019,-0.24427538781443447,0.11016224796840546,-0.5290450577878208,-0.04044050856564621,-0.289851529166503,1.228396274803997,-0.289851529166503,0.6572277708880507,0.4576351038878455,26.166936017083323,0.5082814249601445,0.53,,,,0.0,1.0,1.0
503806.0,SRF,FY23,Conglomerates,250,-0.2050651431624102,-0.19665664319589823,-0.14891551707135017,0.014484978478544927,0.011846042842698355,0.008748562023431977,0.1163609785504337,-0.05499763131262087,-1.7075530935596597,-1.3742797878564808,-0.41598722018967504,-0.5938213929935198,0.883080123650455,1.1829168441908857,1.0047590581309849,-0.0922509871991036,27.286426802374255,0.4335729951922378,0.82,,,,6.0,0.0,0.0
504614.0,SARDAEN,FY23,Steel,250,0.07848407260026126,-0.08551639776666822,-0.5045358371833016,0.03015817093762867,0.0265007159507317,0.015273207081555338,0.1344943219223173,-0.5938213929935198,-0.7745654303366722,-0.6245627645550067,-0.8216250592853797,-0.5938213929935198,-1.0787442483639718,0.9500137556693217,1.021695668511359,0.4099318552276161,24.338950512372826,0.4202863275934875,295.59,8.0,0.625,6.0,0.0,1.0,0.0
506285.0,BAYERCROP,FY23,Agricultural Inputs,250,0.01792482699806982,0.16200712064238332,-0.19838750094794383,0.017232438580801937,0.016680345632140083,0.00958943114145891,0.2598792728293675,,,1.4007450611305767,-1.3742797878564808,,,,0.3965520191463849,0.0157502384771846,25.86185687389515,0.0271007706205523,,,,,0.0,0.0,1.0
506401.0,DEEPAKNTR,FY23,Chemicals,250,0.14379437823981692,0.12863639046447087,-0.15421318725538802,0.01776860698093757,0.015220136441428792,0.008964117418272657,0.1690544591816737,0.5043220460777779,-0.347693770638922,-1.3742797878564808,-0.10124643193052442,-0.31863936396437514,-0.3128613997601117,0.45498114030642833,0.9824012023999018,-0.1033994033011339,26.239536310750612,0.0178143551526176,,,,,9.0,0.0,0.0
506943.0,JBCHEPHARM,FY23,Drug Manufacturers - Specialty & Generic,250,0.12297018335063949,0.2734486479434927,-0.1544197954364288,0.019344049874445463,0.018823587787113114,0.010979271639741446,0.1890405572851474,-1.3279018717558337,0.12123011471308487,0.36147828461730214,-0.7261579685418761,-1.264249885119523,1.0986292256666448,-0.883080123650455,0.496939388099397,0.2148575704836028,25.764235086680372,0.2307923044154777,,,,,0.0,0.0,0.0
509930.0,SUPREMEIND,FY23,Building Products & Equipment,250,0.09131612317998263,0.15637739001754838,0.17175335188682914,0.026553903627613482,0.02567918164349795,0.013786988059412184,0.209386493580722,1.11895838106256,-1.4121875789061642,-0.2035442315324862,1.112021207066951,-0.060503804356206815,1.0592769170824314,1.870578631109212,0.5661312192428027,0.360120224581584,26.466737617178246,0.0116239448265835,0.72,,,,0.0,0.0,0.0
511243.0,CHOLAFIN,FY23,Credit Services,250,-0.07733175221019055,-0.08490168983314081,0.0072396658316849554,0.01915145884498445,0.016894804206802762,0.009632125430566497,0.1745530601370676,0.11016224796840546,-0.9500137556693217,-0.8358739718874295,-0.4604945391031163,-0.8045963803603002,0.9851275883347467,0.43072729929545744,1.1817348760317512,0.1084717192877295,27.19381097001088,6.797972271209597,0.91,,,,1.0,0.0,0.0
513683.0,NLCINDIA,FY23,Utilities - Regulated Electric,250,0.8351422798917413,0.3631117512186656,-0.2619823383192248,0.03589013369001356,0.03059217904914995,0.018823663559867726,0.1121574249669561,0.47950565333095013,1.5803135088497546,-0.8648943586852831,-0.33998082557528525,-0.8045963803603002,-0.289851529166503,-0.7452173252375652,1.3047658369171464,0.3665461997825048,25.342265187844728,1.472303749001242,,,,,8.0,0.0,1.0
515055.0,ANANTRAJ,FY23,Real Estate - Development,250,0.9989329848515467,0.6930549080077617,0.8231712227944792,0.02635540004369294,0.021258943984363256,0.011539036212911177,0.0727298336472387,-0.8353711435721113,0.16566441386855307,0.30802341403564665,-0.7000902126075669,-1.264249885119523,0.31286139976011185,-0.6336400007797011,1.7014179529440492,0.5129223429347279,24.500866195461622,0.382098282041388,0.175,,,,0.0,0.0,1.0
517174.0,HONAUT,FY23,Electrical Equipment & Parts,250,-0.05720122765722555,0.018877161900224596,-0.11744329374361841,0.016820003226535218,0.015755872545272654,0.007985897151982842,0.1390383228883589,-1.2521195202652193,0.21042839424792484,-0.16242937264128568,0.5059336541658119,2.015429661706838,-0.47334801394315534,-0.26699412540495254,0.6286678327003252,-0.1515319237793485,26.490042363123894,0.011384663634938,,6.0,0.3333333333333333,4.0,4.0,0.0,0.0
520056.0,TVSHLTD,FY23,Auto Parts,250,1.2032246305015504,1.2745260051308063,0.8270190765491965,0.021636682498203615,0.020252849817111465,0.010392475494570057,0.2818205185083466,,,-0.6744897501960817,-2.05042905147421,,,,0.4892606526393839,0.3119789969118504,24.86786284662595,7.717703541201916,,9.0,0.3333333333333333,,8.0,1.0,0.0
521064.0,TRIDENT,FY23,Textile Manufacturing,250,-0.12945815036701303,-0.1604195959642042,-0.4283505998785924,0.025948813007609504,0.0239749087700083,0.011027395697488656,0.0809934629618043,-0.7894919012223263,0.3244279856159066,-1.3742797878564808,-0.08094729048129604,0.5807580840085503,-1.1610685209816873,0.032987932937402896,0.993035591526208,-0.4201059585248536,25.64615500424046,0.3439829986977117,,,,,5.0,2.0,1.0
524715.0,SUNPHARMA,FY23,Drug Manufacturers - Specialty & Generic,250,0.1312006264114345,0.30375445483988034,0.24983172612328755,0.011729666828741468,0.011059983200981907,0.00709741844438437,0.1504141486725802,0.9851275883347467,-0.7894919012223263,-0.07081073610889353,0.47176186424417,0.7671666205857572,0.5677931397915426,-0.49187598304804725,0.5354845883882865,0.1507843754604452,28.46101748004128,0.1229721094847467,0.172,,,,3.0,0.0,0.0
526299.0,MPHASIS,FY23,Information Technology Services,250,0.10676112223019989,0.17749813523754773,-0.19292467240064926,0.01906625785933757,0.01788981275414186,0.010112950600497876,0.1767925772633206,1.6198562586382697,0.9500137556693217,1.254452943356545,1.3487435412716045,0.7671666205857572,-0.8198866958893143,0.6744897501960817,1.2917217563497998,-0.3313939923863351,26.49160195607876,0.1326764159928134,,,,,0.0,0.0,0.0
531531.0,HATSUN,FY23,Packaged Foods,250,-0.10023668936337027,0.09300824899656653,-0.07701143052785547,0.01975105098446457,0.0196218542464233,0.011590892470115815,0.1699920496104309,,,-1.3742797878564808,-2.3233326278320994,,,,0.4779178321305591,-0.1572704278599185,25.9405317992762,1.244461282214382,0.007789,,,8.0,0.0,0.0,0.0
531642.0,MARICO,FY23,Household & Personal Products,250,-0.08403051363782471,0.12468919911681557,0.09190396160587226,0.014842130088772854,0.014745133773858068,0.00859633019637485,0.386482254697286,1.3829941271006383,-0.7598095710099184,-0.09109216921113686,1.254452943356545,0.08254853290411288,0.25561826421633266,1.6621074700249503,0.5443354405314723,-0.0181636327316301,27.12193794409933,0.1600421163464069,,,,,5.0,0.0,1.0
532181.0,GMDCLTD,FY23,Thermal Coal,250,0.5927758057407155,0.18941636422199112,-0.059561307613127897,0.038675154615475084,0.03388977532778168,0.019867662256469958,0.0979320430051117,-0.883080123650455,0.5043220460777779,-1.3742797878564808,-0.7662149957742836,0.4856815279341636,-1.1829168441908857,-1.81077660860448,1.1730447725307829,-0.0200106626042558,24.332615444042613,0.0003574312114748,,8.0,0.75,5.0,7.0,0.0,0.0
532300.0,WOCKPHARMA,FY23,Drug Manufacturers - Specialty & Generic,250,1.1607375992687885,1.000689732648997,0.19907176772834848,0.03340017086460629,0.031157007996719503,0.01307985975409635,-0.137838642453111,-0.9328891732059704,-0.07703400754658758,0.10124643193052428,-1.3240577347651974,-1.264249885119523,-0.9674215661017012,-1.4121875789061642,0.8817378430452786,-0.460340420105059,23.942443368989483,0.6511627906976745,1.0,10.0,0.6,6.0,1.0,2.0,0.0
532477.0,UNIONBANK,FY23,Banks - Regional,250,0.2659179963597302,0.028916609638058227,0.009150507496228586,0.026886345657184615,0.0219115440254779,0.013225863207989418,0.1413673162396441,,,-2.1411981209720183,-2.6493567133746767,,,,1.3772899609199687,0.668298909758362,26.861261480407617,0.3725036259169864,,,,,5.0,6.0,1.0
532497.0,RADICO,FY23,Beverages - Wineries & Distilleries,250,-0.11312632723553287,-0.025373565278568502,-0.34866036787449406,0.01987761800981381,0.01907560064723586,0.010536439263573609,0.1074654178483576,-0.7598095710099184,-0.010994205139575632,0.2974420657071954,-0.020216121092154715,-0.30133652085957613,0.9674215661017012,0.11016224796840546,0.4193868902561024,0.2784321560112194,25.79247758642302,0.3413369284313436,1.1758,8.0,0.625,4.0,0.0,0.0,0.0
532522.0,PETRONET,FY23,Oil & Gas Refining & Marketing,250,0.22180794874447143,0.13323337087451548,-0.3102713952900728,0.021498426054678495,0.017860384183483482,0.011128251110011754,0.209788450503759,0.18799930884492042,0.1434118658098064,-0.22422703878472672,0.5174548060610817,1.0592769170824314,0.9328891732059704,-0.9160338847350284,0.4796355853363144,0.1445241357164562,26.44802545876759,0.2191356973276661,0.26,14.0,0.3571428571428571,,19.0,0.0,1.0
532541.0,COFORGE,FY23,Information Technology Services,250,-0.04032426802841872,0.02028953513139911,-0.1762151342634118,0.020597718954112918,0.019496036018419472,0.0127693201418412,0.2227982132024485,1.5430979274111278,2.3751070841947692,-0.2974420657071954,0.32929134697812223,0.5807580840085503,-1.276569187299828,-1.2053449195375296,1.354874784343489,-0.0169186053036185,26.232379352392304,0.1823844282238443,14.0,,,,1.0,0.0,1.0
532636.0,IIFL,FY23,Credit Services,250,-0.43426357393409176,-0.463711257882059,-0.7015976941008044,0.034674376234180224,0.03304689786070688,0.028851391487175613,0.1657931426089523,-0.49187598304804725,-1.870578631109212,1.585277821520788,-0.4717618642441702,-0.016491723021857998,-0.9160338847350284,0.33603814037182306,0.9146527948153104,0.4401919078170522,26.04492098624888,4.450306158989153,0.55,,,,2.0,0.0,0.0
532648.0,YESBANK,FY23,Banks - Regional,250,0.008939484333732213,-0.1398526925972145,-0.4558472796896747,0.028627868065727455,0.024950257950368284,0.011961774656631462,0.0304873880095074,0.8045963803603002,1.3829941271006383,-0.4604945391031163,0.6368945263489849,0.4007604618510929,-1.276569187299828,0.16566441386855307,1.088661554393139,0.2599278182177,26.88080684612022,1.744110159139571,,,,,8.0,7.0,0.0
532809.0,FSL,FY23,Information Technology Services,250,0.4204288529592096,0.3160298279498931,0.04826840956823985,0.022743640344401527,0.019727102093897733,0.011204506401688378,0.1391007952377078,1.6621074700249503,0.021989739377545343,0.9098469585460016,1.1309776082451581,0.9077031339772886,0.26699412540495254,-0.47950565333095013,1.2498400096232165,-0.0886670820272188,24.962425136002963,0.4137879825177577,,,,,2.0,0.0,0.0
532927.0,ECLERX,FY23,Information Technology Services,250,0.020893597634433877,0.08834330280257173,-0.35973865932410265,0.022706267579533455,0.021735092318389847,0.011107458569080093,0.2275665283352488,-1.228396274803997,-0.35939683029154834,0.8216250592853797,-0.5881202037756785,-1.9031763053671469,0.5549229427026537,0.2442753878144343,0.6746929577929832,-0.0558945790625185,24.81851173654176,0.112870297532584,11.58,9.0,0.7777777777777778,,9.0,0.0,0.0
532929.0,BRIGADE,FY23,Real Estate - Development,250,0.5734316636825267,0.46000537169220335,-0.03319335380448386,0.025269771131402934,0.022649083387024063,0.012854531437819144,0.128438775365101,-1.003147967662534,-0.05499763131262087,-1.0057909761129349,-0.22422703878472672,-1.264249885119523,1.0787442483639718,1.0592769170824314,0.7746551742249833,-0.0184234235684048,25.470202944660095,1.537166295327287,2.57,11.0,0.5454545454545454,,8.0,0.0,0.0
532939.0,RPOWER,FY23,Utilities - Independent Power Producers,250,0.39776050624207404,0.2934344999938549,-0.17028653242902633,0.03415504748454304,0.03222830379435558,0.0175390522115662,-0.1780958268827074,-0.3948108917411484,-1.3018067488856788,1.1503493803760079,-0.8648943586852831,1.474485655159971,-1.6621074700249505,-1.2053449195375296,1.0570308412902285,-0.2767527636320002,24.440512128895076,1.8314216524167384,125000.0,,,,6.0,0.0,0.0
533098.0,NHPC,FY23,Utilities - Renewable,250,0.5117664059682362,0.19276911793415996,-0.0608796156042876,0.028989729025179174,0.02364847074602041,0.01678101165897745,0.092994081242683,1.5079045914405595,1.0215001377641872,0.5881202037756785,1.6218348714406081,0.5807580840085503,1.81077660860448,-0.4127025430789826,0.6378701212883452,0.455632456125036,26.65184795988286,0.7993399591776983,10.0,10.0,0.5,,10.0,0.0,1.0
533106.0,OIL,FY23,Oil & Gas Integrated,250,1.4180473120448387,1.220315492357106,2.2981715465843493,0.02702980539766131,0.02443596928228206,0.012997086999634396,0.1310556964471123,0.7307820639859635,1.5430979274111278,-0.9098469585460013,1.2325547300975428,1.684395483110198,-0.24427538781443447,-0.6607511271402553,0.4677055092621066,0.2241724317369715,26.23183057571073,0.4893716433537267,,10.0,0.3,10.0,16.0,0.0,1.0
533293.0,KIRLOSENG,FY23,Specialty Industrial Machinery,250,1.0586543179495762,1.0549755346229193,0.7823225869460498,0.025454235889876428,0.02388548550557638,0.014138923056812596,0.1651103612945172,0.33603814037182306,-1.1829168441908857,0.4270336221949892,0.6618544345702996,-0.1935972800956344,0.0,2.6208171426363442,1.385191705838273,1.3894399792342775,24.754915202134185,1.4083452350461672,,,,,6.0,0.0,0.0
533573.0,APLLTD,FY23,Drug Manufacturers - Specialty & Generic,250,0.2626869942736227,0.3244272860457708,0.14493761560461033,0.021242432475424237,0.020017670066269797,0.010487881643630837,0.1278112158067328,1.2521195202652193,-0.8669582012035436,0.9252445598541519,-0.3831441264427717,-1.264249885119523,-0.18799930884492042,0.347693770638922,0.5095059133262736,-0.2774503452835762,25.270524839085542,0.1652022899191389,0.88,10.0,0.6,7.0,0.0,0.0,0.0
534816.0,INDUSTOWER,FY23,Telecom Services,250,0.7717187635443915,0.4846361353900628,0.5655341510437981,0.02696023067972014,0.021696789834598336,0.012201055496929089,0.2232421557169696,0.46720827028710954,-0.33603814037182317,0.7527287942581697,1.057414228486381,0.4007604618510929,0.8994349076672339,0.44282165759651115,0.7457452880704039,-0.2816783074340094,26.6558105416381,0.9088277789620788,,,,,6.0,0.0,0.0
539268.0,SYNGENE,FY23,Diagnostics & Research,250,-0.23774098963851295,-0.1431122705385228,-0.27821337494959497,0.015924564516740392,0.015198614966737297,0.009101795040887546,0.1197829814218944,1.3279018717558344,0.5807580840085503,-0.2868939169230392,0.7000902126075669,-0.2386158046284212,0.5938213929935199,-0.05499763131262087,0.6076531245228152,0.0602015811715674,26.193726391181823,0.2253178551686014,,,,,1.0,1.0,0.0
539523.0,ALKEM,FY23,Drug Manufacturers - Specialty & Generic,250,0.07231728390645711,0.16281243085820857,-0.22513875292943472,0.017431909640579783,0.016351282411139912,0.011192503442901382,0.1741427028159262,0.5168467276526094,0.7452173252375651,-0.5761465508092741,0.010107544174399111,-0.8045963803603002,0.8045963803603002,-0.010994205139575632,0.3634173110758343,-0.0143945435988422,26.702350067753756,0.1544096430296872,,12.0,0.4166666666666667,,6.0,0.0,0.0
539551.0,NH,FY23,Medical Care Facilities,250,-0.12057696309211574,-0.011652854402699545,-0.3918563289516675,0.01791124277372279,0.017275252805195887,0.010634381016010426,0.2736994834033306,0.010994205139575632,0.032987932937402896,-1.3742797878564808,0.20354423153248632,-0.4367664924616712,2.015429661706838,0.12123011471308487,0.2811440770173172,0.1587907769939369,25.7729523288283,0.4148346002734376,6.3,12.0,0.6666666666666666,8.0,3.0,3.0,0.0
540173.0,PNBHOUSING,FY23,Mortgage Finance,250,-0.07977474196658593,-0.1598126697537432,-0.30585273431388627,0.02676458376159334,0.024016760172773825,0.012749771105663164,0.1007056023463982,0.05499763131262073,-0.15452857469470732,-0.9252445598541517,-0.8358739718874295,-0.47334801394315534,-1.474485655159971,0.17682083519044237,1.3758127996903555,0.4798662534540165,25.425337117860455,3.3123618785784457,10800000.0,,,,7.0,0.0,0.0
540596.0,ERIS,FY23,Drug Manufacturers - Specialty & Generic,250,0.09352421201388675,0.24722622469957042,0.06332678615377821,0.016669032634548803,0.016138565670014118,0.010268312986655781,0.1515942432467964,0.2216820512581709,0.6607511271402553,0.13177622742034392,-0.4049913476237083,-0.8045963803603002,-0.30133652085957613,-0.43072729929545756,0.2942504893373822,-0.0548675153783937,25.09034284669389,0.3992330559183383,,8.0,0.5,6.0,1.0,0.0,0.0
540678.0,COCHINSHIP,FY23,Aerospace & Defense,250,5.573109485888816,4.32312285345482,1.7490292235488578,0.0423037154267977,0.03928465316742196,0.018155443959985043,0.1565510871974696,0.45498114030642833,1.6198562586382697,-1.3742797878564808,1.1904464442996399,0.5807580840085503,-0.12123011471308473,0.08806556972409457,0.969416252620906,0.5477124755603838,24.832554069476224,0.1326502947480178,0.19,15.0,0.5333333333333333,,7.0,2.0,1.0
540902.0,AMBER,FY23,"Furnishings, Fixtures & Appliances",250,0.39528196701503376,0.3472169352429961,0.05077224332174898,0.026493371835379996,0.02455836077759642,0.01494950843792941,0.0643689349170899,-0.46720827028710954,-0.18799930884492042,-0.6001787759898454,0.04044050856564621,-0.35939683029154834,0.7745654303366722,0.7164975001779914,0.9113203769619176,-0.4162216546706913,24.885435930118984,0.7623287139800805,,,,,1.0,0.0,1.0
540975.0,ASTERDM,FY23,Medical Care Facilities,250,0.002557141681942021,0.1270761031911234,-0.36055258269160456,0.02415665420648319,0.0236618228563988,0.01188801469544825,0.0283521828856153,0.883080123650455,0.4067242518713638,-0.6872336796049825,-0.6368945263489849,-0.47334801394315534,-1.3549339667142233,-0.3948108917411484,0.6362376303925057,0.2516147348834599,25.266272484158993,1.2815220983482725,51.81,,,,5.0,0.0,0.0
541557.0,FINEORG,FY23,Specialty Chemicals,250,-0.15866902848467254,-0.04579701956323473,-0.24781470541833212,0.016149465713797384,0.01553352053913683,0.009375810703608316,0.2144110215610834,-0.6814069363243779,-0.46720827028710954,0.49447927155288285,-1.2112321309213452,-1.264249885119523,-0.47334801394315534,-1.6198562586382699,0.6853414972889602,0.1685534090164578,25.600598162181647,0.01850758822926,,10.0,0.5,5.0,22.0,0.0,1.0
541956.0,IRCON,FY23,Engineering & Construction,250,1.3974787396139234,0.6745997994534279,0.15209691373708253,0.03885855408143179,0.032956508482400934,0.017066533900715837,0.1583346392047583,0.9328891732059704,1.3549339667142233,0.1419787708678464,0.30802341403564665,1.1610685209816873,-1.7075530935596597,-0.7894919012223263,0.9762812448788576,0.2990341328874583,24.640805273498295,0.2926456733103201,,,,,13.0,0.0,0.0
542011.0,GRSE,FY23,Aerospace & Defense,250,1.5905445622218102,1.1766904219921062,0.9831360001234041,0.03910548875703667,0.03628170870681714,0.018324761137567185,0.2134931248460879,0.0,0.7023576640902002,-2.2540416421715435,-0.030326764235475673,0.7671666205857572,-1.2053449195375296,-0.5938213929935198,1.4461408995402962,0.906194736801803,24.65335195392801,0.2207551540421589,,6.0,0.3333333333333333,,8.0,0.0,1.0
542066.0,ATGL,FY23,Utilities - Regulated Gas,250,-0.002375667077009258,-0.19457023423489303,-0.6478012492093003,0.0341050366133326,0.029282897613215158,0.013472888431106942,0.1864358493095589,-0.6471361052960376,-1.7568266072519054,0.6493239131864658,-0.6872336796049825,-0.8045963803603002,1.5079045914405595,0.5421440164296353,1.573300976710412,-0.5866649457417384,27.58328546752936,0.4835461889995103,0.17,10.0,0.5,,0.0,0.0,0.0
542141.0,TECHNOE,FY23,Engineering & Construction,250,1.8485366345896213,1.859813034048279,0.18226981402652026,0.030363985078914215,0.029132663339761312,0.019597493920216154,0.1241015307365407,-0.5549229427026537,0.2442753878144343,0.44928537514285616,-1.1503493803760079,-1.9031763053671469,-0.06601181237584074,-2.221519588337837,0.9253496655532664,0.3316255978410573,24.371437208922156,0.0104535701857987,,8.0,0.625,5.0,0.0,0.0,0.0
542752.0,AFFLE,FY23,Advertising Agencies,250,-0.04115918017548692,-0.06844876166746514,-0.23002575837681072,0.019334088871363068,0.016732750868936358,0.009013025594183904,0.1190008967030151,,,-0.23460396858050991,-1.7954587131451043,,,,1.0558507179749377,-0.1466127445640257,25.656221788421465,0.0720971488364568,150.0,10.0,0.4,,5.0,0.0,0.0
542812.0,FLUOROCHEM,FY23,Specialty Chemicals,250,-0.2314542099531845,-0.2318844122449379,-0.6234565676835602,0.021443874036579776,0.01961523894519232,0.010668028368817814,0.0732690513009699,0.08806556972409457,-0.7452173252375652,-1.3742797878564808,-0.48308940291641783,-0.47334801394315534,0.13231285227617132,0.021989739377545343,0.775081556999236,0.1685143910518023,26.52553600242782,0.2744429914330897,,,,,2.0,0.0,0.0
543187.0,POWERINDIA,FY23,Electrical Equipment & Parts,250,0.8265746047752525,0.7033428204637469,0.438662145292652,0.02927461327907048,0.02711314498061991,0.012259859333527095,0.1204379830424967,-1.4121875789061642,-0.32442798561590674,0.33998082557528525,-0.3507092949272308,-0.060503804356206815,1.7075530935596597,-1.4426368146671515,0.4635401431287356,0.0399705089483896,25.72594809965035,0.2750820778237651,12.45,6.0,0.5,,0.0,0.0,0.0
543235.0,ANGELONE,FY23,Capital Markets,250,-0.11216418816232313,-0.23732659451441068,0.12400942613047226,0.03267697988102923,0.02960072036707981,0.019298901956725366,0.370409691558917,0.38295330612550205,0.347693770638922,-1.3742797878564808,0.9728151910062731,0.5807580840085503,0.12123011471308487,0.46720827028710954,1.5628449667035094,-0.2108442573166437,25.33390519548056,0.3644833957728638,,,,5.0,1.0,1.0,0.0
543238.0,UTIAMC,FY23,Asset Management,250,-0.0645347423730948,-0.02646856781347562,-0.4034929078230136,0.016719920931073676,0.014999339844017728,0.007820308384498223,0.1744873147576324,0.35939683029154834,0.6471361052960376,0.3940442266879647,0.25543505733458494,0.3244279856159066,-2.107344608107299,1.3018067488856788,0.7776136054232444,-0.1572381354666104,25.03264735301355,,357.28,,,,2.0,0.0,0.0
543245.0,GLAND,FY23,Drug Manufacturers - Specialty & Generic,250,0.2631428260304413,0.4005551025999153,0.12816609209343655,0.023228533291844752,0.02264043754180716,0.01089655352886316,0.088545839259143,-0.27840464477979515,0.9674215661017012,0.25543505733458494,-0.4944792715528826,-0.4007604618510929,-0.6744897501960817,-0.8669582012035436,0.4269701650597299,-0.6072673587522697,26.045833597874303,0.0005595119417414,12.4,,,,2.0,0.0,1.0
543257.0,IRFC,FY23,Credit Services,250,3.198845283102656,2.2199288891256037,0.6983105610370585,0.04013182261477891,0.03610393488366653,0.016343432117680655,0.1303842303670074,-0.7164975001779914,1.205344919537529,-2.05042905147421,-0.2974420657071954,0.9077031339772886,-1.276569187299828,-1.139760810192818,0.6422732829210613,0.2982711932589517,26.520384403470768,9.376302593760755,,,,,0.0,1.0,1.0
543276.0,CRAFTSMAN,FY23,Auto Parts,250,-0.12656354136056377,-0.059079384450744336,0.21903140843225638,0.020596691205076595,0.019624752867852962,0.009620797578338735,0.1836391271306047,0.17682083519044237,-1.0215001377641872,0.8648943586852829,0.0809472904812959,0.2216820512581709,1.11895838106256,-0.8353711435721113,0.82999065432121,0.6792439590623421,25.069375830717483,0.900740794538456,0.56,,,4.0,4.0,2.0,0.0
543299.0,SHYAMMETL,FY23,Steel,250,0.34972308515316386,0.17026706702886615,-0.2292934524084518,0.02446081578083102,0.02052772135618057,0.010980215547543668,0.1072691405427987,0.30133652085957624,0.26699412540495254,-1.3742797878564808,0.5761465508092743,1.1087365265227944,-0.3948108917411484,-0.17682083519044237,0.8579682595621816,-0.1265994148435179,24.998888084211465,0.1610371689783891,0.23,,,,22.0,1.0,0.0
543300.0,SONACOMS,FY23,Auto Parts,250,-0.15065382748595646,-0.12305961918351717,0.05264844406940135,0.021169247078517528,0.019718335956799515,0.010673795549672925,0.1951709373330395,-0.7023576640902002,0.5168467276526094,-1.3742797878564808,0.1215873827504829,0.26699412540495254,-0.8669582012035436,0.2216820512581709,0.871782407587662,-0.294168297023247,26.255329058741275,0.1288926731289843,,,,,0.0,1.0,0.0
543330.0,DEVYANI,FY23,Restaurants,250,-0.37289123144653297,-0.3234410580388979,-0.5829551547738646,0.019102878650698343,0.018086240375085782,0.011719256126813158,0.0447666758543347,-0.30133652085957613,-1.2053449195375296,0.3507092949272308,-0.32929134697812223,0.17682083519044237,-0.7745654303366722,-0.043990118295311006,0.9965420878163718,-0.0202507817002429,25.906984217857655,1.612635080682561,0.01405,,,,4.0,0.0,1.0
543334.0,NUVOCO,FY23,Building Materials,250,-0.30780706298335303,-0.3304474230807109,-0.5663083758586961,0.017314758980568334,0.014221085915251105,0.007284371038020517,0.0164044828753094,0.3244279856159066,-0.08806556972409457,2.649356713374677,0.9891686273406352,1.6198562586382697,-0.26699412540495254,-1.5803135088497542,0.7139734346122844,0.0439904579093127,25.53693814971861,0.5413672829135455,,,,,0.0,0.0,0.0
543415.0,ANANDRATHI,FY23,Asset Management,250,1.5484868586322416,1.9194228624528704,0.7310154535167296,0.02282362181562432,0.022542672193782545,0.012848592677287583,0.3467257657346645,0.043990118295311145,-1.003147967662534,-0.7261579685418761,-0.010107544174399111,0.0,-0.2104283942479247,0.35939683029154834,0.4709077856077098,0.3629692333582178,24.214766959856536,0.0784139226737862,8.1934,,,,2.0,0.0,1.0
543530.0,PARADEEP,FY23,Agricultural Inputs,250,-0.03441270139093611,-0.0682916841451959,-0.2874830858880208,0.026708477729823505,0.02481433811442712,0.012307716964836131,0.0280297377390377,-1.3018067488856788,-0.03298793293740276,0.9728151910062731,0.4830894029164177,0.5807580840085503,0.5043220460777779,0.09910785982289917,0.655327886182578,0.2460134531257342,24.66333259003241,1.326193725498454,0.014283,,,9.0,1.0,1.0,0.0
543573.0,SYRMA,FY23,Electronic Components,250,-0.24784563209640886,-0.2723754582762915,-0.3388168130105657,0.028274767695278293,0.02651261873218852,0.022832510164025883,0.0665555423264674,-0.6814069363243779,1.1829168441908857,-0.3940442266879647,0.7798420175369035,2.3751070841947692,-1.0215001377641872,-0.11016224796840546,0.6788859057724952,-0.1452496522835534,24.638515167745982,0.2432833553423473,,9.0,0.5555555555555556,7.0,1.0,0.0,0.0
543654.0,MEDANTA,FY23,Medical Care Facilities,250,0.32897238227058073,0.4575725050394837,0.09836525207851501,0.021639228968547336,0.0208808829946283,0.013681022583598684,0.1645751502171476,-0.3128613997601117,-1.228396274803997,-0.3940442266879647,0.5642549363264996,1.684395483110198,0.37114932320228394,0.30133652085957624,0.7472106774862116,0.2572739286733637,25.675618942581178,0.4620493796248097,1.0502,10.0,0.5,,1.0,0.0,0.0
543663.0,FIVESTAR,FY23,Credit Services,250,-0.09639056371074797,0.0017257395945738012,0.09010526036668438,0.021563298592106397,0.02092689874126752,0.011840375911027747,0.1608720964370056,-0.23296385427137248,0.2216820512581709,-0.3940442266879647,0.36147828461730214,1.2521195202652193,-0.5677931397915426,-0.6744897501960817,0.9856157553466228,0.0932652820038523,25.792299593610466,0.9787406700538654,132.36,8.0,0.5,,0.0,2.0,0.0
543720.0,KFINTECH,FY23,Software - Application,250,0.5194969071755994,0.46910632245046135,0.021246081646338937,0.02455849254814123,0.02249815473029789,0.013789020845744569,0.2156443088896484,0.021989739377545343,0.851058526838569,-0.3940442266879647,0.5407068193422808,-0.2386158046284212,-0.9851275883347463,1.5079045914405595,0.9924997596641588,-0.1908753251230652,24.589380333587982,0.1836761194269968,,9.0,0.3333333333333333,12.0,0.0,0.0,0.0
500002.0,ABB,FY24,Specialty Industrial Machinery,250,-0.21509908082040255,-0.20526641268746465,-0.2669357210028167,0.020866970948747735,0.016797172893445886,0.011870658510427958,0.2645278005483789,-2.6237933694069153,0.1201708280993545,2.141198120972019,-0.2868939169230392,0.27026482834382376,0.2533471031357997,-1.0648219243888488,0.8573489557024614,0.6864100028759457,27.91666150659408,0.0082394105574807,,6.0,0.5,4.0,0.0,0.0,0.0
500034.0,BAJFINANCE,FY24,Credit Services,250,0.3293459728468035,0.3228005945233563,0.2071302794445671,0.01600961787621031,0.013720904147870945,0.008390458492394637,0.1720687368158583,-0.5495782275678639,-0.4628411111010684,0.8946621047180733,0.1932359394047214,0.27026482834382376,0.5495782275678639,-0.3794579478559682,0.934210806519022,0.0279706742039298,29.124805325233822,2.8481141294746033,1.54,,,,6.0,2.0,0.0
500049.0,BEL,FY24,Aerospace & Defense,250,0.2497932232592855,0.2758449029394658,1.1902587089308077,0.020301667710766635,0.01531930947659008,0.009009415558289394,0.2664198110633431,0.186345392110644,1.7608672771355807,1.3742797878564799,2.050429051474211,0.5880157233038166,0.8416212335729143,0.37945794785596837,1.3009006920442756,1.1903693337073322,28.003474637770623,0.0038287517142407,0.46,,,,4.0,0.0,1.0
500092.0,CRISIL,FY24,Financial Data & Stock Exchanges,250,0.3968244954464381,0.3623192135032499,0.11763431971590733,0.02197218269188195,0.021482649511973668,0.011866671136665652,0.2667126737938725,-0.010898599553883236,1.666307549065909,1.022695979570021,1.4007450611305767,0.4089059318938436,0.8730997766188403,0.0872978252667545,0.5683329835556885,0.5736376413697328,26.611979212381243,0.0216146095027543,2.84,,,,2.0,0.0,0.0
500093.0,CGPOWER,FY24,Electrical Equipment & Parts,250,0.008202536893563551,0.040492479403585,0.005025977983650321,0.024679025306999676,0.01999366084443967,0.011075504285955993,0.2535412791529546,-0.39119625818947174,-0.5369468212896338,-0.09109216921113686,-0.8358739718874295,-0.8109553641377003,0.43871291859610834,-0.8572543202211783,0.5399905095290395,0.3463992760941074,27.466512913082912,0.0058195026247415,798.11,8.0,0.5,5.0,1.0,1.0,1.0
500106.0,IFCI,FY24,Credit Services,250,-0.12345213337211833,-0.06051621786905297,0.6259731328342293,0.036894527618704,0.03069958493908964,0.014044592646868626,0.0196806949918016,0.5119362138713294,1.210500350064283,-2.6493567133746767,0.18294814042830515,0.08182910819541821,-1.7608672771355807,0.9908903387103094,1.114938514124928,3.084033616139184,25.394500572866495,1.1836511023785266,317.42,,,,5.0,0.0,1.0
500125.0,EIDPARRY,FY24,Agricultural Inputs,250,0.4537089632114485,0.46553807037954525,1.4015372666691168,0.022813457885991435,0.019790744287930484,0.010345077856318144,0.1106829491426749,0.9558848086440046,0.627342450647513,-1.3742797878564808,2.254041642171544,1.1663368969668277,1.1450850855563184,0.9388143168769032,0.6882443530868954,0.226865743627551,25.298648175997663,0.2465596996422626,0.96,,,,1.0,0.0,0.0
500163.0,GODFRYPHLP,FY24,Tobacco,250,1.079559037880004,1.096473312393306,0.02086852801492292,0.03982632339976321,0.038175581405531823,0.017996731944868973,0.204359588670285,0.6473718589390934,2.110880219388008,0.6368945263489849,0.529045057787821,0.08182910819541821,0.03270097862722942,-1.306730230604991,0.6586839388229453,0.6134330200071526,25.77530816795974,0.0812929622740331,30.3754,9.0,0.6666666666666666,,4.0,0.0,0.0
500164.0,GODREJIND,FY24,Conglomerates,250,0.2402781333173768,0.24642895657231828,-0.45725238516397587,0.027561592008264642,0.025583403368003032,0.011756537236999829,0.0966730170988835,0.24210906771350055,-2.1108802193880085,0.18294814042830515,-1.0398984196558514,0.32150716026771686,-0.9388143168769032,-1.4472529659444882,0.7481882537991478,0.9110848768702084,26.29744425492388,3.6238953371385434,12.5,,,,1.0,2.0,0.0
500165.0,KANSAINER,FY24,Specialty Chemicals,250,-0.10180176886707924,-0.1158331366093689,-0.31641671990148657,0.015940615582425488,0.014601334970339995,0.007766085833858715,0.1779420098518486,,,0.5059336541658119,-1.5852778215207877,,,,0.6492847845847045,0.0890381175735587,26.051084174381227,0.0495149178871342,,7.0,0.4285714285714285,8.0,2.0,0.0,0.0
500180.0,HDFCBANK,FY24,Banks - Regional,250,0.24600831807094278,0.2270116586239017,0.05576751847205241,0.011614212581934413,0.00930568960712925,0.006045345574045295,0.0877319040881573,1.5475149163347153,0.6010208684770052,0.7261579685418761,0.7936154164253918,-0.186345392110644,-1.5123895860676801,1.9416960016178524,1.2121311223718412,-0.1387111416537896,30.014928512969508,1.164987862814699,,,,,8.0,0.0,0.0
500182.0,HEROMOTOCO,FY24,Auto Manufacturers,250,-0.20506605263578595,-0.2076769631296851,-0.3703121240394226,0.0158904095342279,0.013132038771302685,0.007614283908800617,0.2271933848207039,1.0088564614556432,-1.2815515655446004,0.05055839126599487,0.46049453910311605,0.4089059318938436,0.5244005127080407,0.2533471031357997,0.9079266576068638,0.85362735877064,27.507920552044492,0.0342625425732191,,,,,1.0,0.0,0.0
500188.0,HINDZINC,FY24,Other Industrial Metals & Mining,250,-0.30593980189244746,-0.29782740332689045,-0.369823081231057,0.02403603268426099,0.020853862515355946,0.01749799898306984,0.7769022962629446,-0.4628411111010684,-0.1974463506728047,-0.2450062230373207,-1.3742797878564808,-1.2692614630020236,-2.6237933694069153,0.0,0.6240963400951958,0.0864084456148629,27.768088573119275,0.6002632444883185,,,,,5.0,1.0,0.0
500233.0,KAJARIACER,FY24,Building Products & Equipment,250,-0.1116189616377638,-0.12449333008764929,-0.021672027752752704,0.018695162216056632,0.01724322808191092,0.00895144384900539,0.1072571182870927,0.7810338115227088,-0.31005157130553923,-1.3742797878564808,-0.8502946498995912,-1.2692614630020236,-0.5751092812784383,-0.7517957253750428,0.6438876726560715,0.1717712980089215,25.919519584030883,0.0913190702225075,5.13,,,,2.0,0.0,0.0
500252.0,LMW,FY24,Specialty Industrial Machinery,250,0.012826134137811479,-0.0013352179318901448,-0.14602243500634723,0.018454711461245665,0.01714637335946342,0.009335853021591475,0.0369443584333662,,,1.9739529178022823,-0.7936154164253918,,,,0.767453120755467,0.306748005592008,25.80620772121152,,0.15,,,4.0,4.0,0.0,0.0
500266.0,MAHSCOOTER,FY24,Asset Management,250,0.5960702985364866,0.6085459197748007,0.052806809014446274,0.024806362498579912,0.02235085714379596,0.01286189106262379,0.006945240978963,-1.2334945619686912,-1.6663075490659085,0.5407068193422808,-1.254452943356545,0.49338705055940013,-0.7517957253750428,-1.8437650289963352,0.6201288422447523,0.6671748182479368,25.100281522629626,,0.14,,,,0.0,0.0,0.0
500325.0,RELIANCE,FY24,Oil & Gas Refining & Marketing,250,-0.0804339581230007,-0.0816856628107012,-0.13082813062434062,0.013310062429073498,0.00965355055592767,0.00569525559253773,0.0825996204933586,1.5846605561450566,-0.7663328768271617,1.7469549015612458,0.6245627645550067,0.4089059318938436,0.9220131066555775,-0.9645253432735191,1.2565191848160704,0.3298758852673504,30.62472609543807,0.4362322475270359,1250.0,,,,12.0,0.0,0.0
500410.0,ACC,FY24,Building Materials,250,-0.2688797139174253,-0.26876953638691203,-0.32399900105669793,0.014786126538256053,0.01136568754893287,0.008589536706150369,0.1294605612336188,1.3327657287523946,-0.186345392110644,-0.9891686273406352,0.3507092949272308,1.114144055361701,-0.627342450647513,-0.723186653500953,1.215786108331448,0.4514538919529159,26.864662870135636,0.0217323137488348,,,,,0.0,0.0,0.0
500425.0,AMBUJACEM,FY24,Building Materials,250,-0.088580259838749,-0.08556801037597257,0.22188407025473672,0.017582947325976418,0.014317579924692084,0.0126211231005241,0.0779786034719071,1.3597373839386055,-0.6951576302296063,-0.9728151910062731,-0.4049913476237083,1.2334945619686906,-1.624131126670952,-0.8109553641377003,1.2672108145875869,0.7751096357506129,28.03885761687344,0.0168632489684374,2.1,,,,0.0,0.0,0.0
500469.0,FEDERALBNK,FY24,Banks - Regional,250,0.09725823774847771,0.08303024934605689,0.07234789889412076,0.01624707339424708,0.014464247209280343,0.008947809828550328,0.1204124959856187,0.33300509819729657,0.5244005127080407,-0.12158738275048304,-0.020216121092154715,-0.8109553641377003,-1.2815515655446004,2.0190862005831423,1.1451908088444145,0.1773035772840186,26.624932209515368,0.7410183336621453,,,,,1.0,3.0,1.0
500493.0,BHARATFORG,FY24,Auto Parts,250,-0.22139700764301656,-0.20160190775653647,-0.03440838703428159,0.020029322323297225,0.014961971616157668,0.00898979089597001,0.1017096108278378,0.40298872128355506,-1.874441738338828,-0.5761465508092741,-0.22422703878472672,0.27026482834382376,0.24210906771350055,-0.05451891484810106,1.1479822904157762,0.4189590503497938,27.002941245026577,1.1084136752975935,0.01425,14.0,0.5714285714285714,,5.0,1.0,0.0
500510.0,LT,FY24,Engineering & Construction,250,-0.034822733925145274,-0.030187772065009638,0.10323409028682325,0.015516311659607148,0.011367908727868112,0.006603641778343564,0.1539810312977443,0.4148374945423773,-1.7116753065097285,-0.08094729048129604,0.20354423153248632,1.1663368969668277,-1.1040643662127518,1.666307549065909,1.0325857686898263,0.6135874042678205,29.25827690320616,1.3469574303803509,3.6,,,,8.0,3.0,0.0
500520.0,M&M,FY24,Auto Manufacturers,250,0.10847500177162417,0.11791823434734058,0.32034274351626546,0.018569519598756298,0.014628584226446046,0.009376265549447834,0.1678256921247277,1.4168672639646787,-1.3597373839386062,1.7022437879603272,0.7130635205548607,0.4089059318938436,-0.6406668899191049,0.8572543202211783,1.142991441031368,0.4137263309375511,28.451467313760997,1.6108873547658993,,,,7.0,10.0,0.0,0.0
500530.0,BOSCHLTD,FY24,Auto Parts,250,0.09098496772932746,0.08830842234912666,-0.01832283255097368,0.0157094628773335,0.01298741225767576,0.009525955979878337,0.145888382935287,1.8147312681973649,0.43871291859610834,0.04044050856564621,1.4282295200981787,0.4089059318938436,0.4148374945423773,0.43871291859610834,0.6798940318017577,0.6652779451988083,27.491351156553268,0.0032595443273146,0.001,10.0,0.6,,5.0,0.0,0.0
500645.0,DEEPAKFERT,FY24,Chemicals,250,1.0490065257502996,1.08494652482678,0.3808029242066514,0.03217328776245309,0.0291786363353091,0.017167464748048786,0.1496948667707829,1.3877361911044543,-0.9388143168769032,-0.19323593940472125,-0.31863936396437514,-0.3677716922563234,1.188128954033998,-0.6207219134128708,0.9987012750334908,-0.1523985389631242,24.861355276755624,0.7486371928608935,,,,,1.0,0.0,1.0
500790.0,NESTLEIND,FY24,Packaged Foods,250,-0.11195413321657795,-0.13424693867760804,-0.24938243683383013,0.011975092362197907,0.011083914909350158,0.008022281669562547,0.7998558678971924,-0.5622979372864311,0.0763628372999465,-1.3742797878564808,1.1503493803760079,0.08182910819541821,1.9416960016178524,1.0648219243888488,0.5167850180261586,0.3599012369313823,28.538299408066266,0.1100045950462961,,,,,4.0,0.0,0.0
500800.0,TATACONSUM,FY24,Packaged Foods,250,-0.14877426786792797,-0.1612080796770927,-0.07791035744182027,0.015078366145739019,0.013560145915212776,0.008648502707910798,0.0639200483173908,2.623793369406917,0.344547230995852,-1.3742797878564808,1.3001534333634233,1.210500350064283,0.4628411111010683,-0.6951576302296063,0.8758901183869969,0.6342438298253836,27.6981228503013,0.2165576058477441,,9.0,0.5555555555555556,,3.0,0.0,0.0
500830.0,COLPAL,FY24,Household & Personal Products,250,-0.3023682565721555,-0.31616984821309735,-0.49064707940431235,0.015608920113088905,0.014577313056846251,0.010511170609049433,0.8632237288746568,-0.627342450647513,-0.8730997766188403,0.32929134697812223,0.8946621047180733,0.08182910819541821,0.8572543202211783,1.7608672771355807,0.6642756628824876,0.7694566544342726,27.283309218560262,0.0382797328154676,12.0,,,,0.0,0.0,0.0
500850.0,INDHOTEL,FY24,Lodging,250,0.22408083995012504,0.2441387432266841,0.9196898472185431,0.02128814189225482,0.016634196718670897,0.009079955358553072,0.1709201296333297,0.39119625818947174,0.021798493829908318,-0.7936154164253918,-0.23460396858050991,-0.8109553641377003,0.7663328768271614,0.1311556564163373,1.0295225020244396,0.8448702252920701,27.452466765746102,0.2892980072224307,,,,,1.0,3.0,0.0
500877.0,APOLLOTYRE,FY24,Auto Parts,250,-0.15485128750395682,-0.15274796609144234,-0.04042768069797003,0.01763178265226702,0.01460328733220317,0.008148000135534168,0.0759408680889404,1.5123895860676808,-1.4790369680731321,0.2974420657071954,0.6493239131864658,1.4318948615205593,0.31005157130553906,0.04360735190134711,0.7998221965887996,0.622598435752806,26.38263641142474,0.3528295731929909,,,,,1.0,0.0,0.0
503100.0,PHOENIXLTD,FY24,Real Estate - Diversified,250,-0.2660098786907732,-0.2612153608404505,0.1723332718570637,0.025739834883589437,0.0234203377405687,0.013604374712585786,0.0942009903000972,-0.164210777079331,-0.07636283729994635,0.36147828461730214,0.2450062230373207,-0.2986365279290154,1.2334945619686906,0.4267447981369443,0.7486146787783523,1.186575196508182,26.930051106520352,0.490524599451178,0.5845,,,,13.0,0.0,0.0
503806.0,SRF,FY24,Conglomerates,250,0.34141551684674637,0.33709770320523047,0.7342675902951193,0.01882447617122861,0.016716412527858444,0.0074469186924469325,0.099062267348846,-0.05451891484810106,-1.624131126670952,-0.7798420175369035,-0.7261579685418761,-0.6010208684770052,0.8891675429170125,0.5751092812784381,0.9450202439239412,0.0678554407644508,27.34937506693475,0.4382377589724558,0.9,,,,2.0,0.0,0.0
504614.0,SARDAEN,FY24,Steel,250,0.6497577060069507,0.6726471609680548,-0.08992908363705195,0.028222288523560998,0.0255077402234541,0.016442347234970858,0.1113223244353313,-0.6141284723406751,-0.6676644207054637,-1.3742797878564808,-0.6618544345702996,-0.6010208684770052,-1.0842344300008986,1.4790369680731321,1.5744900595248277,0.9297827336390444,24.987302086976033,0.3513413429888084,2.6e-05,11.0,0.7272727272727273,5.0,5.0,0.0,0.0
506285.0,BAYERCROP,FY24,Agricultural Inputs,250,-0.03145531385866999,-0.04384205911474758,-0.33030181895512517,0.019976269209242187,0.01893581192955739,0.012619701210854744,0.1992702778557395,,,0.7936154164253918,-1.5179291595942785,,,,0.4041797417153089,0.354061944266958,26.141070472510545,0.0165297957464729,,,,,6.0,0.0,0.0
506401.0,DEEPAKNTR,FY24,Chemicals,250,-0.32632334498565696,-0.3162244029123166,-0.15747874898120048,0.022000996456147302,0.0177798681493612,0.015521704771717038,0.1293899979030076,0.37945794785596837,-0.45074421261535924,-1.3742797878564808,-0.11141114508795975,-0.3272507212674433,-0.31005157130553923,0.6406668899191048,1.0893227920976647,0.2749080097090218,26.38611195988822,0.0596419979068594,15.39,12.0,0.5,,7.0,2.0,0.0
506943.0,JBCHEPHARM,FY24,Drug Manufacturers - Specialty & Generic,250,-0.09541272023580721,-0.11214424555330624,-0.22815368093014807,0.01867513435496028,0.017740861786931694,0.012702523742590188,0.1921122241299669,-1.1663368969668269,0.47500612346948246,0.030326764235475673,-0.5761465508092741,-1.2692614630020236,1.1040643662127518,-0.4148374945423775,0.6097170000790331,0.6995450690225947,26.283986634797955,0.1291869171222003,,,,,1.0,0.0,0.0
509930.0,SUPREMEIND,FY24,Building Products & Equipment,250,-0.23978614307155152,-0.22892908183991434,0.007505459304135561,0.022834826060880848,0.01911873522781956,0.011855054448335942,0.1697535880602921,1.4790369680731321,-1.0648219243888488,-0.6368945263489849,1.0057909761129349,-0.05451891484810106,1.0648219243888488,1.1663368969668277,0.622949145475329,0.5704262097896965,26.996186054618324,0.0107774187044783,0.82,,,,0.0,0.0,0.0
511243.0,CHOLAFIN,FY24,Credit Services,250,0.10903070286989675,0.12256734381653595,-0.1918211361498457,0.021455816442627063,0.017945878814310163,0.011327924507436004,0.1800995323357566,-0.2646172270329262,-1.0842344300008986,-1.0398984196558514,-0.7798420175369035,-0.8109553641377003,0.9908903387103094,-0.2197229158185798,0.955307508299016,0.421809877006589,27.613759010805705,6.882362488286777,1.15,,,,2.0,1.0,1.0
513683.0,NLCINDIA,FY24,Utilities - Regulated Electric,250,-0.05284927351453651,-0.02868389412600069,0.22260866818716804,0.025369924640710195,0.021438427509494887,0.00845817597105041,0.1400077017695376,0.26461722703292606,1.7116753065097288,-2.05042905147421,-0.4492853751428564,-0.8109553641377003,-0.287260266941592,-0.5880157233038165,1.875925427392381,2.255767321532516,26.447484849660587,1.3559628698721498,,,,,6.0,3.0,1.0
515055.0,ANANTRAJ,FY24,Real Estate - Development,250,0.03644371838014293,0.11145464594575455,-0.256474723128777,0.03776044815377984,0.03147916561538839,0.025430552789017555,0.1023409112370291,-0.6010208684770052,0.7091025034090241,0.13177622742034392,-0.6493239131864658,-1.2692614630020236,0.32150716026771686,-0.9908903387103094,1.4815464223106236,2.3414754312549957,25.43953804640344,0.1714121968139594,,,,,1.0,2.0,0.0
517174.0,HONAUT,FY24,Electrical Equipment & Parts,250,-0.24219139427958478,-0.2544616420451083,-0.19643880275518827,0.01566897761648028,0.014120084766533371,0.009515588061339453,0.1296617304739735,-1.6663075490659085,0.5119362138713294,0.47176186424417,0.612325259544216,2.0190862005831423,-0.4689149430215208,-0.09824326206829556,0.2694513284622589,0.0242116976405362,26.553605907303208,0.0165270922300482,363.2000000000001,,,4.0,3.0,0.0,0.0
520056.0,TVSHLTD,FY24,Auto Parts,250,0.08190575786304538,0.085702367420344,0.05966975976016248,0.02227848129089189,0.019857745489490344,0.009797229972791992,0.248364228280557,-0.9220131066555775,-1.1663368969668269,0.10124643193052428,-0.9408647115856297,0.21972291581857994,-0.2533471031357997,-1.941696001617852,0.7689502320853152,1.4041802636854832,25.802393737160884,9.49448076984018,,,,,5.0,3.0,0.0
521064.0,TRIDENT,FY24,Textile Manufacturing,250,-0.1561248608979148,-0.14502755570178746,-0.23158102733299807,0.022415669991861408,0.018992434240026335,0.008275438327726835,0.0800434538919149,-0.5880157233038165,0.5751092812784381,-0.5642549363264994,0.010107544174399111,0.5880157233038166,-1.1663368969668269,0.010898599553883236,1.092017260583561,0.4076468238094356,25.925506201669773,0.4926229489202648,0.00213,,,,21.0,0.0,1.0
524715.0,SUNPHARMA,FY24,Drug Manufacturers - Specialty & Generic,250,0.05508111411906537,0.03622910775579298,0.010764169333792038,0.012714380316513731,0.011630406811050372,0.008401798127565112,0.1513339745398724,1.2334945619686906,-0.9908903387103094,0.8075410421200765,0.5642549363264996,0.7736624437579788,0.5751092812784381,-0.5119362138713294,0.4712419631122083,0.5786250385108157,28.97004246760609,0.0514188332214224,,,,,1.0,0.0,0.0
526299.0,MPHASIS,FY24,Information Technology Services,250,0.14676781508486567,0.1697842298380472,0.5778192919235903,0.021504654244875222,0.017179412520083027,0.010558401946692345,0.1767832357539095,1.666307549065909,0.8109553641377003,1.456837324058037,1.585277821520788,0.7736624437579788,-0.8109553641377003,0.7663328768271614,1.2089408407938889,0.2733112305947856,26.803105245162076,0.2715967752939304,,,,,2.0,0.0,0.0
531531.0,HATSUN,FY24,Packaged Foods,250,-0.1769072592460039,-0.18615378659028217,-0.16890972521257186,0.023293326237080084,0.02220324417910378,0.01439315492025154,0.1623291180511889,,,-1.3742797878564808,-2.3233326278320994,,,,0.1276999783491015,0.2542614705436342,26.1294736413796,1.7162028939418033,0.525,,,,2.0,0.0,0.0
531642.0,MARICO,FY24,Household & Personal Products,250,0.013858064534798651,-0.006060860374367981,0.120915165394857,0.01472623880222183,0.013953994872684571,0.009269387687015695,0.409811320754717,1.2815515655446004,-1.0088564614556432,0.7527287942581697,1.2325547300975428,0.08182910819541821,0.26461722703292606,1.874441738338827,0.3925520667786327,0.0812028959035366,27.175810306471075,0.1377870563674321,,,,,6.0,0.0,0.0
532181.0,GMDCLTD,FY24,Thermal Coal,250,0.1563834559485737,0.2082215382885165,0.3581459296631657,0.02824590995337088,0.021879506467896964,0.009447318970951333,0.1069584855281093,-1.4168672639646787,0.6813466466217967,-1.3742797878564808,-0.8946621047180732,0.49338705055940013,-1.188128954033998,-2.0190862005831423,1.5852323701170143,2.0231690525801644,25.373327830379097,0.0004623147871876,,8.0,0.75,,2.0,2.0,0.0
532300.0,WOCKPHARMA,FY24,Drug Manufacturers - Specialty & Generic,250,0.8176957675217986,0.8852918660989155,2.6252264115811563,0.03413101791240273,0.029904345855561766,0.013749767784602556,-0.010797151389846,-0.9054682151499922,-0.2646172270329262,-0.6744897501960817,-1.3240577347651974,-1.2692614630020236,-0.973238495229513,-1.1663368969668269,1.213108232514685,2.2140037368168524,25.27894810174114,0.7013992259601072,29.0,8.0,0.625,5.0,0.0,0.0,0.0
532477.0,UNIONBANK,FY24,Banks - Regional,250,0.05314654260004065,0.07314340452173301,0.20918266365491292,0.022170901515131708,0.017926987899057768,0.010318695079541206,0.1583616355053859,,,-0.6245627645550067,-1.9739529178022819,,,,1.1716563817933916,1.1067113535397906,27.730124023020405,0.2763823344281957,,,,,5.0,10.0,1.0
532497.0,RADICO,FY24,Beverages - Wineries & Distilleries,250,0.505061391014412,0.47841876576125536,0.6595983931491737,0.021140383600536786,0.020071511379484583,0.012848431739995003,0.1255074697381097,-0.8730997766188403,-0.2533471031357997,1.0057909761129349,-0.12158738275048304,-0.31005157130553923,0.9732384952295127,-0.07636283729994635,0.330675801955455,0.4565464068123627,26.163968140257925,0.4224510449032129,0.1943,8.0,0.625,4.0,3.0,0.0,0.0
532522.0,PETRONET,FY24,Oil & Gas Refining & Marketing,250,-0.06703360575329717,-0.07258988799256065,0.38908418540026485,0.01780634483752147,0.015766218539565658,0.011234678646261258,0.1998578294184438,-0.04360735190134711,0.6141284723406751,-0.37228936046519107,0.44928537514285616,1.0648219243888488,0.9388143168769032,-1.1450850855563184,0.7774380320362155,0.3560220869776503,26.63698949014169,0.1727789198345099,0.26,14.0,0.3571428571428571,,3.0,0.0,0.0
532541.0,COFORGE,FY24,Information Technology Services,250,0.5641742031299342,0.5726463107741893,0.6573892398133128,0.022398693661048075,0.01967451438440398,0.012663313651155007,0.1273043641835967,1.7608672771355807,2.3783289333656725,-0.8358739718874295,0.4381323808008689,0.5880157233038166,-1.2815515655446004,-0.9645253432735191,1.1002751998215263,0.6270969668765131,26.614235280420424,0.2001875034467545,0.0013,,,,5.0,0.0,0.0
532636.0,IIFL,FY24,Credit Services,250,0.10193558037936451,0.13363115241260634,0.2599660300099007,0.026159322893231432,0.02151341904954725,0.010709407359288645,0.030515968576053,0.010898599553883236,-1.941696001617852,1.254452943356545,-0.5407068193422807,-0.05451891484810106,-0.9220131066555775,0.27592106310796005,1.0211147235394484,0.3514197554984685,25.69000362885264,4.431300584093808,0.62,,,,7.0,8.0,0.0
532648.0,YESBANK,FY24,Banks - Regional,250,-0.21761735116001668,-0.20954778969989693,-0.0365474505925818,0.02098502321595651,0.01763068947397714,0.01089028936064235,0.0511471675377067,2.2249148262139373,2.623793369406917,0.4270336221949892,1.0934562033143789,0.4089059318938436,-1.2815515655446004,-0.03270097862722928,1.266651580831983,0.539634182153892,27.313581153809505,1.870768888276464,,13.0,0.4615384615384615,,0.0,4.0,0.0
532809.0,FSL,FY24,Information Technology Services,250,0.34327007624693395,0.3716542810612916,-0.11259961860981897,0.03052119568405603,0.027766179261930982,0.017756572853070238,0.145072883593687,0.7663328768271614,-0.40298872128355506,1.486689738306176,0.8216250592853797,0.9137093965641648,0.27592106310796005,-0.4995509478168166,1.1483974362933431,0.7989896744982182,25.60780918764359,0.4123321162586886,,,,,9.0,0.0,0.0
532927.0,ECLERX,FY24,Information Technology Services,250,0.40721330914413123,0.4139570007501411,0.7112310695772892,0.024248129745468347,0.021999783134062204,0.012421121471841096,0.2346694932087527,-1.0842344300008986,1.188128954033998,0.8648943586852829,-0.26589174787999,-1.9069911067490868,0.5622979372864311,0.23090152708605616,1.137973690997426,0.7381001516205455,25.425916132238456,0.1182379896605162,,11.0,0.7272727272727273,,4.0,0.0,1.0
532929.0,BRIGADE,FY24,Real Estate - Development,250,-0.18577901562863414,-0.17533308589061197,-0.29153399019373394,0.02331682416177224,0.019713657640190712,0.010999576577632826,0.1216220769892435,-0.7810338115227088,0.186345392110644,-1.3742797878564808,-0.07081073610889353,-1.2692614630020236,1.0842344300008986,0.9558848086440046,0.904645518689558,1.0507513668320776,26.15183577530477,1.6741123103394338,0.94,12.0,0.5,,1.0,4.0,0.0
532939.0,RPOWER,FY24,Utilities - Independent Power Producers,250,1.1205628083314871,1.2195983075006651,-0.4354262777748256,0.037121777949918035,0.03234909723357326,0.01580144896625731,0.1804368930256017,0.45074421261535924,-1.306730230604991,0.31863936396437514,-0.8075410421200765,1.4790369680731321,-1.6663075490659085,-1.3327657287523946,1.287902803173698,1.2747746965984077,25.484033054486357,1.6158133471558982,7.85,,,,0.0,0.0,0.0
533098.0,NHPC,FY24,Utilities - Renewable,250,-0.2155141457879453,-0.20387666270056967,0.2932199415164016,0.019668554971548322,0.015100769230718574,0.008510044271023585,0.0757955498818195,0.8730997766188403,1.4472529659444877,0.7662149957742836,1.486689738306176,0.5880157233038166,1.8147312681973649,-0.6207219134128708,1.3397199969314844,1.4001685119236378,27.478700222819135,0.8942141412448709,,,,,6.0,0.0,1.0
533106.0,OIL,FY24,Oil & Gas Integrated,250,-0.17811644301563737,-0.15908504904811824,0.9434986091777549,0.02621630029148732,0.022271311017435836,0.014527432237347449,0.1316301007962591,0.723186653500953,1.1243382315686388,-0.15219611498207597,1.3742797878564799,1.6885570475799208,-0.23090152708605602,-0.17526735043641087,1.0447942627123623,1.4676930093391378,27.14718837769751,0.4973314502433749,,,,,3.0,0.0,1.0
533293.0,KIRLOSENG,FY24,Specialty Industrial Machinery,250,-0.2654669666653047,-0.2443872412998146,0.7073615576718207,0.027384490308043356,0.023435236960850734,0.01159589493004087,0.1584804795075328,0.5880157233038166,-0.14215633413733494,0.7000902126075669,1.1309776082451581,-0.20300588198172093,0.010898599553883236,2.3783289333656725,0.5804309944923421,2.037339023923855,25.537833605422836,1.547651342757108,125.21,,,,3.0,0.0,0.0
533573.0,APLLTD,FY24,Drug Manufacturers - Specialty & Generic,250,0.037953867994164246,0.01698395831289039,0.01844032503339672,0.025970269143883853,0.02518657518044669,0.01397165132473405,0.1123919752491841,1.874441738338827,-1.1450850855563184,1.112021207066951,-0.42703362219498936,-1.2692614630020236,-0.17526735043641087,0.39119625818947174,1.0269585307841729,1.1121181655258168,25.966663633672898,0.1065045037565896,1.05,,,,3.0,0.0,0.0
534816.0,INDUSTOWER,FY24,Telecom Services,250,-0.12005441847586881,-0.11769992824478943,0.41187695687589,0.019944622487797575,0.01731889003267809,0.013362549757808873,0.3056067548148672,0.23090152708605616,0.6406668899191048,0.3940442266879647,1.2769698176788649,0.4089059318938436,0.9054682151499923,0.3677716922563233,1.333809003998323,0.4516794963682372,27.36680448869785,0.7593162418450523,,,,,2.0,0.0,0.0
539268.0,SYNGENE,FY24,Diagnostics & Research,250,-0.1348394689938399,-0.1393220110395606,0.04825309034637492,0.018965242099106952,0.016990748881472516,0.014622397255654387,0.1049758822036049,0.9220131066555775,0.3561354495385673,-1.3742797878564808,0.47176186424417,-0.24772417465276586,0.6010208684770052,-0.04360735190134711,0.8164105472517145,0.2884253999649612,26.362369271465557,0.1303990417361486,,,,,4.0,0.0,0.0
539523.0,ALKEM,FY24,Drug Manufacturers - Specialty & Generic,250,-0.031109865523895597,-0.05042211587621652,-0.060176299470746854,0.014835842682217507,0.013758168513423232,0.009477348142358,0.180684479681465,-0.23090152708605602,0.4995509478168166,-0.8946621047180732,-0.3940442266879647,-0.8109553641377003,0.8109553641377003,-0.24210906771350055,0.6798978359239592,0.5601298882662303,27.086473207372386,0.1375486566214704,,12.0,0.4166666666666667,10.0,0.0,0.0,0.0
539551.0,NH,FY24,Medical Care Facilities,250,0.5840634210790692,0.553127550568644,0.4558743580506011,0.019904602580582628,0.019203165508701315,0.01014009058880167,0.2178923464470522,0.627342450647513,0.31005157130553906,-0.4604945391031163,0.2868939169230392,-0.4447205187674777,2.0190862005831423,-0.06543697299466768,0.5230197630415423,0.9542494570239994,26.281237489243683,0.5641033110111694,,8.0,0.5,5.0,0.0,0.0,0.0
540173.0,PNBHOUSING,FY24,Mortgage Finance,250,0.2584282307488475,0.2740903098361557,-0.08415302188010608,0.024298049194259683,0.021418548174686435,0.012662620748210843,0.1148149839324016,0.4872418422215693,0.1311556564163373,-0.07081073610889353,-0.6744897501960817,-0.48111497913964324,-1.4790369680731321,0.021798493829908318,1.0794935003420216,0.5492415634642913,25.818702546131536,2.4970109065848205,,,,,0.0,6.0,0.0
540596.0,ERIS,FY24,Drug Manufacturers - Specialty & Generic,250,0.7623193242989378,0.7425401408309467,1.35371269963003,0.02251625256650427,0.021483961142300122,0.012619210643484908,0.1232640591936546,-0.0872978252667545,0.9558848086440046,-0.41598722018967504,-0.5881202037756785,-0.8109553641377003,-0.2986365279290154,-0.6406668899191049,0.4214518018185001,0.3762120937651715,25.478411121046246,1.0754394512369596,,8.0,0.5,6.0,0.0,1.0,0.0
540678.0,COCHINSHIP,FY24,Aerospace & Defense,250,-0.2805610659153726,-0.2587056213742595,0.4867976763330935,0.031599468331600745,0.027805647091398107,0.0127489995013384,0.1482867719937713,0.8572543202211783,1.874441738338827,-1.3742797878564808,0.850294649899591,0.5880157233038166,-0.10920048169143169,-0.7091025034090238,1.0808218364117237,2.5870746793964012,26.145584745660848,0.1003729371241395,0.19,12.0,0.5833333333333334,5.0,0.0,0.0,0.0
540902.0,AMBER,FY24,"Furnishings, Fixtures & Appliances",250,0.6054269047371211,0.6299153546352659,1.6716327617730735,0.03364340664611878,0.0312991954972641,0.017240470647738308,0.1065529369364702,-0.45074421261535924,-0.8891675429170125,-1.3742797878564808,-0.08094729048129604,-0.3677716922563234,0.7810338115227088,0.9220131066555775,1.1388753203694797,1.034845806474689,25.580909679797916,0.7454852298845898,,,,,0.0,2.0,0.0
540975.0,ASTERDM,FY24,Medical Care Facilities,250,0.8762363558339417,0.8464205722975975,1.5632578788282663,0.020193552170120647,0.019397239354521617,0.011373497774140772,1.5687631816153111,1.1040643662127518,0.16421077707933085,-0.21387419851376044,-0.7000902126075669,-0.48111497913964324,-1.3597373839386062,-0.6541060588589251,0.2598976761427661,1.123660882156875,25.79716948583177,0.3034679228648688,1.62,10.0,0.5,,2.0,0.0,0.0
541557.0,FINEORG,FY24,Specialty Chemicals,250,-0.01924620601997598,-0.022558127308367943,0.6314515971032971,0.021937634434901293,0.02010640299486406,0.010045526352889408,0.1788475866670111,-0.4995509478168166,-0.3561354495385673,0.7798420175369035,-1.2769698176788649,-1.2692614630020236,-0.4689149430215208,-1.5475149163347153,0.7079227024495889,-0.0981887409958445,25.537305760672353,0.0022028588441596,0.325,11.0,0.5454545454545454,5.0,0.0,1.0,0.0
541956.0,IRCON,FY24,Engineering & Construction,250,-0.38596341616460667,-0.35352799421327513,0.40587190355932035,0.03134808565915242,0.024860870517365855,0.01248751357961275,0.1149809921992934,0.1974463506728047,1.8147312681973649,-0.3940442266879647,0.1521961149820758,1.1663368969668277,-1.7116753065097285,-0.5622979372864311,1.8431073695701496,3.3438884089982643,26.024711475420613,0.4398509943927016,150.0,9.0,0.4444444444444444,,9.0,0.0,1.0
542011.0,GRSE,FY24,Aerospace & Defense,250,0.04931207830806683,0.10632876990992002,1.0513490378033477,0.03884158208863586,0.03463410587399557,0.018121990444131163,0.2536494672341499,-0.8416212335729142,0.6676644207054637,-2.4059826146307435,-0.13177622742034406,0.7736624437579788,-1.210500350064283,-0.287260266941592,1.0161095646303175,0.864864509850547,25.182310318749945,0.0392429027435659,,7.0,0.2857142857142857,,1.0,0.0,1.0
542066.0,ATGL,FY24,Utilities - Regulated Gas,250,-0.2747458383578575,-0.2604225849462706,0.1017182765587571,0.027536341656163473,0.02446072029702596,0.012108528595597209,0.1555508016305962,0.03270097862722942,-1.3877361911044543,0.06068145248899459,-0.5524425846467742,-0.8109553641377003,1.5123895860676808,0.5244005127080407,1.3007578814104572,-0.000404478851194,27.64923526782669,0.434947155561514,0.48,,,,5.0,0.0,1.0
542141.0,TECHNOE,FY24,Engineering & Construction,250,-0.10484515839689915,-0.06830040144646206,-0.43615903396494204,0.031377860030993986,0.027001928463439174,0.013625156078298025,0.1130984659171024,-0.6676644207054637,0.26461722703292606,-0.8075410421200765,-1.112021207066951,-1.9069911067490868,-0.05451891484810106,-1.3877361911044543,0.6895620269537122,1.131047512872809,25.209796908652727,0.0,0.633,,,,7.0,0.0,0.0
542752.0,AFFLE,FY24,Advertising Agencies,250,0.42891438156865924,0.45223821028625283,1.1067180834603392,0.022346422748445463,0.01821042444185582,0.008471749758510656,0.1296027737720251,,,-0.06068145248899459,-1.6606976105540416,,,,1.030754975615788,0.1062892460155094,25.710059687847643,0.0731093177050807,30.72,,,,2.0,0.0,1.0
542812.0,FLUOROCHEM,FY24,Specialty Chemicals,250,0.05336809133868814,0.04224506638437467,-0.5684047597738414,0.02245226544381998,0.021088954792085137,0.013532416672682292,0.0752916195571243,-0.31005157130553923,0.14215633413733494,-0.3831441264427717,-0.21387419851376044,-0.48111497913964324,0.14215633413733494,0.186345392110644,0.5504719892517844,0.2943994388750058,26.551419090009283,0.353071084203398,,,,,0.0,1.0,0.0
543187.0,POWERINDIA,FY24,Electrical Equipment & Parts,250,0.38357039358414513,0.40404599698720567,-0.3058513852928919,0.03368386988813431,0.031234630713861566,0.019427336063188954,0.091117697449758,-0.973238495229513,-0.39119625818947174,0.7130635205548607,-0.05055839126599487,-0.05451891484810106,1.7116753065097288,-1.0458026143123607,0.6674352557188381,0.968224631596745,26.46159728536845,0.157132667093178,,6.0,0.5,,4.0,0.0,0.0
543235.0,ANGELONE,FY24,Capital Markets,250,0.09766927953539715,0.15312683895239476,-0.3467913241836724,0.03277222980602411,0.02800210996481686,0.01441327634894299,0.2085034719121471,0.6676644207054637,0.39119625818947174,0.2138741985137606,0.9098469585460016,0.5880157233038166,0.1311556564163373,-0.15317424236531796,0.99803606496878,1.709782198065893,26.314602017276144,0.8362796982692375,,,,4.0,4.0,2.0,0.0
543238.0,UTIAMC,FY24,Asset Management,250,0.4020929277932664,0.4169318993835783,0.24648813576055167,0.02532108924592126,0.022337689296119463,0.011641861610411535,0.1590496463461568,0.287260266941592,0.9732384952295127,1.1503493803760079,0.4270336221949892,0.33300509819729657,-2.1108802193880085,1.5123895860676808,1.2481795572774406,0.3320201033557768,25.295771073328172,,368.35,,,,6.0,0.0,0.0
543245.0,GLAND,FY24,Drug Manufacturers - Specialty & Generic,250,-0.03577677363877749,-0.048966152037219775,0.5076825942956896,0.01934152726855133,0.01795940693993098,0.010739019552744394,0.0763354574236119,-0.10920048169143169,1.1663368969668277,-0.42703362219498936,-0.3507092949272308,-0.4089059318938437,-0.6676644207054637,-0.39119625818947174,0.3379632241651193,0.3667313100304325,26.420810329626168,0.0426607860778787,18.85,,,12.0,2.0,0.0,1.0
543257.0,IRFC,FY24,Credit Services,250,-0.29742315956371634,-0.2775183230357271,0.31479438695532164,0.023591300546606873,0.018370290454805333,0.009175621776588583,0.1234529224185152,-0.33300509819729657,1.4790369680731321,-0.7393781286389902,-0.14197877086784655,0.9137093965641648,-1.2815515655446004,-1.0842344300008986,1.4965435652483934,4.211034025054144,28.21719639176974,8.378415842510265,3.18,,,4.0,4.0,0.0,1.0
543276.0,CRAFTSMAN,FY24,Auto Parts,250,0.16872364766430115,0.1624628909491494,0.22663453371112163,0.0252166896251712,0.023712327876929593,0.013852742077507908,0.068109103383577,0.175267350436411,-0.5622979372864311,0.529045057787821,0.31863936396437514,0.27026482834382376,1.1243382315686388,-0.5244005127080409,0.7610580830294305,0.2904393168241493,25.353958183858115,1.0584084247095864,0.63,,,,5.0,4.0,0.0
543299.0,SHYAMMETL,FY24,Steel,250,0.2124838453678485,0.2180839914173515,-0.17019234698106267,0.022203335306744884,0.019590624117975124,0.011162997765082614,0.0860486689983161,-0.06543697299466768,0.09824326206829556,-1.3742797878564808,0.3831441264427717,1.114144055361701,-0.39119625818947174,-0.4267447981369442,1.0427713411776631,1.230184259165266,25.81583270023568,0.0618773110306458,,12.0,0.5,,8.0,0.0,1.0
543300.0,SONACOMS,FY24,Auto Parts,250,-0.37204204004598873,-0.367140327591484,-0.7177124852326944,0.022291449312350005,0.019319571688399803,0.010724811209672083,0.1094154987378907,-0.2533471031357997,0.536946821289634,-0.5881202037756785,0.0809472904812959,0.27026482834382376,-0.8730997766188403,0.03270097862722942,0.9259565472093936,0.4474308266865458,26.79562200499303,0.1555026396732781,,,,,0.0,1.0,0.0
543330.0,DEVYANI,FY24,Restaurants,250,-0.09865871695215205,-0.10269637870660298,-0.2849316354678195,0.022617232505426767,0.020934180825188053,0.010943508910548036,0.0083597860391847,-0.17526735043641087,-1.188128954033998,-0.30802341403564665,-0.2974420657071954,0.175267350436411,-0.7663328768271617,0.287260266941592,0.5392696684877164,0.0604377642310271,25.946298011422428,2.7522095394515627,,,,,3.0,0.0,0.0
543334.0,NUVOCO,FY24,Building Materials,250,0.20544195980190558,0.19755833860623778,0.2616790977282266,0.01758900298777304,0.015733817592182123,0.009495404377470592,0.0024260412871348,0.10920048169143155,0.05451891484810106,2.649356713374677,1.057414228486381,1.6241311266709515,-0.2646172270329262,-1.1040643662127518,0.745717490556602,-0.0512532934284255,25.41792217056208,0.4902020588811512,,6.0,0.5,,4.0,0.0,0.0
543415.0,ANANDRATHI,FY24,Asset Management,250,0.3876877639890215,0.3628490253448349,0.2664386132284522,0.020969859212468477,0.020332837033150877,0.011630171955855242,0.4448610935329806,0.47500612346948246,-0.4267447981369442,-1.3742797878564808,0.16242937264128582,0.0,-0.1974463506728047,0.10920048169143155,0.0109265436390869,3.69601190946994,25.746042423670943,0.0796294698036846,2.2397,7.0,0.5714285714285714,,0.0,0.0,0.0
543530.0,PARADEEP,FY24,Agricultural Inputs,250,1.092081886968275,1.1057586887495252,3.149133466156094,0.03153744825522726,0.029567794696352036,0.01569369699789013,0.1353449137955584,-1.2571601440014075,0.15317424236531796,0.23460396858051005,0.5761465508092743,0.5880157233038166,0.5119362138713294,0.26461722703292606,0.6996039311704796,0.3982335404380932,24.9460956021889,1.1260540588583194,0.016563,,,,0.0,0.0,0.0
543573.0,SYRMA,FY24,Electronic Components,250,0.4258721293694681,0.4706318864075989,2.2402377094317654,0.03397927304585416,0.029553789009444147,0.016512845986242905,0.0970711397491605,-0.8261911774319647,0.33300509819729657,0.1215873827504829,0.6618544345702996,2.3783289333656725,-1.0271542729149994,0.20857169501420508,0.7634021363640847,0.9863786889593064,25.21375285637322,0.3906020558002936,,,,5.0,1.0,2.0,0.0
543654.0,MEDANTA,FY24,Medical Care Facilities,250,0.011781294718158435,-0.0011814654032558493,0.5565833404916191,0.020498254029233415,0.019106446914245415,0.00953257426704952,0.1421673689836729,-0.344547230995852,-0.7517957253750428,-1.3742797878564808,0.5174548060610817,1.6885570475799208,0.37945794785596837,-0.33300509819729657,0.3615892436951798,2.121152678873976,26.59477120018264,0.2759710726806985,19.23,,,,0.0,1.0,0.0
543663.0,FIVESTAR,FY24,Credit Services,250,-0.06341166993168025,-0.0683698642316837,-0.28784205492313397,0.026461788597077516,0.02502881998865664,0.017898069122242437,0.1701121023140111,-0.3794579478559682,-0.06543697299466768,-1.3742797878564808,0.09109216921113672,1.2571601440014075,-0.5622979372864311,-0.6813466466217967,0.7499236698799647,0.2718849660327285,26.078107048061497,1.2154844235103317,1.38,,,,0.0,1.0,0.0
543720.0,KFINTECH,FY24,Software - Application,250,0.6729782091999205,0.7119508439088323,2.3759741286070977,0.03628800844793883,0.0330901295371493,0.020655767444037937,0.236267873251742,0.1201708280993545,0.9388143168769032,-1.3742797878564808,0.5407068193422808,-0.24772417465276586,-0.9908903387103094,1.4168672639646787,0.5498611029516918,1.2959379711182328,25.373122991043186,0.0426480512537357,,,,,4.0,0.0,1.0
