BSE Code,Q_FY,id_resig_ct,id_unstated_flag,auditor_change_flag,credit_downgrade_ct
500002,Q1FY23,0,0,0,0
500002,Q1FY24,0,0,0,0
500002,Q1FY25,0,0,0,0
500002,Q2FY23,0,0,0,0
500002,Q2FY24,0,0,0,0
500002,Q2FY25,0,0,0,0
500002,Q3FY23,0,0,0,0
500002,Q3FY24,0,0,0,0
500002,Q3FY25,0,0,0,0
500002,Q4FY23,0,0,0,0
500002,Q4FY24,0,0,0,0
500002,Q4FY25,0,0,0,0
500034,Q1FY23,6,0,0,0
500034,Q1FY24,0,0,0,0
500034,Q1FY25,0,0,1,0
500034,Q2FY23,0,0,0,0
500034,Q2FY24,0,0,0,0
500034,Q2FY25,0,0,0,0
500034,Q3FY23,0,0,0,0
500034,Q3FY24,0,0,0,0
500034,Q3FY25,0,0,0,0
500034,Q4FY23,0,0,0,0
500034,Q4FY24,0,0,0,0
500034,Q4FY25,0,0,0,0
500049,Q1FY23,0,0,0,0
500049,Q1FY24,0,0,0,0
500049,Q1FY25,0,0,0,0
500049,Q2FY23,0,0,0,0
500049,Q2FY24,0,0,0,0
500049,Q2FY25,0,0,0,0
500049,Q3FY23,0,0,0,0
500049,Q3FY24,0,0,1,0
500049,Q3FY25,0,0,1,0
500049,Q4FY23,0,0,0,0
500049,Q4FY24,0,0,0,0
500049,Q4FY25,0,0,0,0
500092,Q1FY23,0,0,0,0
500092,Q1FY24,0,0,0,0
500092,Q1FY25,0,0,1,0
500092,Q2FY23,0,0,0,0
500092,Q2FY24,0,0,0,0
500092,Q2FY25,0,0,0,0
500092,Q3FY23,0,0,0,0
500092,Q3FY24,0,0,0,0
500092,Q3FY25,0,0,0,0
500092,Q4FY23,0,0,0,0
500092,Q4FY24,0,0,0,0
500092,Q4FY25,0,0,0,0
500093,Q1FY23,0,0,0,0
500093,Q1FY24,0,0,1,0
500093,Q1FY25,0,0,0,0
500093,Q2FY23,0,0,0,0
500093,Q2FY24,0,0,0,0
500093,Q2FY25,0,0,0,0
500093,Q3FY23,0,0,0,0
500093,Q3FY24,0,0,0,0
500093,Q3FY25,0,0,0,0
500093,Q4FY23,0,0,0,0
500093,Q4FY24,0,0,0,0
500093,Q4FY25,0,0,0,0
500106,Q1FY23,0,0,0,0
500106,Q1FY24,0,0,0,0
500106,Q1FY25,0,0,0,0
500106,Q2FY23,0,0,0,0
500106,Q2FY24,0,0,1,0
500106,Q2FY25,0,0,1,0
500106,Q3FY23,0,0,0,0
500106,Q3FY24,0,0,0,0
500106,Q3FY25,0,0,0,0
500106,Q4FY23,0,0,0,0
500106,Q4FY24,0,0,0,0
500106,Q4FY25,0,0,0,0
500125,Q1FY23,0,0,1,0
500125,Q1FY24,0,0,0,0
500125,Q1FY25,0,0,0,0
500125,Q2FY23,0,0,0,0
500125,Q2FY24,0,0,0,0
500125,Q2FY25,0,0,0,0
500125,Q3FY23,0,0,0,0
500125,Q3FY24,0,0,0,0
500125,Q3FY25,0,0,0,0
500125,Q4FY23,0,0,0,0
500125,Q4FY24,0,0,0,0
500125,Q4FY25,0,0,0,0
500163,Q1FY23,0,0,1,0
500163,Q1FY24,0,0,0,0
500163,Q1FY25,0,0,0,0
500163,Q2FY23,0,0,0,0
500163,Q2FY24,0,0,0,0
500163,Q2FY25,0,0,0,0
500163,Q3FY23,0,0,0,0
500163,Q3FY24,0,0,0,0
500163,Q3FY25,0,0,0,0
500163,Q4FY23,0,0,0,0
500163,Q4FY24,0,0,0,0
500163,Q4FY25,0,0,0,0
500164,Q1FY23,0,0,1,0
500164,Q1FY24,0,0,0,0
500164,Q1FY25,0,0,0,0
500164,Q2FY23,0,0,0,0
500164,Q2FY24,0,0,0,0
500164,Q2FY25,0,0,0,0
500164,Q3FY23,0,0,0,0
500164,Q3FY24,0,0,0,0
500164,Q3FY25,0,0,0,0
500164,Q4FY23,0,0,0,0
500164,Q4FY24,0,0,0,0
500164,Q4FY25,0,0,0,0
500165,Q1FY23,0,0,0,0
500165,Q1FY24,0,0,0,0
500165,Q1FY25,0,0,1,0
500165,Q2FY23,1,0,0,0
500165,Q2FY24,0,0,0,0
500165,Q2FY25,0,0,0,0
500165,Q3FY23,0,0,0,0
500165,Q3FY24,0,0,0,0
500165,Q3FY25,0,0,0,0
500165,Q4FY23,0,0,0,0
500165,Q4FY24,0,0,0,0
500165,Q4FY25,0,0,0,0
500180,Q1FY23,0,0,0,0
500180,Q1FY24,0,0,0,0
500180,Q1FY25,0,0,0,0
500180,Q2FY23,0,0,0,0
500180,Q2FY24,0,0,0,0
500180,Q2FY25,0,0,0,0
500180,Q3FY23,0,0,0,0
500180,Q3FY24,0,0,0,0
500180,Q3FY25,0,0,0,0
500180,Q4FY23,0,0,0,0
500180,Q4FY24,0,0,0,0
500180,Q4FY25,0,0,0,0
500182,Q1FY23,0,0,1,0
500182,Q1FY24,0,0,0,0
500182,Q1FY25,0,0,0,0
500182,Q2FY23,0,0,0,0
500182,Q2FY24,0,0,0,0
500182,Q2FY25,0,0,0,0
500182,Q3FY23,0,0,0,0
500182,Q3FY24,0,0,0,0
500182,Q3FY25,0,0,0,0
500182,Q4FY23,0,0,0,0
500182,Q4FY24,0,0,0,0
500182,Q4FY25,0,0,0,0
500188,Q1FY23,0,0,0,0
500188,Q1FY24,0,0,0,0
500188,Q1FY25,0,0,0,0
500188,Q2FY23,0,0,0,0
500188,Q2FY24,0,0,0,0
500188,Q2FY25,0,0,0,0
500188,Q3FY23,0,0,0,0
500188,Q3FY24,0,0,0,0
500188,Q3FY25,0,0,0,0
500188,Q4FY23,0,0,0,0
500188,Q4FY24,0,0,0,0
500188,Q4FY25,0,0,0,0
500233,Q1FY23,0,0,0,0
500233,Q1FY24,0,0,0,0
500233,Q1FY25,0,0,0,0
500233,Q2FY23,0,0,1,0
500233,Q2FY24,0,0,0,0
500233,Q2FY25,0,0,0,0
500233,Q3FY23,0,0,0,0
500233,Q3FY24,0,0,0,0
500233,Q3FY25,0,0,0,0
500233,Q4FY23,0,0,0,0
500233,Q4FY24,0,0,0,0
500233,Q4FY25,0,0,0,0
500252,Q1FY23,0,0,0,0
500252,Q1FY24,0,0,0,0
500252,Q1FY25,0,0,0,0
500252,Q2FY23,0,0,0,0
500252,Q2FY24,0,0,0,0
500252,Q2FY25,0,0,0,0
500252,Q3FY23,0,0,0,0
500252,Q3FY24,0,0,0,0
500252,Q3FY25,0,0,0,0
500252,Q4FY23,0,0,0,0
500252,Q4FY24,0,0,0,0
500252,Q4FY25,0,0,0,0
500266,Q1FY23,0,0,1,0
500266,Q1FY24,0,0,0,0
500266,Q1FY25,0,0,0,0
500266,Q2FY23,0,0,0,0
500266,Q2FY24,0,0,0,0
500266,Q2FY25,0,0,0,0
500266,Q3FY23,0,0,0,0
500266,Q3FY24,0,0,0,0
500266,Q3FY25,0,0,0,0
500266,Q4FY23,0,0,0,0
500266,Q4FY24,0,0,0,0
500266,Q4FY25,0,0,0,0
500325,Q1FY23,0,0,0,0
500325,Q1FY24,0,0,0,0
500325,Q1FY25,0,0,0,0
500325,Q2FY23,0,0,1,0
500325,Q2FY24,1,0,0,0
500325,Q2FY25,0,0,0,0
500325,Q3FY23,0,0,0,0
500325,Q3FY24,0,0,0,0
500325,Q3FY25,0,0,0,0
500325,Q4FY23,0,0,0,0
500325,Q4FY24,0,0,0,0
500325,Q4FY25,0,0,0,0
500410,Q1FY23,0,0,0,0
500410,Q1FY24,0,0,0,0
500410,Q1FY25,0,0,0,0
500410,Q2FY23,6,1,0,0
500410,Q2FY24,0,0,0,0
500410,Q2FY25,0,0,0,0
500410,Q3FY23,0,0,0,0
500410,Q3FY24,0,0,0,0
500410,Q3FY25,0,0,0,0
500410,Q4FY23,0,0,0,0
500410,Q4FY24,0,0,0,0
500410,Q4FY25,0,0,0,0
500425,Q1FY23,0,0,0,0
500425,Q1FY24,0,0,0,0
500425,Q1FY25,0,0,0,0
500425,Q2FY23,0,0,0,0
500425,Q2FY24,0,0,0,0
500425,Q2FY25,0,0,0,0
500425,Q3FY23,0,0,0,0
500425,Q3FY24,0,0,0,0
500425,Q3FY25,0,0,0,0
500425,Q4FY23,0,0,0,0
500425,Q4FY24,0,0,0,0
500425,Q4FY25,0,0,0,0
500469,Q1FY23,0,0,0,0
500469,Q1FY24,0,0,0,0
500469,Q1FY25,0,0,0,0
500469,Q2FY23,0,0,0,0
500469,Q2FY24,0,0,1,0
500469,Q2FY25,0,0,0,0
500469,Q3FY23,0,0,0,0
500469,Q3FY24,0,0,0,0
500469,Q3FY25,0,0,0,0
500469,Q4FY23,0,0,0,0
500469,Q4FY24,0,0,0,0
500469,Q4FY25,0,0,0,0
500493,Q1FY23,0,0,1,0
500493,Q1FY24,0,0,0,0
500493,Q1FY25,0,0,0,0
500493,Q2FY23,0,0,0,0
500493,Q2FY24,0,0,0,0
500493,Q2FY25,0,0,0,0
500493,Q3FY23,0,0,0,0
500493,Q3FY24,0,0,0,0
500493,Q3FY25,0,0,0,0
500493,Q4FY23,0,0,0,0
500493,Q4FY24,0,0,0,0
500493,Q4FY25,0,0,0,0
500510,Q1FY23,0,0,0,0
500510,Q1FY24,0,0,0,0
500510,Q1FY25,0,0,0,0
500510,Q2FY23,0,0,0,0
500510,Q2FY24,0,0,0,0
500510,Q2FY25,0,0,0,0
500510,Q3FY23,0,0,0,0
500510,Q3FY24,0,0,0,0
500510,Q3FY25,0,0,0,0
500510,Q4FY23,0,0,0,0
500510,Q4FY24,0,0,0,0
500510,Q4FY25,0,0,0,0
500520,Q1FY23,0,0,1,0
500520,Q1FY24,0,0,0,0
500520,Q1FY25,0,0,0,0
500520,Q2FY23,0,0,1,0
500520,Q2FY24,0,0,0,0
500520,Q2FY25,0,0,0,0
500520,Q3FY23,0,0,0,0
500520,Q3FY24,0,0,0,0
500520,Q3FY25,0,0,0,0
500520,Q4FY23,0,0,0,1
500520,Q4FY24,0,0,0,0
500520,Q4FY25,0,0,0,0
500530,Q1FY23,0,0,1,0
500530,Q1FY24,1,0,0,0
500530,Q1FY25,0,0,0,0
500530,Q2FY23,0,0,0,0
500530,Q2FY24,0,0,0,0
500530,Q2FY25,0,0,0,0
500530,Q3FY23,0,0,0,0
500530,Q3FY24,0,0,0,0
500530,Q3FY25,0,0,0,0
500530,Q4FY23,0,0,0,0
500530,Q4FY24,0,0,0,0
500530,Q4FY25,0,0,0,0
500570,Q1FY23,0,0,1,0
500570,Q1FY24,0,0,0,0
500570,Q1FY25,0,0,0,0
500570,Q2FY23,0,0,0,0
500570,Q2FY24,0,0,0,0
500570,Q2FY25,0,0,0,0
500570,Q3FY23,0,0,0,0
500570,Q3FY24,0,0,0,0
500570,Q3FY25,0,0,0,0
500570,Q4FY23,0,0,0,0
500570,Q4FY24,0,0,0,0
500570,Q4FY25,0,0,0,0
500645,Q1FY23,0,0,0,0
500645,Q1FY24,0,0,0,0
500645,Q1FY25,0,0,0,0
500645,Q2FY23,0,0,0,0
500645,Q2FY24,0,0,0,0
500645,Q2FY25,0,0,0,0
500645,Q3FY23,0,0,0,0
500645,Q3FY24,0,0,0,0
500645,Q3FY25,0,0,0,0
500645,Q4FY23,0,0,0,0
500645,Q4FY24,0,0,1,0
500645,Q4FY25,0,0,0,0
500710,Q1FY23,0,0,0,0
500710,Q1FY24,0,0,0,0
500710,Q1FY25,0,0,0,0
500710,Q2FY23,0,0,0,0
500710,Q2FY24,0,0,0,0
500710,Q2FY25,0,0,0,0
500710,Q3FY23,0,0,0,0
500710,Q3FY24,0,0,0,0
500710,Q3FY25,2,0,0,0
500710,Q4FY23,0,0,0,0
500710,Q4FY24,0,0,0,0
500710,Q4FY25,0,0,0,0
500790,Q1FY23,1,0,0,0
500790,Q1FY24,0,0,0,0
500790,Q1FY25,0,0,0,0
500790,Q2FY23,0,0,0,0
500790,Q2FY24,0,0,0,0
500790,Q2FY25,0,0,0,0
500790,Q3FY23,0,0,0,0
500790,Q3FY24,0,0,0,0
500790,Q3FY25,0,0,0,0
500790,Q4FY23,0,0,0,0
500790,Q4FY24,0,0,0,0
500790,Q4FY25,0,0,0,0
500800,Q1FY23,0,0,1,0
500800,Q1FY24,0,0,0,0
500800,Q1FY25,0,0,0,0
500800,Q2FY23,0,0,0,0
500800,Q2FY24,0,0,0,0
500800,Q2FY25,1,0,0,0
500800,Q3FY23,0,0,0,0
500800,Q3FY24,0,0,0,0
500800,Q3FY25,0,0,0,0
500800,Q4FY23,0,0,0,0
500800,Q4FY24,0,0,0,0
500800,Q4FY25,0,0,0,0
500830,Q1FY23,0,0,1,0
500830,Q1FY24,0,0,0,0
500830,Q1FY25,0,0,0,0
500830,Q2FY23,0,0,0,0
500830,Q2FY24,0,0,0,0
500830,Q2FY25,0,0,0,0
500830,Q3FY23,0,0,0,0
500830,Q3FY24,0,0,0,0
500830,Q3FY25,0,0,0,0
500830,Q4FY23,0,0,0,0
500830,Q4FY24,0,0,0,0
500830,Q4FY25,0,0,0,0
500850,Q1FY23,0,0,1,0
500850,Q1FY24,0,0,0,0
500850,Q1FY25,0,0,0,0
500850,Q2FY23,0,0,0,0
500850,Q2FY24,0,0,0,2
500850,Q2FY25,0,0,0,0
500850,Q3FY23,0,0,0,1
500850,Q3FY24,0,0,0,0
500850,Q3FY25,0,0,0,0
500850,Q4FY23,0,0,0,0
500850,Q4FY24,0,0,0,0
500850,Q4FY25,0,0,0,0
500877,Q1FY23,0,0,0,0
500877,Q1FY24,0,0,0,0
500877,Q1FY25,0,0,0,0
500877,Q2FY23,0,0,0,0
500877,Q2FY24,0,0,0,0
500877,Q2FY25,0,0,0,0
500877,Q3FY23,0,0,0,0
500877,Q3FY24,0,0,0,0
500877,Q3FY25,0,0,0,0
500877,Q4FY23,0,0,0,0
500877,Q4FY24,0,0,0,0
500877,Q4FY25,0,0,0,0
503100,Q1FY23,0,0,0,0
503100,Q1FY24,0,0,0,0
503100,Q1FY25,0,0,0,0
503100,Q2FY23,0,0,1,0
503100,Q2FY24,0,0,0,0
503100,Q2FY25,0,0,1,0
503100,Q3FY23,0,0,0,0
503100,Q3FY24,0,0,0,0
503100,Q3FY25,0,0,0,0
503100,Q4FY23,0,0,0,0
503100,Q4FY24,0,0,0,0
503100,Q4FY25,0,0,0,0
503806,Q1FY23,2,0,0,0
503806,Q1FY24,0,0,0,0
503806,Q1FY25,0,0,0,0
503806,Q2FY23,0,0,0,0
503806,Q2FY24,0,0,0,0
503806,Q2FY25,0,0,0,0
503806,Q3FY23,0,0,0,0
503806,Q3FY24,0,0,0,0
503806,Q3FY25,0,0,0,0
503806,Q4FY23,0,0,0,0
503806,Q4FY24,0,0,0,0
503806,Q4FY25,0,0,0,0
504614,Q1FY23,0,0,0,0
504614,Q1FY24,0,0,0,0
504614,Q1FY25,0,0,0,0
504614,Q2FY23,0,0,0,0
504614,Q2FY24,0,0,0,0
504614,Q2FY25,0,0,0,0
504614,Q3FY23,0,0,0,0
504614,Q3FY24,0,0,0,0
504614,Q3FY25,0,0,0,0
504614,Q4FY23,0,0,0,0
504614,Q4FY24,0,0,0,0
504614,Q4FY25,0,0,0,0
506285,Q1FY23,0,0,1,0
506285,Q1FY24,0,0,0,0
506285,Q1FY25,0,0,0,0
506285,Q2FY23,0,0,0,0
506285,Q2FY24,0,0,0,0
506285,Q2FY25,0,0,0,0
506285,Q3FY23,0,0,0,0
506285,Q3FY24,0,0,0,0
506285,Q3FY25,0,0,0,0
506285,Q4FY23,0,0,0,0
506285,Q4FY24,1,0,0,0
506285,Q4FY25,1,0,0,0
506401,Q1FY23,0,0,0,0
506401,Q1FY24,0,0,0,2
506401,Q1FY25,0,0,0,0
506401,Q2FY23,0,0,0,0
506401,Q2FY24,0,0,0,0
506401,Q2FY25,0,0,0,0
506401,Q3FY23,0,0,0,0
506401,Q3FY24,0,0,0,0
506401,Q3FY25,0,0,0,0
506401,Q4FY23,0,0,0,0
506401,Q4FY24,0,0,0,0
506401,Q4FY25,0,0,0,0
506943,Q1FY23,0,0,0,0
506943,Q1FY24,0,0,0,0
506943,Q1FY25,0,0,0,0
506943,Q2FY23,0,0,0,0
506943,Q2FY24,0,0,0,0
506943,Q2FY25,0,0,0,0
506943,Q3FY23,0,0,0,0
506943,Q3FY24,0,0,0,0
506943,Q3FY25,0,0,0,0
506943,Q4FY23,0,0,0,0
506943,Q4FY24,0,0,0,0
506943,Q4FY25,0,0,0,0
509930,Q1FY23,0,0,0,0
509930,Q1FY24,0,0,0,0
509930,Q1FY25,0,0,0,0
509930,Q2FY23,0,0,0,0
509930,Q2FY24,0,0,0,0
509930,Q2FY25,0,0,0,0
509930,Q3FY23,0,0,0,0
509930,Q3FY24,0,0,0,0
509930,Q3FY25,0,0,0,0
509930,Q4FY23,0,0,0,0
509930,Q4FY24,0,0,0,0
509930,Q4FY25,0,0,0,0
511243,Q1FY23,0,0,0,0
511243,Q1FY24,0,0,0,0
511243,Q1FY25,0,0,0,0
511243,Q2FY23,0,0,0,0
511243,Q2FY24,0,0,0,0
511243,Q2FY25,0,0,0,0
511243,Q3FY23,0,0,0,0
511243,Q3FY24,0,0,0,0
511243,Q3FY25,0,0,0,0
511243,Q4FY23,1,1,0,0
511243,Q4FY24,2,0,1,0
511243,Q4FY25,0,0,0,0
513683,Q1FY23,0,0,0,0
513683,Q1FY24,0,0,0,0
513683,Q1FY25,0,0,0,0
513683,Q2FY23,0,0,1,0
513683,Q2FY24,0,0,1,0
513683,Q2FY25,0,0,0,0
513683,Q3FY23,0,0,0,0
513683,Q3FY24,0,0,0,0
513683,Q3FY25,0,0,1,0
513683,Q4FY23,0,0,0,0
513683,Q4FY24,1,0,0,1
513683,Q4FY25,0,0,0,2
515055,Q1FY23,0,0,1,0
515055,Q1FY24,0,0,0,0
515055,Q1FY25,0,0,0,0
515055,Q2FY23,0,0,0,0
515055,Q2FY24,0,0,0,0
515055,Q2FY25,0,0,0,0
515055,Q3FY23,0,0,0,0
515055,Q3FY24,0,0,0,0
515055,Q3FY25,0,0,0,1
515055,Q4FY23,0,0,0,0
515055,Q4FY24,0,0,0,0
515055,Q4FY25,0,0,0,0
517174,Q1FY23,0,0,0,0
517174,Q1FY24,0,0,0,0
517174,Q1FY25,0,0,0,0
517174,Q2FY23,0,0,0,0
517174,Q2FY24,0,0,0,0
517174,Q2FY25,0,0,0,0
517174,Q3FY23,0,0,0,0
517174,Q3FY24,0,0,0,0
517174,Q3FY25,0,0,0,0
517174,Q4FY23,0,0,0,0
517174,Q4FY24,0,0,0,0
517174,Q4FY25,0,0,1,0
520056,Q1FY23,0,0,0,0
520056,Q1FY24,0,0,0,0
520056,Q1FY25,0,0,1,1
520056,Q2FY23,0,0,0,0
520056,Q2FY24,0,0,0,0
520056,Q2FY25,0,0,1,0
520056,Q3FY23,0,0,0,0
520056,Q3FY24,0,0,0,3
520056,Q3FY25,0,0,0,0
520056,Q4FY23,0,0,0,0
520056,Q4FY24,0,0,0,0
520056,Q4FY25,0,0,0,0
521064,Q1FY23,0,0,1,0
521064,Q1FY24,0,0,0,0
521064,Q1FY25,0,0,0,1
521064,Q2FY23,0,0,0,0
521064,Q2FY24,0,0,1,0
521064,Q2FY25,0,0,0,0
521064,Q3FY23,0,0,0,0
521064,Q3FY24,0,0,0,0
521064,Q3FY25,0,0,0,0
521064,Q4FY23,0,0,0,0
521064,Q4FY24,0,0,0,0
521064,Q4FY25,0,0,0,0
524715,Q1FY23,0,0,0,0
524715,Q1FY24,0,0,0,0
524715,Q1FY25,0,0,0,0
524715,Q2FY23,0,0,0,0
524715,Q2FY24,0,0,0,0
524715,Q2FY25,0,0,0,0
524715,Q3FY23,0,0,0,0
524715,Q3FY24,0,0,0,0
524715,Q3FY25,0,0,0,0
524715,Q4FY23,0,0,0,0
524715,Q4FY24,0,0,0,0
524715,Q4FY25,0,0,0,0
526299,Q1FY23,0,0,0,0
526299,Q1FY24,0,0,0,0
526299,Q1FY25,0,0,0,0
526299,Q2FY23,0,0,0,0
526299,Q2FY24,0,0,0,0
526299,Q2FY25,0,0,0,0
526299,Q3FY23,0,0,0,0
526299,Q3FY24,0,0,0,0
526299,Q3FY25,0,0,0,0
526299,Q4FY23,0,0,0,0
526299,Q4FY24,0,0,0,0
526299,Q4FY25,0,0,0,0
531531,Q1FY23,0,0,0,0
531531,Q1FY24,0,0,0,0
531531,Q1FY25,0,0,0,0
531531,Q2FY23,0,0,0,0
531531,Q2FY24,0,0,0,0
531531,Q2FY25,0,0,0,0
531531,Q3FY23,0,0,0,0
531531,Q3FY24,0,0,0,0
531531,Q3FY25,0,0,0,0
531531,Q4FY23,0,0,0,0
531531,Q4FY24,0,0,0,0
531531,Q4FY25,0,0,0,0
531642,Q1FY23,0,0,1,0
531642,Q1FY24,0,0,0,0
531642,Q1FY25,0,0,0,0
531642,Q2FY23,0,0,0,0
531642,Q2FY24,0,0,0,0
531642,Q2FY25,0,0,0,0
531642,Q3FY23,0,0,0,0
531642,Q3FY24,0,0,0,0
531642,Q3FY25,0,0,0,0
531642,Q4FY23,0,0,0,0
531642,Q4FY24,0,0,0,0
531642,Q4FY25,0,0,0,0
532181,Q1FY23,0,0,0,0
532181,Q1FY24,0,0,0,0
532181,Q1FY25,0,0,0,0
532181,Q2FY23,0,0,0,0
532181,Q2FY24,0,0,0,0
532181,Q2FY25,0,0,0,0
532181,Q3FY23,0,0,0,0
532181,Q3FY24,0,0,0,0
532181,Q3FY25,0,0,0,0
532181,Q4FY23,0,0,0,0
532181,Q4FY24,0,0,0,0
532181,Q4FY25,0,0,0,0
532286,Q1FY23,0,0,0,0
532286,Q1FY24,0,0,0,0
532286,Q1FY25,0,0,0,0
532286,Q2FY23,0,0,0,0
532286,Q2FY24,0,0,0,0
532286,Q2FY25,0,0,0,0
532286,Q3FY23,0,0,0,0
532286,Q3FY24,0,0,0,0
532286,Q3FY25,0,0,0,0
532286,Q4FY23,0,0,0,0
532286,Q4FY24,0,0,0,0
532286,Q4FY25,0,0,0,0
532300,Q1FY23,0,0,0,0
532300,Q1FY24,0,0,0,0
532300,Q1FY25,0,0,1,0
532300,Q2FY23,0,0,0,0
532300,Q2FY24,0,0,0,0
532300,Q2FY25,0,0,0,0
532300,Q3FY23,0,0,0,1
532300,Q3FY24,0,0,0,0
532300,Q3FY25,0,0,0,0
532300,Q4FY23,0,0,0,0
532300,Q4FY24,0,0,0,0
532300,Q4FY25,0,0,0,0
532477,Q1FY23,0,0,0,0
532477,Q1FY24,0,0,0,0
532477,Q1FY25,0,0,0,0
532477,Q2FY23,0,0,0,0
532477,Q2FY24,0,0,1,0
532477,Q2FY25,0,0,0,0
532477,Q3FY23,0,0,1,0
532477,Q3FY24,0,0,0,0
532477,Q3FY25,0,0,1,0
532477,Q4FY23,0,0,0,0
532477,Q4FY24,0,0,0,0
532477,Q4FY25,0,0,0,0
532497,Q1FY23,0,0,0,0
532497,Q1FY24,0,0,0,0
532497,Q1FY25,0,0,0,0
532497,Q2FY23,0,0,0,0
532497,Q2FY24,0,0,0,0
532497,Q2FY25,0,0,0,0
532497,Q3FY23,0,0,0,0
532497,Q3FY24,0,0,0,0
532497,Q3FY25,0,0,0,0
532497,Q4FY23,0,0,0,0
532497,Q4FY24,0,0,0,0
532497,Q4FY25,0,0,0,0
532522,Q1FY23,0,0,0,0
532522,Q1FY24,0,0,0,0
532522,Q1FY25,0,0,0,0
532522,Q2FY23,0,0,1,0
532522,Q2FY24,0,0,0,0
532522,Q2FY25,0,0,0,0
532522,Q3FY23,0,0,0,0
532522,Q3FY24,0,0,0,0
532522,Q3FY25,0,0,0,0
532522,Q4FY23,0,0,0,0
532522,Q4FY24,0,0,0,0
532522,Q4FY25,0,0,0,0
532541,Q1FY23,0,0,1,0
532541,Q1FY24,0,0,0,0
532541,Q1FY25,0,0,0,0
532541,Q2FY23,0,0,1,0
532541,Q2FY24,0,0,0,0
532541,Q2FY25,0,0,0,0
532541,Q3FY23,0,0,0,0
532541,Q3FY24,0,0,0,0
532541,Q3FY25,0,0,0,0
532541,Q4FY23,0,0,0,0
532541,Q4FY24,0,0,0,0
532541,Q4FY25,0,0,0,0
532636,Q1FY23,0,0,0,0
532636,Q1FY24,0,0,0,0
532636,Q1FY25,0,0,1,1
532636,Q2FY23,2,0,0,0
532636,Q2FY24,0,0,0,1
532636,Q2FY25,0,0,0,2
532636,Q3FY23,0,0,0,0
532636,Q3FY24,0,0,0,0
532636,Q3FY25,0,0,0,1
532636,Q4FY23,0,0,0,0
532636,Q4FY24,0,0,0,1
532636,Q4FY25,0,0,0,1
532648,Q1FY23,0,0,0,0
532648,Q1FY24,0,0,0,0
532648,Q1FY25,0,0,0,0
532648,Q2FY23,0,0,0,0
532648,Q2FY24,0,0,0,1
532648,Q2FY25,0,0,0,0
532648,Q3FY23,0,0,0,0
532648,Q3FY24,0,0,0,0
532648,Q3FY25,0,0,0,0
532648,Q4FY23,0,0,0,0
532648,Q4FY24,0,0,0,0
532648,Q4FY25,0,0,0,0
532809,Q1FY23,0,0,0,0
532809,Q1FY24,0,0,0,0
532809,Q1FY25,0,0,0,0
532809,Q2FY23,0,0,0,0
532809,Q2FY24,0,0,0,0
532809,Q2FY25,0,0,0,0
532809,Q3FY23,0,0,0,0
532809,Q3FY24,0,0,0,0
532809,Q3FY25,0,0,0,0
532809,Q4FY23,0,0,0,0
532809,Q4FY24,0,0,0,0
532809,Q4FY25,0,0,0,0
532927,Q1FY23,0,0,0,0
532927,Q1FY24,0,0,0,0
532927,Q1FY25,0,0,0,0
532927,Q2FY23,3,0,0,0
532927,Q2FY24,0,0,0,0
532927,Q2FY25,0,0,1,0
532927,Q3FY23,0,0,0,0
532927,Q3FY24,0,0,0,0
532927,Q3FY25,0,0,0,0
532927,Q4FY23,0,0,0,0
532927,Q4FY24,0,0,1,0
532927,Q4FY25,0,0,0,0
532929,Q1FY23,0,0,0,0
532929,Q1FY24,0,0,0,0
532929,Q1FY25,0,0,0,0
532929,Q2FY23,0,0,0,0
532929,Q2FY24,0,0,0,0
532929,Q2FY25,0,0,1,0
532929,Q3FY23,0,0,0,0
532929,Q3FY24,0,0,0,0
532929,Q3FY25,0,0,0,0
532929,Q4FY23,0,0,0,0
532929,Q4FY24,0,0,0,0
532929,Q4FY25,0,0,0,0
532939,Q1FY23,0,0,0,0
532939,Q1FY24,0,0,0,0
532939,Q1FY25,0,0,0,0
532939,Q2FY23,1,0,0,0
532939,Q2FY24,0,0,0,0
532939,Q2FY25,0,0,0,0
532939,Q3FY23,0,0,0,0
532939,Q3FY24,0,0,0,0
532939,Q3FY25,2,0,0,0
532939,Q4FY23,0,0,0,0
532939,Q4FY24,0,0,0,0
532939,Q4FY25,0,0,0,0
533098,Q1FY23,0,0,0,0
533098,Q1FY24,0,0,0,0
533098,Q1FY25,0,0,0,0
533098,Q2FY23,0,0,1,0
533098,Q2FY24,0,0,1,0
533098,Q2FY25,0,0,1,0
533098,Q3FY23,0,0,0,0
533098,Q3FY24,0,0,0,0
533098,Q3FY25,0,0,0,0
533098,Q4FY23,0,0,0,0
533098,Q4FY24,0,0,0,0
533098,Q4FY25,0,0,0,0
533106,Q1FY23,0,0,0,0
533106,Q1FY24,0,0,0,0
533106,Q1FY25,0,0,0,0
533106,Q2FY23,0,0,1,0
533106,Q2FY24,0,0,1,0
533106,Q2FY25,0,0,1,0
533106,Q3FY23,0,0,0,0
533106,Q3FY24,0,0,0,0
533106,Q3FY25,0,0,0,0
533106,Q4FY23,0,0,0,0
533106,Q4FY24,1,0,0,0
533106,Q4FY25,0,0,0,0
533293,Q1FY23,0,0,0,0
533293,Q1FY24,0,0,0,0
533293,Q1FY25,0,0,0,0
533293,Q2FY23,0,0,0,0
533293,Q2FY24,0,0,0,0
533293,Q2FY25,0,0,0,0
533293,Q3FY23,0,0,0,0
533293,Q3FY24,0,0,0,0
533293,Q3FY25,0,0,0,0
533293,Q4FY23,0,0,0,0
533293,Q4FY24,0,0,0,0
533293,Q4FY25,0,0,0,0
533573,Q1FY23,0,0,0,0
533573,Q1FY24,0,0,0,0
533573,Q1FY25,0,0,0,0
533573,Q2FY23,0,0,0,0
533573,Q2FY24,0,0,0,0
533573,Q2FY25,0,0,0,0
533573,Q3FY23,0,0,0,0
533573,Q3FY24,0,0,0,0
533573,Q3FY25,0,0,0,0
533573,Q4FY23,0,0,0,0
533573,Q4FY24,0,0,0,0
533573,Q4FY25,0,0,0,0
534816,Q1FY23,0,0,0,0
534816,Q1FY24,0,0,0,0
534816,Q1FY25,0,0,0,0
534816,Q2FY23,0,0,0,0
534816,Q2FY24,0,0,0,0
534816,Q2FY25,1,0,0,0
534816,Q3FY23,0,0,0,0
534816,Q3FY24,0,0,0,0
534816,Q3FY25,0,0,0,0
534816,Q4FY23,0,0,0,0
534816,Q4FY24,0,0,0,0
534816,Q4FY25,0,0,0,1
539268,Q1FY23,0,0,0,0
539268,Q1FY24,0,0,0,0
539268,Q1FY25,0,0,0,0
539268,Q2FY23,0,0,0,0
539268,Q2FY24,0,0,0,0
539268,Q2FY25,0,0,0,0
539268,Q3FY23,0,0,0,1
539268,Q3FY24,0,0,0,0
539268,Q3FY25,0,0,0,0
539268,Q4FY23,0,0,0,0
539268,Q4FY24,0,0,0,0
539268,Q4FY25,0,0,0,0
539523,Q1FY23,0,0,0,0
539523,Q1FY24,0,0,0,0
539523,Q1FY25,1,0,1,0
539523,Q2FY23,1,0,0,0
539523,Q2FY24,0,0,0,0
539523,Q2FY25,0,0,0,0
539523,Q3FY23,0,0,0,0
539523,Q3FY24,0,0,0,0
539523,Q3FY25,0,0,0,0
539523,Q4FY23,0,0,0,0
539523,Q4FY24,0,0,0,0
539523,Q4FY25,0,0,0,0
539551,Q1FY23,0,0,0,0
539551,Q1FY24,0,0,0,0
539551,Q1FY25,0,0,0,0
539551,Q2FY23,0,0,0,0
539551,Q2FY24,0,0,0,0
539551,Q2FY25,0,0,0,0
539551,Q3FY23,0,0,0,0
539551,Q3FY24,0,0,0,0
539551,Q3FY25,0,0,0,0
539551,Q4FY23,0,0,0,0
539551,Q4FY24,0,0,0,0
539551,Q4FY25,0,0,0,0
540173,Q1FY23,0,0,0,0
540173,Q1FY24,0,0,0,0
540173,Q1FY25,0,0,0,0
540173,Q2FY23,0,0,0,0
540173,Q2FY24,0,0,0,0
540173,Q2FY25,0,0,0,0
540173,Q3FY23,0,0,0,0
540173,Q3FY24,0,0,0,0
540173,Q3FY25,0,0,0,2
540173,Q4FY23,0,0,0,0
540173,Q4FY24,0,0,0,0
540173,Q4FY25,0,0,0,0
540596,Q1FY23,0,0,0,0
540596,Q1FY24,0,0,0,0
540596,Q1FY25,0,0,0,0
540596,Q2FY23,1,0,0,0
540596,Q2FY24,0,0,0,0
540596,Q2FY25,0,0,0,0
540596,Q3FY23,0,0,0,0
540596,Q3FY24,0,0,0,0
540596,Q3FY25,0,0,0,0
540596,Q4FY23,0,0,0,0
540596,Q4FY24,0,0,0,0
540596,Q4FY25,0,0,0,0
540678,Q1FY23,0,0,0,0
540678,Q1FY24,0,0,0,0
540678,Q1FY25,1,0,0,0
540678,Q2FY23,0,0,0,0
540678,Q2FY24,0,0,0,0
540678,Q2FY25,0,0,0,0
540678,Q3FY23,0,0,1,0
540678,Q3FY24,0,0,0,0
540678,Q3FY25,0,0,0,0
540678,Q4FY23,0,0,0,0
540678,Q4FY24,0,0,0,0
540678,Q4FY25,0,0,0,0
540902,Q1FY23,1,0,0,0
540902,Q1FY24,0,0,0,0
540902,Q1FY25,0,0,0,0
540902,Q2FY23,0,0,1,0
540902,Q2FY24,0,0,0,0
540902,Q2FY25,0,0,0,0
540902,Q3FY23,0,0,0,0
540902,Q3FY24,0,0,0,0
540902,Q3FY25,0,0,0,0
540902,Q4FY23,0,0,0,0
540902,Q4FY24,0,0,0,0
540902,Q4FY25,0,0,0,0
540975,Q1FY23,0,0,0,0
540975,Q1FY24,1,0,0,0
540975,Q1FY25,1,0,0,0
540975,Q2FY23,0,0,0,0
540975,Q2FY24,0,0,0,0
540975,Q2FY25,0,0,0,0
540975,Q3FY23,0,0,0,0
540975,Q3FY24,0,0,0,0
540975,Q3FY25,0,0,0,0
540975,Q4FY23,0,0,0,0
540975,Q4FY24,0,0,0,0
540975,Q4FY25,0,0,0,0
541557,Q1FY23,0,0,1,0
541557,Q1FY24,0,0,0,0
541557,Q1FY25,0,0,0,0
541557,Q2FY23,0,0,0,0
541557,Q2FY24,0,0,0,0
541557,Q2FY25,0,0,0,0
541557,Q3FY23,0,0,0,0
541557,Q3FY24,0,0,0,0
541557,Q3FY25,0,0,0,0
541557,Q4FY23,0,0,0,0
541557,Q4FY24,0,0,0,0
541557,Q4FY25,0,0,0,0
541956,Q1FY23,0,0,0,0
541956,Q1FY24,0,0,0,0
541956,Q1FY25,0,0,0,0
541956,Q2FY23,0,0,0,0
541956,Q2FY24,0,0,1,0
541956,Q2FY25,0,0,1,0
541956,Q3FY23,0,0,0,0
541956,Q3FY24,0,0,0,0
541956,Q3FY25,0,0,0,0
541956,Q4FY23,0,0,0,0
541956,Q4FY24,0,0,0,0
541956,Q4FY25,0,0,0,0
542011,Q1FY23,1,0,0,0
542011,Q1FY24,0,0,0,0
542011,Q1FY25,0,0,0,0
542011,Q2FY23,0,0,1,0
542011,Q2FY24,0,0,1,0
542011,Q2FY25,0,0,1,0
542011,Q3FY23,0,0,0,0
542011,Q3FY24,0,0,0,0
542011,Q3FY25,0,0,0,0
542011,Q4FY23,0,0,0,0
542011,Q4FY24,0,0,0,0
542011,Q4FY25,0,0,0,0
542066,Q1FY23,0,0,0,0
542066,Q1FY24,0,0,1,0
542066,Q1FY25,0,0,0,0
542066,Q2FY23,0,0,0,0
542066,Q2FY24,0,0,0,0
542066,Q2FY25,0,0,0,0
542066,Q3FY23,0,0,0,0
542066,Q3FY24,0,0,0,0
542066,Q3FY25,0,0,0,0
542066,Q4FY23,0,0,0,0
542066,Q4FY24,0,0,0,0
542066,Q4FY25,0,0,0,0
542141,Q1FY23,0,0,0,0
542141,Q1FY24,0,0,0,0
542141,Q1FY25,0,0,0,0
542141,Q2FY23,0,0,0,0
542141,Q2FY24,0,0,0,0
542141,Q2FY25,0,0,0,0
542141,Q3FY23,0,0,0,0
542141,Q3FY24,0,0,0,0
542141,Q3FY25,0,0,0,0
542141,Q4FY23,0,0,0,0
542141,Q4FY24,0,0,0,0
542141,Q4FY25,0,0,0,0
542752,Q1FY23,0,0,0,0
542752,Q1FY24,0,0,0,0
542752,Q1FY25,0,0,0,0
542752,Q2FY23,0,0,0,0
542752,Q2FY24,0,0,1,0
542752,Q2FY25,1,0,0,0
542752,Q3FY23,0,0,0,0
542752,Q3FY24,0,0,0,0
542752,Q3FY25,0,0,0,0
542752,Q4FY23,0,0,0,0
542752,Q4FY24,0,0,0,0
542752,Q4FY25,1,0,0,0
542812,Q1FY23,0,0,0,0
542812,Q1FY24,0,0,0,0
542812,Q1FY25,0,0,0,0
542812,Q2FY23,0,0,0,0
542812,Q2FY24,0,0,0,0
542812,Q2FY25,0,0,1,0
542812,Q3FY23,0,0,0,0
542812,Q3FY24,0,0,0,0
542812,Q3FY25,0,0,0,0
542812,Q4FY23,0,0,0,0
542812,Q4FY24,0,0,0,0
542812,Q4FY25,0,0,0,0
543064,Q1FY23,0,0,0,0
543064,Q1FY24,0,0,0,0
543064,Q1FY25,0,0,0,0
543064,Q2FY23,0,0,0,0
543064,Q2FY24,0,0,0,0
543064,Q2FY25,0,0,1,0
543064,Q3FY23,0,0,0,0
543064,Q3FY24,0,0,0,0
543064,Q3FY25,0,0,0,0
543064,Q4FY23,0,0,0,0
543064,Q4FY24,0,0,0,0
543064,Q4FY25,0,0,0,0
543187,Q1FY23,0,0,0,0
543187,Q1FY24,2,0,0,0
543187,Q1FY25,0,0,0,0
543187,Q2FY23,0,0,0,0
543187,Q2FY24,0,0,0,0
543187,Q2FY25,0,0,0,0
543187,Q3FY23,0,0,0,0
543187,Q3FY24,0,0,0,0
543187,Q3FY25,0,0,0,0
543187,Q4FY23,0,0,0,0
543187,Q4FY24,0,0,0,0
543187,Q4FY25,0,0,0,0
543235,Q1FY23,0,0,0,0
543235,Q1FY24,0,0,0,0
543235,Q1FY25,0,0,0,0
543235,Q2FY23,0,0,0,0
543235,Q2FY24,0,0,0,0
543235,Q2FY25,0,0,0,0
543235,Q3FY23,0,0,0,0
543235,Q3FY24,0,0,0,0
543235,Q3FY25,0,0,0,0
543235,Q4FY23,0,0,0,0
543235,Q4FY24,0,0,0,1
543235,Q4FY25,0,0,0,0
543238,Q1FY23,0,0,0,0
543238,Q1FY24,0,0,0,0
543238,Q1FY25,0,0,0,0
543238,Q2FY23,0,0,0,0
543238,Q2FY24,0,0,0,0
543238,Q2FY25,0,0,0,0
543238,Q3FY23,0,0,0,0
543238,Q3FY24,0,0,0,0
543238,Q3FY25,1,0,0,0
543238,Q4FY23,0,0,0,0
543238,Q4FY24,0,0,0,0
543238,Q4FY25,0,0,0,0
543245,Q1FY23,0,0,0,0
543245,Q1FY24,0,0,0,0
543245,Q1FY25,0,0,0,0
543245,Q2FY23,0,0,0,0
543245,Q2FY24,0,0,1,0
543245,Q2FY25,0,0,0,0
543245,Q3FY23,0,0,0,0
543245,Q3FY24,0,0,0,0
543245,Q3FY25,0,0,0,0
543245,Q4FY23,0,0,1,0
543245,Q4FY24,0,0,0,0
543245,Q4FY25,0,0,0,0
543257,Q1FY23,0,0,0,0
543257,Q1FY24,0,0,0,0
543257,Q1FY25,0,0,0,0
543257,Q2FY23,0,0,0,0
543257,Q2FY24,0,0,1,0
543257,Q2FY25,0,0,1,0
543257,Q3FY23,0,0,1,0
543257,Q3FY24,0,0,0,0
543257,Q3FY25,0,0,0,0
543257,Q4FY23,0,0,0,0
543257,Q4FY24,0,0,0,0
543257,Q4FY25,0,0,0,0
543276,Q1FY23,0,0,0,0
543276,Q1FY24,0,0,0,0
543276,Q1FY25,0,0,1,0
543276,Q2FY23,0,0,0,0
543276,Q2FY24,0,0,0,0
543276,Q2FY25,0,0,0,0
543276,Q3FY23,0,0,0,0
543276,Q3FY24,0,0,0,0
543276,Q3FY25,0,0,0,0
543276,Q4FY23,0,0,0,0
543276,Q4FY24,0,0,0,0
543276,Q4FY25,0,0,0,0
543299,Q1FY23,0,0,0,0
543299,Q1FY24,0,0,0,0
543299,Q1FY25,0,0,0,0
543299,Q2FY23,0,0,0,0
543299,Q2FY24,3,0,1,0
543299,Q2FY25,0,0,0,0
543299,Q3FY23,0,0,0,0
543299,Q3FY24,0,0,0,0
543299,Q3FY25,0,0,0,0
543299,Q4FY23,4,0,0,0
543299,Q4FY24,0,0,0,0
543299,Q4FY25,0,0,0,0
543300,Q1FY23,0,0,0,0
543300,Q1FY24,0,0,0,0
543300,Q1FY25,0,0,0,0
543300,Q2FY23,0,0,0,0
543300,Q2FY24,0,0,0,0
543300,Q2FY25,0,0,0,0
543300,Q3FY23,0,0,0,0
543300,Q3FY24,0,0,0,0
543300,Q3FY25,0,0,0,0
543300,Q4FY23,0,0,0,0
543300,Q4FY24,0,0,0,0
543300,Q4FY25,0,0,0,0
543320,Q1FY23,0,0,0,0
543320,Q1FY24,0,0,1,0
543320,Q1FY25,0,0,1,0
543320,Q2FY23,0,0,0,0
543320,Q2FY24,0,0,1,0
543320,Q2FY25,0,0,1,0
543320,Q3FY23,0,0,0,0
543320,Q3FY24,0,0,0,0
543320,Q3FY25,1,0,0,0
543320,Q4FY23,0,0,0,0
543320,Q4FY24,0,0,0,0
543320,Q4FY25,0,0,0,0
543330,Q1FY23,0,0,1,0
543330,Q1FY24,0,0,0,0
543330,Q1FY25,0,0,0,0
543330,Q2FY23,0,0,0,0
543330,Q2FY24,0,0,0,0
543330,Q2FY25,0,0,0,0
543330,Q3FY23,0,0,0,0
543330,Q3FY24,0,0,0,0
543330,Q3FY25,0,0,0,0
543330,Q4FY23,0,0,0,0
543330,Q4FY24,0,0,0,0
543330,Q4FY25,0,0,0,0
543334,Q1FY23,0,0,0,0
543334,Q1FY24,0,0,0,0
543334,Q1FY25,0,0,0,0
543334,Q2FY23,0,0,0,0
543334,Q2FY24,1,1,0,0
543334,Q2FY25,0,0,0,0
543334,Q3FY23,0,0,0,0
543334,Q3FY24,0,0,0,0
543334,Q3FY25,0,0,0,0
543334,Q4FY23,0,0,0,0
543334,Q4FY24,0,0,0,0
543334,Q4FY25,0,0,0,0
543415,Q1FY23,0,0,1,0
543415,Q1FY24,0,0,0,0
543415,Q1FY25,0,0,0,0
543415,Q2FY23,0,0,0,0
543415,Q2FY24,0,0,0,0
543415,Q2FY25,0,0,0,0
543415,Q3FY23,0,0,0,0
543415,Q3FY24,0,0,0,0
543415,Q3FY25,0,0,0,0
543415,Q4FY23,0,0,0,0
543415,Q4FY24,0,0,0,0
543415,Q4FY25,0,0,0,0
543530,Q1FY23,0,0,0,0
543530,Q1FY24,0,0,0,0
543530,Q1FY25,0,0,0,0
543530,Q2FY23,0,0,0,0
543530,Q2FY24,0,0,0,0
543530,Q2FY25,0,0,0,0
543530,Q3FY23,0,0,0,0
543530,Q3FY24,0,0,0,0
543530,Q3FY25,0,0,0,0
543530,Q4FY23,0,0,0,0
543530,Q4FY24,0,0,0,0
543530,Q4FY25,0,0,0,0
543573,Q1FY23,0,0,0,0
543573,Q1FY24,0,0,0,0
543573,Q1FY25,0,0,0,0
543573,Q2FY23,0,0,0,0
543573,Q2FY24,0,0,0,0
543573,Q2FY25,0,0,0,0
543573,Q3FY23,0,0,0,0
543573,Q3FY24,0,0,0,0
543573,Q3FY25,0,0,0,0
543573,Q4FY23,0,0,0,0
543573,Q4FY24,0,0,0,0
543573,Q4FY25,0,0,0,0
543654,Q1FY23,0,0,0,0
543654,Q1FY24,0,0,0,0
543654,Q1FY25,0,0,0,0
543654,Q2FY23,0,0,0,0
543654,Q2FY24,0,0,0,0
543654,Q2FY25,0,0,0,0
543654,Q3FY23,0,0,0,0
543654,Q3FY24,0,0,0,0
543654,Q3FY25,0,0,0,0
543654,Q4FY23,0,0,0,0
543654,Q4FY24,0,0,0,0
543654,Q4FY25,0,0,0,0
543663,Q1FY23,0,0,0,0
543663,Q1FY24,0,0,0,0
543663,Q1FY25,0,0,1,0
543663,Q2FY23,0,0,0,0
543663,Q2FY24,0,0,0,0
543663,Q2FY25,0,0,1,0
543663,Q3FY23,0,0,0,0
543663,Q3FY24,0,0,0,0
543663,Q3FY25,0,0,0,0
543663,Q4FY23,0,0,0,0
543663,Q4FY24,0,0,0,0
543663,Q4FY25,0,0,0,0
543720,Q1FY23,0,0,0,0
543720,Q1FY24,0,0,1,0
543720,Q1FY25,0,0,0,0
543720,Q2FY23,0,0,0,0
543720,Q2FY24,0,0,0,0
543720,Q2FY25,0,0,0,0
543720,Q3FY23,0,0,0,0
543720,Q3FY24,0,0,0,0
543720,Q3FY25,0,0,0,0
543720,Q4FY23,0,0,0,0
543720,Q4FY24,0,0,0,0
543720,Q4FY25,0,0,0,0
